time,temperature_2m_max,temperature_2m_min,precipitation_sum,relative_humidity_2m_mean,wind_speed_10m_max,shortwave_radiation_sum
1990-01-01,28.0,18.9,0.0,66,9.4,15.77
1990-01-02,28.4,19.1,0.3,66,9.3,15.9
1990-01-03,28.2,19.0,0.1,60,13.9,16.3
1990-01-04,29.4,17.9,0.0,50,16.3,19.79
1990-01-05,29.0,16.2,0.0,47,18.6,20.49
1990-01-06,28.7,16.3,0.0,48,19.9,20.73
1990-01-07,25.8,16.9,0.0,42,24.7,14.04
1990-01-08,24.0,19.1,0.6,43,22.4,6.52
1990-01-09,29.8,18.3,0.0,38,18.2,19.81
1990-01-10,29.9,17.1,0.0,37,14.2,20.28
1990-01-11,29.6,17.5,0.0,40,15.1,20.73
1990-01-12,29.4,15.9,0.0,30,18.4,21.58
1990-01-13,30.0,14.4,0.0,28,13.0,21.72
1990-01-14,30.2,14.7,0.0,26,10.7,21.85
1990-01-15,30.5,14.3,0.0,28,10.6,21.83
1990-01-16,30.6,14.8,0.0,30,15.4,21.75
1990-01-17,29.6,14.3,0.0,34,10.2,21.82
1990-01-18,30.1,14.6,0.0,36,9.9,21.89
1990-01-19,31.3,15.4,0.0,32,17.2,21.99
1990-01-20,30.6,15.2,0.0,26,15.2,22.23
1990-01-21,30.6,14.0,0.0,28,15.4,22.25
1990-01-22,30.2,16.4,0.0,34,18.0,22.01
1990-01-23,29.8,15.8,0.0,35,13.0,21.97
1990-01-24,30.0,14.9,0.0,40,14.3,21.96
1990-01-25,30.3,15.3,0.0,37,13.4,22.14
1990-01-26,30.7,16.0,0.0,35,10.8,22.29
1990-01-27,31.4,14.7,0.0,31,14.0,22.76
1990-01-28,31.3,14.8,0.0,30,10.5,22.82
1990-01-29,31.2,15.4,0.0,32,13.6,22.77
1990-01-30,31.9,14.5,0.0,33,15.8,22.88
1990-01-31,31.7,15.9,0.0,30,12.1,22.86
1990-02-01,31.4,16.5,0.0,29,10.4,22.76
1990-02-02,31.7,15.4,0.0,31,10.8,23.0
1990-02-03,31.6,15.2,0.0,30,14.5,22.95
1990-02-04,31.0,16.1,0.0,30,11.0,23.06
1990-02-05,31.0,14.6,0.0,37,7.9,23.04
1990-02-06,31.3,16.2,0.0,36,14.4,22.95
1990-02-07,30.7,17.4,0.0,33,21.7,23.25
1990-02-08,29.8,15.9,0.0,36,14.1,23.42
1990-02-09,30.1,17.9,0.0,45,14.1,21.95
1990-02-10,30.4,19.7,0.0,44,15.8,20.71
1990-02-11,30.7,19.7,0.0,45,16.5,22.42
1990-02-12,31.0,18.9,0.0,43,14.8,23.04
1990-02-13,30.7,19.1,0.0,45,14.0,21.77
1990-02-14,30.7,18.3,0.0,62,14.5,19.5
1990-02-15,31.5,17.9,0.0,52,13.7,22.91
1990-02-16,31.2,15.7,0.0,51,17.7,23.71
1990-02-17,30.2,14.7,0.0,48,11.8,24.03
1990-02-18,30.8,14.7,0.0,50,15.0,24.54
1990-02-19,30.1,16.0,0.0,57,19.1,23.95
1990-02-20,28.4,12.9,0.0,55,16.7,24.75
1990-02-21,28.7,12.9,0.0,58,15.3,24.83
1990-02-22,29.6,13.6,0.0,56,12.6,24.29
1990-02-23,30.3,13.7,0.0,47,14.2,24.66
1990-02-24,30.5,15.8,0.0,52,15.1,24.55
1990-02-25,30.7,15.0,0.0,56,11.1,24.67
1990-02-26,32.1,15.8,0.0,51,12.8,24.54
1990-02-27,32.7,16.1,0.0,56,18.4,24.77
1990-02-28,32.2,16.2,0.0,59,19.1,24.45
1990-03-01,32.3,17.6,0.0,63,15.2,23.89
1990-03-02,32.3,18.0,0.0,51,19.8,24.2
1990-03-03,29.9,17.3,0.0,45,24.2,25.32
1990-03-04,29.7,15.7,0.0,57,21.2,25.25
1990-03-05,29.1,17.2,0.0,61,12.7,19.03
1990-03-06,30.6,17.9,0.0,58,15.6,22.25
1990-03-07,31.8,16.8,0.0,50,16.2,25.19
1990-03-08,32.2,17.6,0.0,44,18.7,25.86
1990-03-09,31.3,17.6,0.0,34,20.6,25.96
1990-03-10,30.9,17.0,0.0,39,18.3,25.66
1990-03-11,31.0,16.5,0.0,50,17.1,25.7
1990-03-12,31.7,16.9,0.0,50,18.3,25.6
1990-03-13,32.6,17.4,0.0,50,17.0,25.25
1990-03-14,33.1,18.5,0.0,44,15.6,25.6
1990-03-15,34.3,18.0,0.0,43,14.8,26.0
1990-03-16,34.4,20.6,0.0,38,12.2,23.16
1990-03-17,34.3,22.3,0.0,40,15.1,21.95
1990-03-18,33.6,20.2,0.0,45,13.3,23.47
1990-03-19,34.3,21.3,0.0,37,13.2,24.58
1990-03-20,35.1,20.1,0.0,37,10.1,24.0
1990-03-21,34.6,20.6,0.0,58,13.0,23.46
1990-03-22,33.1,20.7,0.0,65,17.5,21.72
1990-03-23,33.7,20.5,0.0,56,16.2,23.22
1990-03-24,33.6,20.2,0.0,31,20.8,27.16
1990-03-25,32.4,15.6,0.0,41,18.8,27.89
1990-03-26,32.2,15.0,0.0,45,22.2,27.83
1990-03-27,32.6,14.6,0.0,55,18.3,27.51
1990-03-28,33.7,17.5,0.0,61,15.5,25.33
1990-03-29,33.6,19.8,0.0,54,15.6,22.12
1990-03-30,35.4,21.4,0.0,45,16.7,25.1
1990-03-31,34.7,22.3,0.0,39,13.0,23.4
1990-04-01,35.5,20.4,0.0,32,14.1,27.22
1990-04-02,35.6,19.9,0.0,34,15.4,27.55
1990-04-03,36.0,20.3,0.0,38,16.2,27.65
1990-04-04,35.2,18.8,0.0,42,17.0,27.91
1990-04-05,34.8,17.2,0.0,49,17.8,28.04
1990-04-06,34.5,18.1,0.0,54,14.4,26.99
1990-04-07,35.6,19.2,0.0,48,17.0,27.04
1990-04-08,36.4,19.3,0.0,50,14.8,26.78
1990-04-09,36.5,22.0,0.0,48,19.1,26.17
1990-04-10,36.9,19.7,0.0,43,18.0,26.58
1990-04-11,36.7,21.2,0.0,53,21.4,27.0
1990-04-12,36.2,20.2,0.0,60,19.5,25.94
1990-04-13,36.8,21.3,0.0,58,19.1,25.17
1990-04-14,37.6,22.5,0.0,53,18.4,24.26
1990-04-15,36.8,21.2,0.0,55,19.5,25.01
1990-04-16,37.4,23.0,0.0,54,18.8,26.05
1990-04-17,37.3,20.7,0.0,55,17.3,25.03
1990-04-18,36.0,21.8,0.4,61,17.9,24.64
1990-04-19,36.8,22.3,0.0,63,22.6,25.64
1990-04-20,35.6,20.9,0.0,62,19.5,27.45
1990-04-21,35.6,19.9,0.0,58,19.1,27.92
1990-04-22,36.2,19.4,0.0,55,18.7,27.33
1990-04-23,37.4,20.7,0.0,51,17.7,26.92
1990-04-24,38.6,21.7,0.0,46,16.9,27.09
1990-04-25,34.1,21.6,0.6,68,18.6,23.34
1990-04-26,34.7,22.0,1.2,65,17.1,23.41
1990-04-27,35.7,22.4,0.0,59,12.9,23.25
1990-04-28,35.2,23.2,3.6,69,14.4,21.81
1990-04-29,34.9,22.7,0.0,67,16.6,23.31
1990-04-30,32.7,22.5,3.3,71,17.1,23.56
1990-05-01,33.7,21.9,0.2,67,18.1,25.06
1990-05-02,35.6,20.6,0.0,59,19.4,26.79
1990-05-03,35.5,21.2,0.0,64,18.9,24.2
1990-05-04,35.5,22.7,1.2,62,12.7,23.37
1990-05-05,35.2,23.2,6.2,70,10.2,20.85
1990-05-06,32.4,22.2,1.6,69,11.0,21.35
1990-05-07,34.0,23.6,0.7,59,15.5,22.55
1990-05-08,34.5,23.3,0.5,62,14.0,23.33
1990-05-09,35.9,23.8,0.7,69,18.5,22.16
1990-05-10,33.2,23.8,12.3,76,18.6,20.05
1990-05-11,31.3,23.2,4.1,78,19.8,20.29
1990-05-12,31.1,22.3,0.2,73,18.9,20.94
1990-05-13,30.8,21.7,0.0,70,19.1,22.12
1990-05-14,32.6,21.4,0.0,65,19.0,26.17
1990-05-15,32.6,21.1,0.0,64,18.4,26.18
1990-05-16,33.4,21.6,0.3,66,20.4,24.47
1990-05-17,32.9,21.9,0.2,68,18.8,24.83
1990-05-18,31.4,22.3,4.1,76,21.4,21.42
1990-05-19,30.5,22.4,1.5,78,19.7,18.46
1990-05-20,28.7,22.2,1.5,78,20.3,18.56
1990-05-21,29.3,21.6,1.7,79,20.2,17.81
1990-05-22,26.3,21.6,4.8,88,20.1,13.86
1990-05-23,29.6,21.7,1.8,80,20.2,18.26
1990-05-24,30.5,22.2,6.2,80,19.0,19.55
1990-05-25,29.9,22.4,4.7,78,17.1,17.72
1990-05-26,28.0,21.8,8.4,83,19.2,16.12
1990-05-27,26.2,22.0,13.4,88,16.0,11.03
1990-05-28,27.1,21.5,4.4,86,20.2,15.82
1990-05-29,26.1,21.0,12.2,90,20.2,12.07
1990-05-30,22.9,20.8,9.4,97,20.0,4.93
1990-05-31,27.2,20.8,1.6,86,22.8,18.77
1990-06-01,29.9,21.8,0.0,78,22.2,22.57
1990-06-02,28.4,21.6,0.5,80,22.6,20.67
1990-06-03,28.9,21.8,0.6,82,20.4,17.88
1990-06-04,27.8,21.8,4.4,84,20.9,17.65
1990-06-05,28.6,21.6,1.1,81,19.2,16.18
1990-06-06,28.8,21.4,0.5,77,19.5,20.34
1990-06-07,29.3,21.6,0.1,76,19.6,21.17
1990-06-08,29.2,21.3,1.9,80,20.6,20.14
1990-06-09,28.2,21.5,4.3,84,16.6,15.29
1990-06-10,26.6,20.8,4.9,88,21.4,12.79
1990-06-11,25.9,21.1,3.5,90,23.1,12.38
1990-06-12,25.6,21.3,1.9,89,24.0,12.23
1990-06-13,27.3,21.4,2.5,83,23.4,16.56
1990-06-14,28.7,22.4,1.3,82,24.7,16.29
1990-06-15,28.7,22.0,1.3,80,24.1,16.46
1990-06-16,26.3,21.7,1.8,88,25.0,13.24
1990-06-17,24.1,21.2,4.0,91,28.0,7.55
1990-06-18,27.2,22.2,1.3,84,28.7,19.16
1990-06-19,25.6,22.1,0.2,85,28.2,10.13
1990-06-20,27.9,21.9,0.8,83,26.8,18.05
1990-06-21,27.0,21.7,1.8,85,27.2,15.87
1990-06-22,26.2,21.2,0.9,84,25.5,15.17
1990-06-23,26.6,21.2,2.1,84,27.2,18.14
1990-06-24,26.0,20.8,1.8,83,27.1,18.41
1990-06-25,26.1,20.6,3.3,87,25.8,15.51
1990-06-26,25.2,20.6,2.4,87,23.6,14.52
1990-06-27,25.9,20.9,2.7,88,25.7,13.98
1990-06-28,24.1,20.9,14.7,92,26.3,8.63
1990-06-29,25.4,20.7,3.4,88,31.1,15.15
1990-06-30,25.7,20.9,2.6,86,31.0,17.19
1990-07-01,25.6,21.1,1.9,87,31.5,15.51
1990-07-02,25.7,21.1,1.8,86,29.3,14.22
1990-07-03,21.9,20.4,13.4,97,25.9,3.98
1990-07-04,23.1,20.7,2.6,94,29.6,6.7
1990-07-05,25.0,20.8,2.1,88,27.9,12.89
1990-07-06,26.5,20.7,3.5,86,20.4,16.25
1990-07-07,24.8,20.5,14.6,92,20.4,9.34
1990-07-08,22.4,20.2,18.7,97,16.7,5.88
1990-07-09,25.1,20.4,4.4,90,26.1,12.77
1990-07-10,25.3,20.3,2.4,88,29.2,16.22
1990-07-11,24.7,20.6,2.0,87,27.1,13.1
1990-07-12,22.8,20.2,12.0,92,27.2,8.68
1990-07-13,24.2,19.2,7.1,92,26.4,12.68
1990-07-14,24.9,20.0,4.0,89,25.2,12.51
1990-07-15,24.3,19.9,3.0,87,25.2,12.11
1990-07-16,23.6,19.6,15.5,94,29.4,9.91
1990-07-17,23.3,20.0,6.3,94,27.8,9.91
1990-07-18,24.9,20.0,4.7,89,26.9,13.11
1990-07-19,24.8,20.3,6.9,89,26.8,15.68
1990-07-20,24.3,20.3,9.9,90,27.8,11.98
1990-07-21,23.3,19.8,15.4,94,28.5,8.93
1990-07-22,24.5,20.2,3.7,87,28.5,15.58
1990-07-23,25.7,20.7,1.2,84,28.2,16.78
1990-07-24,25.1,19.9,1.3,86,27.7,15.66
1990-07-25,25.7,20.2,0.7,85,29.2,19.22
1990-07-26,26.0,20.5,2.5,83,27.0,18.34
1990-07-27,26.0,20.0,0.5,82,24.3,17.27
1990-07-28,26.1,20.4,0.6,82,24.9,18.46
1990-07-29,25.9,20.6,0.4,82,23.0,17.78
1990-07-30,26.1,20.7,0.7,83,24.2,17.39
1990-07-31,26.1,21.0,0.9,82,24.5,17.38
1990-08-01,26.2,21.0,1.0,83,23.0,16.77
1990-08-02,25.3,20.9,0.8,87,22.5,14.88
1990-08-03,25.4,20.5,0.8,86,23.0,16.13
1990-08-04,25.9,20.5,1.0,84,21.1,16.79
1990-08-05,27.2,20.8,0.2,81,16.9,18.18
1990-08-06,26.5,20.4,1.0,83,21.8,16.79
1990-08-07,26.0,20.3,3.0,85,19.2,13.9
1990-08-08,24.8,20.7,6.4,90,17.3,10.4
1990-08-09,24.2,20.6,16.3,94,17.7,7.41
1990-08-10,23.2,20.5,44.6,95,22.3,4.23
1990-08-11,21.5,20.1,46.9,96,21.2,3.34
1990-08-12,23.7,20.2,6.2,89,26.7,10.36
1990-08-13,22.7,19.9,13.2,93,25.6,6.33
1990-08-14,20.6,19.5,26.1,96,25.9,3.63
1990-08-15,22.7,20.1,7.9,93,28.9,6.94
1990-08-16,21.3,20.0,27.9,96,27.2,3.37
1990-08-17,24.3,20.3,6.8,90,33.4,13.57
1990-08-18,24.2,20.0,6.3,89,31.8,15.24
1990-08-19,24.2,20.1,3.5,87,29.8,14.25
1990-08-20,24.2,20.2,3.2,90,28.5,13.02
1990-08-21,23.3,20.4,4.4,90,26.3,9.9
1990-08-22,24.7,20.3,2.4,86,28.6,14.01
1990-08-23,24.3,20.6,1.8,87,28.6,14.08
1990-08-24,24.4,20.4,2.7,87,28.2,15.28
1990-08-25,25.2,20.6,1.7,87,25.6,16.12
1990-08-26,25.5,20.4,1.2,86,24.5,15.37
1990-08-27,25.2,20.3,1.0,83,22.7,15.72
1990-08-28,25.7,20.4,0.7,84,21.0,15.43
1990-08-29,24.2,20.3,1.9,89,23.2,9.03
1990-08-30,24.8,20.1,0.9,86,26.8,16.01
1990-08-31,24.5,19.9,1.4,86,28.3,16.64
1990-09-01,24.8,20.0,1.0,87,23.1,16.97
1990-09-02,25.7,20.1,0.3,84,21.6,17.01
1990-09-03,25.0,20.0,0.7,84,23.4,13.99
1990-09-04,24.8,20.4,1.5,87,25.2,13.53
1990-09-05,23.2,20.3,2.6,93,24.7,10.34
1990-09-06,22.4,20.2,10.8,98,19.3,7.88
1990-09-07,23.3,20.4,8.7,94,18.4,7.11
1990-09-08,26.1,20.3,1.3,86,18.6,16.04
1990-09-09,26.6,19.8,0.1,83,18.0,16.16
1990-09-10,26.7,19.9,1.1,83,16.3,16.64
1990-09-11,26.5,20.2,0.7,83,16.6,16.42
1990-09-12,26.9,20.5,0.4,82,18.7,17.78
1990-09-13,27.0,20.3,0.3,82,16.9,18.05
1990-09-14,26.9,20.2,0.1,80,13.4,18.66
1990-09-15,27.5,19.6,0.0,81,13.4,20.37
1990-09-16,27.8,19.0,0.0,80,13.6,20.7
1990-09-17,27.8,18.7,0.0,79,14.2,21.32
1990-09-18,27.8,18.0,0.0,80,15.3,20.8
1990-09-19,27.5,18.8,0.2,80,15.9,20.01
1990-09-20,27.0,20.1,0.5,82,17.5,17.96
1990-09-21,27.3,20.2,1.4,81,17.8,18.62
1990-09-22,27.1,20.5,4.1,83,15.6,18.85
1990-09-23,27.2,20.0,0.7,82,16.2,19.47
1990-09-24,27.0,19.5,0.0,80,16.9,18.93
1990-09-25,26.5,19.5,0.4,83,17.7,17.34
1990-09-26,26.8,19.7,1.4,81,14.4,17.61
1990-09-27,27.3,19.7,0.9,82,17.1,18.98
1990-09-28,27.0,20.3,1.5,83,17.4,16.62
1990-09-29,27.5,20.8,0.7,81,16.6,15.47
1990-09-30,27.0,20.4,1.4,80,18.0,17.46
1990-10-01,27.3,20.3,0.0,78,16.6,18.28
1990-10-02,26.6,20.5,1.5,82,18.0,17.41
1990-10-03,28.0,20.2,0.3,77,20.3,20.52
1990-10-04,27.6,19.4,0.0,77,19.2,20.6
1990-10-05,27.8,19.0,0.0,76,16.3,21.52
1990-10-06,28.2,19.2,0.7,79,17.0,19.72
1990-10-07,28.7,20.0,0.2,79,18.7,19.42
1990-10-08,27.1,21.4,0.7,83,19.3,12.82
1990-10-09,26.9,20.8,0.4,83,18.0,16.62
1990-10-10,28.5,19.7,0.0,77,14.0,20.24
1990-10-11,29.8,18.9,0.0,76,11.2,22.34
1990-10-12,29.4,20.0,0.0,75,11.9,20.26
1990-10-13,29.5,20.8,0.4,78,12.5,19.99
1990-10-14,29.2,20.4,0.6,76,8.0,18.09
1990-10-15,29.2,20.8,0.4,72,16.6,18.72
1990-10-16,30.4,20.2,0.0,61,19.0,20.95
1990-10-17,31.1,18.5,0.0,49,15.6,24.02
1990-10-18,31.2,19.2,0.0,46,18.9,23.52
1990-10-19,31.4,20.1,0.0,54,18.9,21.24
1990-10-20,31.5,20.6,0.0,50,13.2,22.17
1990-10-21,31.4,20.5,0.0,48,16.0,22.27
1990-10-22,30.8,19.8,0.0,51,16.6,22.82
1990-10-23,27.8,21.3,2.8,69,19.8,10.74
1990-10-24,26.7,21.1,12.7,81,18.1,9.98
1990-10-25,28.2,20.3,7.6,82,19.2,15.66
1990-10-26,27.1,20.5,8.5,82,22.0,12.41
1990-10-27,26.5,20.4,8.7,86,14.5,13.02
1990-10-28,27.0,20.5,4.2,83,19.9,13.55
1990-10-29,27.4,20.0,3.5,82,18.0,16.17
1990-10-30,27.8,18.9,0.0,74,17.3,19.8
1990-10-31,28.3,17.6,0.0,67,17.9,21.29
1990-11-01,28.0,17.8,0.0,62,19.6,19.67
1990-11-02,29.1,19.1,0.0,54,19.3,22.49
1990-11-03,28.7,16.3,0.0,47,18.5,22.65
1990-11-04,27.9,16.4,0.0,53,13.1,22.03
1990-11-05,29.2,15.9,0.0,62,14.3,19.75
1990-11-06,27.0,19.0,0.2,75,15.3,15.62
1990-11-07,24.9,19.2,0.1,79,10.5,7.73
1990-11-08,25.0,19.2,0.8,84,10.2,11.01
1990-11-09,26.2,19.9,0.3,80,8.3,11.92
1990-11-10,27.2,20.2,11.5,84,8.6,14.35
1990-11-11,28.9,19.2,0.2,66,13.2,20.13
1990-11-12,28.3,15.7,0.0,44,15.5,22.07
1990-11-13,28.2,14.4,0.0,42,17.3,22.14
1990-11-14,29.1,14.6,0.0,56,16.1,15.59
1990-11-15,25.0,19.2,56.0,86,17.7,7.58
1990-11-16,25.5,20.0,11.5,85,16.2,9.89
1990-11-17,27.4,19.3,2.1,85,12.0,15.63
1990-11-18,26.9,18.7,1.3,83,12.7,16.42
1990-11-19,27.4,19.5,1.0,83,11.1,18.08
1990-11-20,27.7,18.7,0.0,76,9.8,18.71
1990-11-21,26.7,19.5,0.0,69,14.4,17.19
1990-11-22,27.1,16.9,0.0,68,17.1,20.4
1990-11-23,27.0,19.6,0.3,71,18.6,16.37
1990-11-24,26.1,20.1,1.2,80,15.5,13.42
1990-11-25,26.2,19.5,0.2,78,20.2,12.2
1990-11-26,26.2,19.8,0.2,78,21.6,9.71
1990-11-27,25.2,20.4,0.0,77,23.5,7.07
1990-11-28,27.6,19.6,0.0,70,18.8,17.27
1990-11-29,28.3,17.0,0.0,62,11.9,20.26
1990-11-30,28.4,17.3,0.0,56,9.2,19.58
1990-12-01,28.4,19.1,0.0,55,11.5,19.97
1990-12-02,28.6,15.6,0.0,58,15.1,20.27
1990-12-03,28.1,16.7,0.0,60,14.9,19.92
1990-12-04,27.9,17.8,0.0,66,19.5,16.25
1990-12-05,26.4,19.6,0.0,70,23.4,12.41
1990-12-06,26.6,19.0,0.1,67,24.1,13.09
1990-12-07,28.4,18.0,0.0,63,18.6,19.16
1990-12-08,28.0,17.2,0.0,59,16.6,19.65
1990-12-09,27.5,16.4,0.0,63,15.4,18.18
1990-12-10,28.1,15.6,0.0,59,15.6,19.36
1990-12-11,28.5,16.5,0.0,51,17.7,20.21
1990-12-12,27.8,16.5,0.0,57,22.8,19.7
1990-12-13,26.8,16.3,0.0,56,19.8,18.73
1990-12-14,26.6,14.9,0.0,57,13.9,18.99
1990-12-15,26.5,17.5,0.0,54,13.4,16.85
1990-12-16,26.4,15.8,0.0,52,10.9,15.07
1990-12-17,27.1,15.5,0.0,57,9.0,17.68
1990-12-18,27.5,16.0,0.0,52,15.5,19.88
1990-12-19,27.5,15.1,0.0,42,14.8,19.78
1990-12-20,27.3,17.0,0.0,43,14.5,17.74
1990-12-21,26.8,16.7,0.0,53,14.8,16.63
1990-12-22,27.7,17.5,0.0,55,15.5,17.54
1990-12-23,27.7,17.2,0.0,51,15.1,16.6
1990-12-24,28.0,17.7,0.0,56,21.0,17.59
1990-12-25,27.2,17.1,0.0,61,17.0,13.52
1990-12-26,28.9,17.6,0.0,47,17.4,19.61
1990-12-27,28.1,16.2,0.0,46,19.1,20.38
1990-12-28,27.2,14.1,0.0,49,15.9,20.77
1990-12-29,27.5,12.9,0.0,51,10.6,20.46
1990-12-30,28.5,13.5,0.0,56,9.5,19.95
1990-12-31,28.7,15.7,0.0,59,11.6,20.06
1991-01-01,28.2,17.0,0.0,57,15.9,18.53
1991-01-02,27.8,11.5,0.0,53,11.2,20.86
1991-01-03,26.9,10.3,0.0,41,9.7,21.09
1991-01-04,28.0,10.9,0.0,46,8.5,20.51
1991-01-05,28.8,15.7,0.0,62,14.6,17.01
1991-01-06,28.8,18.4,0.0,64,11.6,16.88
1991-01-07,28.7,17.7,0.0,63,12.1,17.28
1991-01-08,29.5,16.9,0.0,58,9.2,19.51
1991-01-09,28.8,16.9,0.0,54,8.2,17.92
1991-01-10,29.3,17.5,0.0,50,13.7,19.83
1991-01-11,28.9,15.6,0.0,55,13.8,20.43
1991-01-12,28.7,15.3,0.0,59,9.3,20.43
1991-01-13,29.7,16.6,0.0,50,10.3,20.91
1991-01-14,30.1,16.4,0.0,53,10.0,20.51
1991-01-15,30.2,17.7,0.0,56,13.0,20.66
1991-01-16,30.2,16.8,0.0,57,8.7,20.41
1991-01-17,29.7,16.9,0.0,50,12.8,19.96
1991-01-18,29.5,17.9,0.0,47,11.3,19.03
1991-01-19,30.5,17.0,0.0,49,10.5,21.01
1991-01-20,30.3,17.3,0.0,54,11.5,19.31
1991-01-21,30.1,19.8,0.0,48,10.7,17.51
1991-01-22,30.7,21.1,0.0,44,10.0,18.81
1991-01-23,29.7,18.4,0.0,46,9.4,17.29
1991-01-24,31.0,19.4,0.0,48,11.6,20.2
1991-01-25,30.4,19.1,0.0,44,16.2,20.71
1991-01-26,29.8,17.8,0.0,45,20.2,21.78
1991-01-27,31.0,17.3,0.0,40,19.5,22.05
1991-01-28,31.5,17.3,0.0,32,17.9,22.36
1991-01-29,32.3,16.8,0.0,25,20.5,22.91
1991-01-30,30.8,16.5,0.0,27,16.7,22.9
1991-01-31,29.9,16.6,0.0,40,16.9,22.65
1991-02-01,30.6,15.8,0.0,36,12.2,22.85
1991-02-02,31.0,16.8,0.0,40,15.2,22.64
1991-02-03,30.6,14.6,0.0,31,12.8,23.61
1991-02-04,30.6,14.4,0.0,38,14.8,23.17
1991-02-05,31.1,15.0,0.0,49,13.0,22.5
1991-02-06,31.1,19.9,0.0,45,14.0,21.22
1991-02-07,31.0,17.1,0.0,46,11.1,21.97
1991-02-08,31.3,18.0,0.0,39,14.1,22.49
1991-02-09,32.4,17.5,0.0,35,15.7,23.05
1991-02-10,32.3,18.3,0.0,32,14.3,23.27
1991-02-11,31.8,17.9,0.0,38,11.9,23.22
1991-02-12,31.6,18.1,0.0,49,8.6,22.97
1991-02-13,31.7,18.2,0.0,38,10.2,23.55
1991-02-14,32.0,18.8,0.0,32,11.7,23.59
1991-02-15,32.4,18.8,0.0,31,16.6,23.9
1991-02-16,31.7,16.7,0.0,51,15.7,23.39
1991-02-17,30.7,15.9,0.0,44,14.4,23.49
1991-02-18,30.4,17.0,0.0,31,10.3,23.91
1991-02-19,32.5,18.4,0.0,32,13.7,23.72
1991-02-20,32.1,17.3,0.0,38,14.6,23.48
1991-02-21,32.5,19.5,0.0,40,19.5,24.08
1991-02-22,31.8,17.8,0.0,35,17.2,24.93
1991-02-23,31.8,17.1,0.0,34,9.3,24.45
1991-02-24,32.7,18.8,0.0,42,15.5,23.55
1991-02-25,31.1,19.5,0.0,61,12.8,18.69
1991-02-26,31.3,20.5,0.0,55,15.2,19.59
1991-02-27,31.3,19.2,0.0,38,13.7,20.92
1991-02-28,32.1,18.8,0.0,33,15.9,23.56
1991-03-01,32.4,17.1,0.0,35,14.2,25.0
1991-03-02,33.2,17.8,0.0,34,12.7,25.02
1991-03-03,32.6,19.6,0.0,39,14.4,22.35
1991-03-04,33.5,20.1,0.0,41,14.4,24.74
1991-03-05,33.5,18.0,0.0,33,14.1,25.03
1991-03-06,33.4,17.4,0.0,43,14.2,25.34
1991-03-07,33.3,18.1,0.0,45,17.6,25.52
1991-03-08,33.4,16.8,0.0,50,14.2,25.44
1991-03-09,34.3,19.4,0.0,56,18.6,23.67
1991-03-10,34.0,20.6,0.0,61,18.1,23.26
1991-03-11,33.6,21.2,0.2,55,9.6,20.66
1991-03-12,34.7,21.9,0.0,52,15.3,22.69
1991-03-13,35.2,19.5,0.0,49,15.6,24.72
1991-03-14,34.3,19.6,0.0,54,17.1,25.08
1991-03-15,34.1,18.6,0.0,56,15.8,25.72
1991-03-16,34.4,18.8,0.0,58,14.6,25.64
1991-03-17,33.7,19.9,0.0,57,11.5,21.91
1991-03-18,34.7,20.0,0.0,54,13.3,23.84
1991-03-19,34.4,20.0,0.0,56,14.8,22.36
1991-03-20,35.1,22.3,0.0,48,16.2,21.7
1991-03-21,34.8,22.4,0.1,45,20.1,21.04
1991-03-22,34.5,22.2,0.0,34,16.6,21.84
1991-03-23,35.2,20.2,0.0,33,15.5,26.91
1991-03-24,35.0,19.2,0.0,30,11.2,26.98
1991-03-25,36.0,20.9,0.0,42,14.8,26.27
1991-03-26,35.0,21.8,0.0,51,10.9,23.08
1991-03-27,34.9,21.6,0.0,55,11.5,23.54
1991-03-28,36.6,21.7,0.0,40,16.0,26.15
1991-03-29,36.9,21.1,0.0,46,15.3,26.67
1991-03-30,35.2,21.7,0.0,55,10.5,22.31
1991-03-31,34.8,22.6,1.8,64,13.0,22.92
1991-04-01,34.1,23.1,4.2,70,12.7,22.13
1991-04-02,33.6,22.2,3.9,69,14.8,22.67
1991-04-03,32.8,22.1,6.8,74,13.2,22.89
1991-04-04,30.6,21.8,4.6,71,12.5,21.82
1991-04-05,30.6,20.5,9.9,76,12.4,22.5
1991-04-06,29.6,20.4,2.0,76,14.5,22.74
1991-04-07,30.3,19.4,0.0,66,10.2,23.08
1991-04-08,30.6,20.5,0.0,65,11.0,21.29
1991-04-09,31.6,19.8,0.0,65,12.4,23.9
1991-04-10,33.6,21.0,0.0,56,14.8,24.13
1991-04-11,34.6,20.6,0.0,50,18.1,26.23
1991-04-12,35.7,20.2,0.0,48,18.1,26.27
1991-04-13,35.0,21.2,0.0,62,16.7,25.7
1991-04-14,34.8,22.0,0.8,62,12.4,23.19
1991-04-15,32.5,23.0,1.7,71,14.7,20.58
1991-04-16,34.4,22.9,0.2,64,9.8,21.67
1991-04-17,35.2,23.3,3.0,66,10.8,22.73
1991-04-18,35.3,24.2,2.5,65,14.5,22.63
1991-04-19,34.2,23.2,1.5,68,16.5,23.35
1991-04-20,33.5,22.2,0.4,67,18.7,25.12
1991-04-21,34.9,21.9,0.1,66,19.0,25.16
1991-04-22,35.2,21.1,0.0,61,19.2,26.56
1991-04-23,36.2,20.3,0.0,57,20.5,25.66
1991-04-24,35.6,21.3,1.0,64,12.6,24.35
1991-04-25,35.4,22.6,2.8,67,14.6,23.27
1991-04-26,35.6,22.8,1.2,67,18.8,23.62
1991-04-27,34.6,22.6,2.7,67,16.9,24.32
1991-04-28,34.6,22.6,2.7,68,18.7,24.34
1991-04-29,35.0,21.8,0.7,69,20.6,23.91
1991-04-30,34.7,22.4,0.0,67,20.0,24.66
1991-05-01,34.4,21.7,0.0,67,18.6,25.31
1991-05-02,35.0,20.9,0.0,65,18.1,26.52
1991-05-03,35.5,20.9,0.0,61,17.9,27.53
1991-05-04,34.8,21.6,0.0,62,18.1,25.54
1991-05-05,34.0,22.3,0.0,64,20.4,24.13
1991-05-06,33.9,22.6,0.0,64,17.0,22.29
1991-05-07,34.7,22.9,1.7,67,13.7,23.17
1991-05-08,35.0,22.7,0.0,66,17.1,23.49
1991-05-09,35.3,23.2,0.4,66,20.3,24.97
1991-05-10,35.4,22.1,0.9,63,18.4,26.0
1991-05-11,33.6,22.2,3.6,66,11.1,23.53
1991-05-12,33.4,22.7,4.2,71,8.0,22.3
1991-05-13,34.4,23.1,3.8,64,10.8,22.21
1991-05-14,32.9,23.6,2.8,72,12.3,21.65
1991-05-15,35.2,23.1,2.2,69,11.3,23.58
1991-05-16,35.5,23.8,1.4,68,10.4,23.41
1991-05-17,33.9,23.3,2.7,71,17.1,23.03
1991-05-18,32.9,23.5,1.0,70,12.4,24.06
1991-05-19,35.2,23.0,1.8,69,11.0,22.48
1991-05-20,36.0,23.5,0.3,69,16.6,23.06
1991-05-21,35.4,22.6,0.6,68,12.4,25.32
1991-05-22,34.6,23.6,2.0,72,17.4,23.73
1991-05-23,34.5,22.6,1.7,73,16.8,23.44
1991-05-24,35.6,24.2,0.0,68,20.7,24.71
1991-05-25,34.7,22.8,0.0,66,16.5,26.69
1991-05-26,35.9,22.3,0.2,66,16.5,25.7
1991-05-27,31.1,21.8,11.2,79,13.3,21.19
1991-05-28,32.3,23.0,17.3,77,12.1,22.42
1991-05-29,31.9,21.9,22.3,81,15.3,17.55
1991-05-30,32.2,22.2,15.4,81,16.7,22.27
1991-05-31,33.6,23.4,1.6,79,18.7,22.9
1991-06-01,33.8,24.1,2.1,77,10.3,24.53
1991-06-02,30.9,24.6,3.4,81,14.4,20.92
1991-06-03,30.4,23.5,28.1,87,16.9,19.58
1991-06-04,30.9,22.5,18.8,84,14.2,19.16
1991-06-05,28.4,22.8,5.8,83,18.3,15.3
1991-06-06,26.4,22.1,40.5,93,16.9,7.45
1991-06-07,23.4,21.3,53.4,94,26.1,4.78
1991-06-08,25.4,22.1,5.5,93,29.9,8.95
1991-06-09,27.0,22.4,5.9,88,32.9,15.62
1991-06-10,26.5,22.4,0.7,87,32.1,13.73
1991-06-11,26.0,23.1,1.0,88,28.2,8.99
1991-06-12,28.7,22.9,0.1,80,26.6,19.69
1991-06-13,29.3,22.4,0.0,78,20.9,19.75
1991-06-14,29.6,22.5,0.0,78,15.0,16.75
1991-06-15,29.4,22.5,1.4,81,15.5,20.11
1991-06-16,26.9,22.4,1.5,85,22.2,16.07
1991-06-17,28.7,22.0,0.0,80,28.6,21.52
1991-06-18,27.3,21.5,1.3,85,29.4,18.26
1991-06-19,26.6,21.4,1.1,83,30.7,19.98
1991-06-20,27.1,21.8,2.4,83,27.2,18.6
1991-06-21,27.5,22.2,4.1,83,19.5,17.52
1991-06-22,28.4,22.1,1.0,83,15.5,16.26
1991-06-23,27.7,22.1,1.9,85,17.7,14.38
1991-06-24,27.4,21.9,3.8,85,19.1,17.39
1991-06-25,27.0,21.7,5.4,88,19.3,15.07
1991-06-26,25.7,21.3,5.5,91,15.9,12.7
1991-06-27,27.0,21.2,11.7,90,14.4,13.87
1991-06-28,25.8,21.2,13.5,89,15.5,11.73
1991-06-29,25.3,21.1,3.8,88,19.7,10.85
1991-06-30,26.5,21.1,2.3,85,20.9,17.15
1991-07-01,25.2,20.8,4.3,90,21.3,13.68
1991-07-02,25.2,20.6,3.3,87,24.0,15.07
1991-07-03,26.0,21.3,2.2,86,22.4,15.44
1991-07-04,25.9,21.0,2.3,86,24.6,15.9
1991-07-05,24.6,20.7,3.7,88,25.9,13.6
1991-07-06,25.9,20.6,3.6,89,28.9,16.39
1991-07-07,24.5,20.1,8.2,92,21.7,11.23
1991-07-08,23.2,20.4,4.6,94,17.9,6.16
1991-07-09,24.4,20.9,12.5,93,22.6,6.69
1991-07-10,22.7,20.3,16.6,96,20.5,6.09
1991-07-11,24.7,20.7,8.9,95,27.3,11.23
1991-07-12,23.0,20.8,23.7,96,24.2,6.48
1991-07-13,24.5,20.6,14.6,90,29.7,12.12
1991-07-14,24.9,20.8,9.2,89,30.9,14.21
1991-07-15,24.9,20.7,8.6,89,27.2,13.1
1991-07-16,21.8,20.8,22.6,95,25.6,5.31
1991-07-17,23.0,20.6,8.2,94,25.9,8.99
1991-07-18,24.9,20.7,4.0,88,31.6,16.04
1991-07-19,25.1,20.8,3.6,87,26.7,16.56
1991-07-20,25.0,20.8,2.4,87,26.9,16.52
1991-07-21,25.0,20.8,4.3,87,29.1,16.19
1991-07-22,24.6,20.5,4.7,88,32.0,16.03
1991-07-23,24.8,20.9,5.6,89,28.0,14.18
1991-07-24,25.3,20.9,3.3,88,32.0,16.11
1991-07-25,24.7,21.0,4.3,86,33.4,15.93
1991-07-26,23.4,20.6,11.5,90,28.5,10.68
1991-07-27,22.4,20.9,18.4,92,30.2,8.44
1991-07-28,22.9,20.6,16.8,91,28.1,8.58
1991-07-29,24.1,20.8,13.0,91,27.0,10.13
1991-07-30,24.8,20.9,3.8,87,31.4,16.03
1991-07-31,24.8,20.9,3.0,87,27.8,13.04
1991-08-01,25.4,20.6,5.4,88,19.9,12.81
1991-08-02,25.1,20.6,4.4,87,19.0,13.44
1991-08-03,24.8,20.6,0.7,85,21.5,14.15
1991-08-04,25.3,20.6,1.5,86,20.3,13.78
1991-08-05,24.3,20.3,2.9,89,22.3,11.68
1991-08-06,22.0,20.1,7.4,94,19.7,4.48
1991-08-07,23.9,19.4,5.5,89,23.1,10.01
1991-08-08,24.3,20.1,2.4,88,25.1,13.78
1991-08-09,24.8,19.8,1.6,87,26.8,16.08
1991-08-10,26.0,20.3,2.4,85,25.9,18.33
1991-08-11,25.3,20.5,2.9,87,26.1,16.07
1991-08-12,25.1,20.4,2.8,88,23.8,13.76
1991-08-13,24.2,19.5,11.9,88,29.7,12.96
1991-08-14,21.5,19.6,23.8,97,21.8,3.42
1991-08-15,23.6,20.1,1.8,89,27.4,10.22
1991-08-16,23.8,20.6,1.4,87,28.1,9.47
1991-08-17,24.1,20.3,0.7,88,25.9,9.92
1991-08-18,23.8,20.3,0.6,88,23.9,8.95
1991-08-19,24.9,20.5,1.3,85,28.3,15.17
1991-08-20,24.7,20.6,9.7,88,25.2,13.62
1991-08-21,24.6,20.3,3.8,87,26.5,13.81
1991-08-22,24.7,20.5,1.7,87,25.4,13.9
1991-08-23,23.5,20.1,3.1,88,26.8,10.79
1991-08-24,25.0,20.6,2.3,85,32.4,17.38
1991-08-25,24.5,20.2,2.2,85,31.8,16.02
1991-08-26,25.5,20.5,1.0,85,27.0,16.37
1991-08-27,25.5,20.6,1.3,85,23.4,16.89
1991-08-28,25.5,20.2,0.7,83,24.9,16.91
1991-08-29,25.6,20.2,0.8,84,23.6,17.49
1991-08-30,26.3,19.9,0.4,82,22.8,16.73
1991-08-31,26.4,20.0,0.6,82,20.2,18.06
1991-09-01,26.7,19.9,0.4,81,19.1,17.47
1991-09-02,26.7,19.9,0.4,80,16.9,17.36
1991-09-03,26.4,19.5,0.1,79,13.1,16.57
1991-09-04,27.2,19.4,0.0,80,13.0,17.09
1991-09-05,28.0,19.9,0.0,79,14.3,19.66
1991-09-06,26.7,19.2,0.2,81,19.5,16.6
1991-09-07,26.7,20.0,0.0,80,22.0,16.37
1991-09-08,25.8,19.5,1.3,83,20.3,15.94
1991-09-09,26.9,20.2,0.0,78,15.1,17.67
1991-09-10,28.1,18.7,0.1,78,12.6,21.82
1991-09-11,28.2,19.4,0.0,77,12.3,21.99
1991-09-12,26.7,19.8,0.4,79,10.8,16.99
1991-09-13,28.8,20.6,3.0,83,10.8,19.14
1991-09-14,28.8,21.0,0.6,83,12.6,17.38
1991-09-15,28.9,21.2,1.5,82,14.5,20.89
1991-09-16,26.7,20.7,10.4,87,14.5,15.69
1991-09-17,27.6,20.0,0.5,82,17.3,20.27
1991-09-18,27.1,20.4,0.0,79,16.9,19.65
1991-09-19,26.6,19.6,0.1,77,14.8,18.94
1991-09-20,27.6,19.7,1.7,83,13.0,19.4
1991-09-21,25.5,20.1,20.7,92,11.8,9.49
1991-09-22,26.2,20.3,4.3,91,15.1,13.19
1991-09-23,26.2,21.0,3.9,90,15.3,10.43
1991-09-24,25.6,21.2,1.3,91,16.1,12.41
1991-09-25,27.1,20.6,1.1,85,11.6,16.62
1991-09-26,28.3,20.8,0.2,84,8.7,18.76
1991-09-27,28.7,20.9,2.4,84,7.9,19.58
1991-09-28,28.5,20.8,9.5,84,8.8,18.49
1991-09-29,29.1,20.5,2.8,85,8.7,20.07
1991-09-30,28.8,19.5,2.1,83,10.0,20.36
1991-10-01,27.9,21.4,6.0,84,9.0,18.3
1991-10-02,28.2,20.1,13.2,87,7.6,17.76
1991-10-03,28.8,19.9,3.1,83,8.7,19.12
1991-10-04,26.6,20.3,4.1,86,8.9,13.68
1991-10-05,27.4,20.5,7.3,88,11.2,15.78
1991-10-06,28.8,20.5,0.0,80,10.9,20.41
1991-10-07,29.1,20.1,0.0,78,9.7,20.91
1991-10-08,28.5,20.7,0.8,84,14.7,19.19
1991-10-09,27.4,20.4,0.9,85,12.6,17.85
1991-10-10,27.0,20.5,11.1,87,13.9,18.01
1991-10-11,28.3,20.6,0.1,80,11.6,19.1
1991-10-12,28.1,20.4,0.6,82,11.0,19.92
1991-10-13,28.0,20.5,1.2,84,14.5,18.64
1991-10-14,27.0,20.2,0.8,84,11.9,16.85
1991-10-15,26.8,20.0,2.8,82,7.6,16.17
1991-10-16,27.7,19.3,4.7,85,10.5,19.5
1991-10-17,27.8,19.4,0.0,75,12.0,20.19
1991-10-18,27.9,19.5,1.3,79,12.9,19.72
1991-10-19,28.2,19.6,0.6,75,11.6,20.56
1991-10-20,27.8,19.4,0.2,76,15.6,19.54
1991-10-21,28.4,18.8,0.0,70,13.0,20.12
1991-10-22,28.1,19.1,0.3,70,15.1,19.25
1991-10-23,28.2,20.1,0.0,67,17.8,20.15
1991-10-24,28.6,18.6,0.0,64,16.0,22.0
1991-10-25,28.5,16.7,0.0,60,10.3,22.76
1991-10-26,28.5,17.6,0.0,67,8.7,22.19
1991-10-27,29.0,15.5,0.0,54,12.6,22.74
1991-10-28,29.2,18.2,0.0,56,19.3,22.05
1991-10-29,28.1,19.3,1.4,71,18.9,14.7
1991-10-30,28.6,20.5,0.8,71,21.8,17.11
1991-10-31,28.1,20.0,0.0,67,21.7,13.56
1991-11-01,27.6,18.8,0.0,67,16.3,15.13
1991-11-02,26.6,17.7,0.0,70,12.1,14.13
1991-11-03,27.6,19.0,0.0,75,6.7,15.31
1991-11-04,27.8,19.3,1.6,80,9.3,16.75
1991-11-05,28.0,20.3,0.3,77,7.7,17.9
1991-11-06,28.4,18.5,0.0,60,13.2,20.58
1991-11-07,28.5,15.3,0.0,50,15.5,21.42
1991-11-08,28.4,15.4,0.0,62,8.4,20.73
1991-11-09,28.1,16.5,0.0,64,9.3,18.67
1991-11-10,27.5,17.8,0.0,65,11.5,17.77
1991-11-11,28.2,19.1,0.0,67,10.6,17.9
1991-11-12,28.3,19.8,0.2,64,15.0,17.36
1991-11-13,29.7,17.7,0.0,51,16.6,20.62
1991-11-14,30.1,17.1,0.0,46,19.4,20.58
1991-11-15,27.3,19.2,0.0,58,23.7,13.97
1991-11-16,23.1,20.6,2.1,77,25.8,7.41
1991-11-17,23.0,19.8,15.8,89,21.0,5.28
1991-11-18,25.9,20.0,3.1,81,21.6,12.69
1991-11-19,27.6,18.1,0.0,70,18.3,17.04
1991-11-20,27.4,18.3,0.3,72,15.4,18.21
1991-11-21,27.3,17.6,0.0,69,17.0,17.14
1991-11-22,27.6,17.9,0.0,69,15.1,18.38
1991-11-23,26.9,18.3,0.0,68,20.3,14.48
1991-11-24,27.3,17.3,0.0,62,21.7,19.2
1991-11-25,27.7,16.2,0.0,65,21.7,18.06
1991-11-26,28.6,16.6,0.0,61,11.8,20.06
1991-11-27,29.0,14.5,0.0,52,15.1,20.62
1991-11-28,28.8,14.0,0.0,45,10.1,20.54
1991-11-29,29.3,15.8,0.0,49,8.1,20.22
1991-11-30,29.5,16.3,0.0,61,7.9,19.58
1991-12-01,29.5,16.9,0.0,60,8.7,18.6
1991-12-02,29.2,16.8,0.0,59,10.3,19.2
1991-12-03,28.7,17.7,0.0,50,16.1,18.78
1991-12-04,28.0,16.3,0.0,47,21.8,20.1
1991-12-05,28.2,15.5,0.0,50,21.3,20.16
1991-12-06,28.3,14.2,0.0,50,18.4,20.19
1991-12-07,29.0,13.4,0.0,45,18.1,20.06
1991-12-08,28.5,13.1,0.0,45,15.9,19.88
1991-12-09,28.4,13.3,0.0,45,15.5,19.85
1991-12-10,27.6,14.6,0.0,51,19.3,19.6
1991-12-11,26.2,15.8,0.0,54,20.9,18.96
1991-12-12,27.4,16.0,0.0,56,20.5,18.13
1991-12-13,26.9,16.8,0.0,60,20.8,17.82
1991-12-14,27.3,16.2,0.0,58,23.4,19.17
1991-12-15,27.3,15.9,0.0,52,22.3,18.82
1991-12-16,27.5,15.3,0.0,52,20.6,19.04
1991-12-17,28.3,15.9,0.0,47,17.2,19.58
1991-12-18,27.8,15.0,0.0,47,12.7,19.15
1991-12-19,28.0,16.1,0.0,55,10.8,18.1
1991-12-20,29.1,16.7,0.0,54,8.9,18.28
1991-12-21,29.4,17.9,0.0,51,10.0,18.5
1991-12-22,29.8,17.1,0.0,49,9.1,19.45
1991-12-23,29.3,16.3,0.0,54,8.8,19.38
1991-12-24,28.4,15.3,0.0,64,21.1,19.35
1991-12-25,26.5,15.9,0.0,70,14.5,17.67
1991-12-26,25.1,14.1,0.0,72,13.6,15.43
1991-12-27,25.5,12.9,0.0,64,7.6,19.11
1991-12-28,27.0,13.1,0.0,62,10.5,18.91
1991-12-29,27.3,14.3,0.0,62,13.5,19.87
1991-12-30,26.4,13.0,0.0,68,12.0,19.12
1991-12-31,26.0,13.1,0.0,65,16.1,18.69
1992-01-01,27.0,13.5,0.0,55,15.1,19.01
1992-01-02,26.8,17.3,0.0,55,19.9,16.49
1992-01-03,27.1,15.9,0.0,46,21.3,20.16
1992-01-04,27.1,14.9,0.0,40,18.8,20.21
1992-01-05,28.0,13.6,0.0,33,20.1,20.68
1992-01-06,28.9,12.3,0.0,31,14.8,20.99
1992-01-07,29.1,11.6,0.0,29,14.8,21.14
1992-01-08,28.8,11.5,0.0,29,14.1,21.02
1992-01-09,28.1,11.6,0.0,31,10.1,20.84
1992-01-10,27.9,12.5,0.0,42,9.7,20.62
1992-01-11,28.3,12.4,0.0,48,9.4,20.55
1992-01-12,28.6,14.0,0.0,46,10.7,20.71
1992-01-13,28.9,14.1,0.0,44,15.5,20.92
1992-01-14,28.0,14.0,0.0,45,15.9,20.8
1992-01-15,28.3,13.3,0.0,43,13.0,20.98
1992-01-16,28.5,14.0,0.0,46,15.7,21.04
1992-01-17,28.8,13.2,0.0,37,15.1,21.32
1992-01-18,28.4,13.9,0.0,34,17.5,21.38
1992-01-19,28.4,13.8,0.0,36,14.8,21.33
1992-01-20,28.3,14.1,0.0,43,16.3,21.04
1992-01-21,28.9,14.4,0.0,43,11.6,20.86
1992-01-22,28.8,15.3,0.0,41,10.2,20.47
1992-01-23,28.8,15.8,0.0,44,9.7,21.03
1992-01-24,29.2,16.1,0.0,37,12.0,21.26
1992-01-25,29.2,15.6,0.0,42,15.2,21.27
1992-01-26,29.2,15.7,0.0,43,19.8,21.6
1992-01-27,28.9,14.9,0.0,38,19.2,21.94
1992-01-28,28.3,14.1,0.0,33,18.8,22.17
1992-01-29,28.5,13.8,0.0,37,18.9,22.23
1992-01-30,28.1,14.9,0.0,52,12.4,21.68
1992-01-31,28.6,14.4,0.0,61,12.3,21.54
1992-02-01,29.0,15.2,0.0,61,14.3,21.6
1992-02-02,29.6,14.7,0.0,58,13.2,21.91
1992-02-03,29.9,14.6,0.0,49,9.4,21.87
1992-02-04,30.1,17.4,0.0,50,14.0,21.72
1992-02-05,29.9,17.4,0.0,56,10.8,18.93
1992-02-06,30.2,18.1,0.0,60,19.7,19.48
1992-02-07,29.6,17.6,0.0,68,14.8,20.38
1992-02-08,30.6,16.6,0.0,57,12.7,22.2
1992-02-09,30.4,15.7,0.0,45,12.0,22.97
1992-02-10,30.0,14.8,0.0,33,14.3,23.21
1992-02-11,30.4,14.7,0.0,41,11.4,22.94
1992-02-12,30.7,17.9,0.0,48,13.1,21.19
1992-02-13,30.7,18.5,0.0,50,8.6,20.26
1992-02-14,30.9,19.4,0.0,35,14.9,22.85
1992-02-15,31.0,17.1,0.0,39,15.1,23.35
1992-02-16,31.3,17.3,0.0,35,18.4,23.64
1992-02-17,30.7,12.1,0.0,46,13.0,24.67
1992-02-18,30.0,13.2,0.0,55,14.3,23.99
1992-02-19,30.7,13.0,0.0,51,18.2,24.06
1992-02-20,29.1,13.5,0.0,58,15.5,23.84
1992-02-21,29.4,11.9,0.0,58,13.1,23.61
1992-02-22,29.5,15.0,0.0,55,15.3,23.57
1992-02-23,30.3,15.6,0.0,45,10.2,23.93
1992-02-24,31.0,17.3,0.0,37,16.9,23.85
1992-02-25,28.8,19.4,0.0,50,18.8,19.84
1992-02-26,30.4,18.7,0.0,48,10.6,22.65
1992-02-27,31.3,16.8,0.0,42,10.9,24.31
1992-02-28,31.9,16.6,0.0,48,10.5,24.35
1992-02-29,32.4,18.1,0.0,36,9.0,24.5
1992-03-01,33.3,17.9,0.0,37,8.3,24.7
1992-03-02,33.4,18.6,0.0,36,10.2,24.71
1992-03-03,33.6,18.7,0.0,32,13.4,25.08
1992-03-04,33.4,19.1,0.0,48,13.8,25.01
1992-03-05,33.2,19.6,0.0,47,9.8,25.22
1992-03-06,33.4,19.9,0.0,38,11.5,25.28
1992-03-07,33.9,20.1,0.0,24,17.4,25.64
1992-03-08,33.4,19.4,0.0,35,16.6,25.39
1992-03-09,33.0,17.7,0.0,47,16.7,25.35
1992-03-10,33.1,17.3,0.0,43,12.2,25.5
1992-03-11,33.8,18.7,0.0,38,10.0,25.56
1992-03-12,34.2,19.6,0.0,36,15.0,25.65
1992-03-13,34.3,18.7,0.0,42,13.1,25.58
1992-03-14,34.3,19.1,0.0,43,11.3,25.66
1992-03-15,33.9,18.7,0.0,37,10.4,26.16
1992-03-16,34.1,19.8,0.0,61,15.9,25.69
1992-03-17,35.0,20.3,0.0,44,12.3,25.84
1992-03-18,35.4,19.1,0.0,41,17.7,26.18
1992-03-19,35.4,19.2,0.0,41,12.9,26.36
1992-03-20,34.5,19.1,0.0,53,19.4,25.13
1992-03-21,35.0,19.5,0.0,58,12.2,25.92
1992-03-22,35.8,20.7,0.0,54,12.0,25.77
1992-03-23,35.8,21.0,0.0,50,8.4,26.1
1992-03-24,35.7,20.8,0.0,59,14.6,25.77
1992-03-25,35.5,20.3,0.0,62,13.9,25.16
1992-03-26,36.7,22.4,0.0,48,14.8,26.21
1992-03-27,37.1,21.2,0.0,32,17.7,26.91
1992-03-28,35.5,20.8,0.0,59,15.6,25.68
1992-03-29,34.9,20.7,0.0,61,17.1,24.12
1992-03-30,33.7,20.3,0.0,60,15.9,24.27
1992-03-31,34.5,20.6,0.0,42,13.7,25.88
1992-04-01,35.2,22.7,0.0,38,18.0,24.11
1992-04-02,34.6,20.0,0.0,48,12.6,25.12
1992-04-03,34.7,20.6,0.0,52,21.1,24.34
1992-04-04,35.0,19.6,0.0,46,21.1,25.01
1992-04-05,35.5,21.8,0.0,39,15.3,22.59
1992-04-06,36.3,22.4,0.0,34,18.6,22.71
1992-04-07,36.1,24.3,0.0,35,17.7,22.14
1992-04-08,36.5,23.7,0.0,38,18.0,19.78
1992-04-09,36.0,23.6,0.0,46,17.9,23.99
1992-04-10,34.8,22.9,0.0,52,16.8,22.37
1992-04-11,33.6,21.9,0.0,61,14.5,22.01
1992-04-12,36.9,21.6,0.0,41,12.0,26.0
1992-04-13,37.1,20.1,0.0,51,13.5,27.02
1992-04-14,35.8,20.3,0.0,58,17.8,24.48
1992-04-15,36.2,21.2,0.0,59,17.3,24.31
1992-04-16,35.1,22.1,0.1,57,11.9,23.73
1992-04-17,34.2,22.8,3.1,63,14.5,23.07
1992-04-18,33.6,21.9,2.8,69,17.8,23.71
1992-04-19,34.3,21.4,0.0,64,16.4,24.53
1992-04-20,34.7,21.0,0.3,59,14.6,23.64
1992-04-21,34.6,21.9,0.0,58,13.3,23.43
1992-04-22,35.5,22.8,1.8,53,14.1,23.3
1992-04-23,34.7,23.2,1.5,49,11.8,22.45
1992-04-24,33.9,22.3,0.5,53,13.4,24.47
1992-04-25,34.2,21.9,1.1,54,8.2,23.84
1992-04-26,33.5,21.1,0.5,65,11.3,24.04
1992-04-27,32.8,22.1,5.9,74,9.9,22.43
1992-04-28,32.9,22.2,0.9,70,17.1,24.15
1992-04-29,33.3,21.4,0.1,67,17.2,22.96
1992-04-30,34.1,22.0,1.0,66,17.1,23.38
1992-05-01,34.4,23.0,0.6,66,16.2,23.68
1992-05-02,33.9,22.4,0.1,67,20.5,22.35
1992-05-03,34.2,21.8,0.0,62,16.5,23.39
1992-05-04,36.0,21.0,0.0,57,15.7,26.22
1992-05-05,37.2,21.4,0.0,56,18.6,26.76
1992-05-06,37.4,21.9,0.0,57,19.2,23.22
1992-05-07,35.5,22.5,1.9,67,14.3,23.21
1992-05-08,31.9,23.1,1.2,74,14.5,17.37
1992-05-09,34.4,22.5,0.1,68,18.4,22.57
1992-05-10,36.4,22.0,0.0,58,20.2,24.9
1992-05-11,36.1,22.0,0.0,64,15.5,24.16
1992-05-12,35.8,22.6,0.5,64,12.0,23.99
1992-05-13,34.3,23.4,0.4,67,15.6,22.42
1992-05-14,34.6,23.2,4.1,76,20.3,21.12
1992-05-15,31.3,23.3,2.7,78,18.7,18.72
1992-05-16,32.0,22.8,1.9,77,19.0,20.67
1992-05-17,31.4,22.1,0.4,73,19.2,20.14
1992-05-18,33.4,21.1,0.0,67,17.6,26.6
1992-05-19,32.3,20.9,0.0,68,20.5,25.54
1992-05-20,32.7,20.0,0.0,67,18.6,27.27
1992-05-21,33.8,21.0,0.0,64,21.0,26.34
1992-05-22,34.4,20.9,0.1,64,19.4,24.98
1992-05-23,34.8,22.1,0.4,66,21.2,24.37
1992-05-24,32.9,22.3,0.0,68,21.1,23.16
1992-05-25,32.1,21.6,0.0,67,22.4,23.46
1992-05-26,33.1,22.0,0.0,65,20.6,24.43
1992-05-27,32.8,22.0,0.0,65,19.9,23.85
1992-05-28,34.0,21.9,1.3,66,14.6,23.94
1992-05-29,35.4,22.9,4.8,71,16.7,20.93
1992-05-30,31.1,22.1,8.4,80,13.2,19.78
1992-05-31,31.4,22.8,4.6,78,14.6,20.43
1992-06-01,29.6,22.0,2.7,78,18.1,18.3
1992-06-02,31.3,22.3,7.2,76,15.5,20.67
1992-06-03,32.5,22.1,2.6,78,16.9,21.72
1992-06-04,31.8,22.4,6.2,79,15.5,20.26
1992-06-05,30.8,23.2,0.4,78,16.6,20.56
1992-06-06,30.8,22.7,3.2,76,16.4,21.62
1992-06-07,31.7,22.9,9.8,79,20.1,21.01
1992-06-08,31.9,22.0,0.1,72,17.2,23.31
1992-06-09,30.4,22.5,13.0,83,16.8,18.01
1992-06-10,29.3,21.9,5.5,82,14.1,18.46
1992-06-11,31.3,21.8,6.4,82,14.8,21.02
1992-06-12,31.6,22.4,9.0,81,12.8,23.13
1992-06-13,31.3,23.0,5.5,83,14.5,21.16
1992-06-14,29.5,22.4,1.0,84,15.6,18.95
1992-06-15,28.5,21.8,9.6,85,17.7,15.61
1992-06-16,26.1,21.1,1.9,86,21.0,12.42
1992-06-17,25.9,21.4,5.6,90,22.2,13.1
1992-06-18,27.6,21.8,1.6,85,19.0,14.55
1992-06-19,26.4,21.1,16.9,91,23.8,11.72
1992-06-20,23.4,21.1,6.6,96,26.2,6.68
1992-06-21,25.8,21.2,9.5,91,32.6,15.34
1992-06-22,25.5,20.9,6.5,88,24.9,14.79
1992-06-23,26.7,21.1,1.4,83,22.1,17.09
1992-06-24,24.3,20.7,0.4,88,17.5,6.36
1992-06-25,27.3,21.1,0.2,84,23.1,18.48
1992-06-26,26.1,21.1,1.9,85,26.1,18.64
1992-06-27,25.4,21.2,2.1,87,26.6,14.03
1992-06-28,25.3,20.9,1.8,87,23.1,15.82
1992-06-29,26.9,21.0,1.5,86,23.2,18.89
1992-06-30,26.5,20.9,1.0,84,21.4,18.69
1992-07-01,26.8,21.2,1.0,83,20.9,17.94
1992-07-02,27.5,21.5,0.4,81,21.3,16.66
1992-07-03,29.0,21.7,0.0,76,18.9,20.47
1992-07-04,29.2,21.2,0.0,76,16.9,18.57
1992-07-05,30.4,21.0,0.0,73,16.9,24.45
1992-07-06,30.6,20.8,0.0,74,18.1,23.45
1992-07-07,29.0,21.1,2.6,78,17.6,18.95
1992-07-08,26.7,21.4,5.5,84,17.0,15.81
1992-07-09,27.4,21.0,2.1,81,17.7,17.97
1992-07-10,26.8,20.7,4.1,84,19.5,14.64
1992-07-11,28.0,21.3,11.1,87,19.7,14.07
1992-07-12,26.1,21.2,4.6,87,14.7,11.12
1992-07-13,27.3,21.0,3.1,85,19.4,16.3
1992-07-14,26.9,21.4,1.1,84,22.0,17.08
1992-07-15,25.6,20.6,5.1,87,26.6,16.79
1992-07-16,24.9,20.4,7.4,90,22.5,13.55
1992-07-17,24.9,20.5,5.4,93,26.3,10.81
1992-07-18,23.5,20.1,16.7,92,31.9,9.74
1992-07-19,24.0,20.5,9.4,90,34.2,12.21
1992-07-20,24.0,20.7,6.2,89,30.6,10.69
1992-07-21,24.3,20.3,8.4,90,27.1,13.04
1992-07-22,23.0,19.7,7.9,94,24.7,8.52
1992-07-23,24.8,20.1,8.7,92,29.3,13.38
1992-07-24,25.0,20.4,4.5,86,30.7,18.32
1992-07-25,25.2,20.5,5.8,87,35.3,17.01
1992-07-26,24.5,20.4,8.3,92,32.6,12.84
1992-07-27,24.6,20.6,3.0,88,35.2,15.97
1992-07-28,25.0,20.8,2.4,87,34.6,17.1
1992-07-29,24.4,20.5,1.7,88,29.5,15.48
1992-07-30,25.1,20.1,1.2,87,26.1,14.47
1992-07-31,25.4,20.4,1.5,86,23.7,15.54
1992-08-01,26.4,20.5,2.9,84,22.1,15.79
1992-08-02,24.6,20.5,4.2,89,23.9,12.16
1992-08-03,23.2,20.1,2.5,95,22.0,7.32
1992-08-04,23.3,20.2,4.5,93,18.4,9.28
1992-08-05,26.0,20.5,0.9,87,15.3,15.99
1992-08-06,27.0,21.0,1.4,84,12.5,16.13
1992-08-07,28.5,21.2,5.7,85,14.5,17.05
1992-08-08,25.7,21.4,1.0,88,16.4,11.61
1992-08-09,24.9,21.0,1.1,91,19.5,11.55
1992-08-10,23.3,20.4,9.6,95,19.8,7.92
1992-08-11,22.2,19.3,22.5,96,26.0,4.92
1992-08-12,21.3,19.0,19.4,96,22.0,5.09
1992-08-13,22.5,18.7,13.9,94,26.4,7.53
1992-08-14,23.1,19.9,16.4,95,28.4,9.17
1992-08-15,23.1,20.0,8.8,92,27.1,10.53
1992-08-16,23.2,20.3,7.3,92,27.9,8.97
1992-08-17,23.3,20.3,7.8,92,27.0,10.07
1992-08-18,23.2,20.1,12.4,92,27.4,11.48
1992-08-19,25.0,20.3,2.5,86,32.1,16.53
1992-08-20,23.3,19.8,2.6,90,29.2,10.01
1992-08-21,24.1,20.1,1.0,88,23.4,12.23
1992-08-22,25.2,20.0,0.7,88,23.8,14.51
1992-08-23,25.2,20.1,1.2,87,19.3,16.96
1992-08-24,26.1,20.2,1.2,85,20.4,16.95
1992-08-25,25.9,20.4,0.6,84,19.7,15.27
1992-08-26,25.7,20.3,1.4,85,21.3,16.34
1992-08-27,24.1,20.5,2.2,88,24.2,13.72
1992-08-28,23.9,20.2,1.2,88,27.2,12.43
1992-08-29,25.7,20.1,1.1,85,21.3,16.97
1992-08-30,25.8,20.4,1.5,88,20.6,15.37
1992-08-31,26.3,20.3,2.2,85,18.0,13.69
1992-09-01,24.2,20.5,0.6,89,18.8,7.46
1992-09-02,24.6,20.3,0.9,90,23.0,11.55
1992-09-03,23.6,20.3,0.7,90,24.4,11.24
1992-09-04,24.4,20.1,0.8,87,24.4,14.67
1992-09-05,24.6,20.2,3.2,88,23.9,14.53
1992-09-06,24.1,20.1,5.5,89,23.7,13.97
1992-09-07,24.0,20.3,1.0,88,25.2,13.24
1992-09-08,24.7,20.0,3.1,88,23.5,16.2
1992-09-09,26.3,20.2,0.1,83,20.8,17.89
1992-09-10,26.2,19.9,0.3,82,14.8,17.21
1992-09-11,26.2,19.9,0.0,81,15.5,17.2
1992-09-12,25.8,19.1,0.6,82,14.8,17.2
1992-09-13,26.7,18.8,0.0,80,12.2,20.34
1992-09-14,27.5,18.3,0.0,77,11.7,22.77
1992-09-15,27.3,19.5,0.2,79,10.8,20.24
1992-09-16,27.1,19.6,0.1,79,10.8,20.01
1992-09-17,26.9,19.7,0.1,78,11.2,19.41
1992-09-18,28.0,19.0,0.0,73,10.5,21.13
1992-09-19,27.9,19.8,0.0,78,10.9,19.04
1992-09-20,27.8,20.8,1.0,79,8.5,17.59
1992-09-21,29.0,20.6,0.1,76,12.0,20.83
1992-09-22,30.1,21.0,0.0,67,13.8,21.02
1992-09-23,30.3,20.7,0.0,69,13.0,20.43
1992-09-24,30.8,20.4,0.0,67,10.1,21.35
1992-09-25,31.1,21.0,0.0,66,11.6,21.51
1992-09-26,30.8,20.5,0.0,65,12.4,20.72
1992-09-27,30.8,20.8,0.0,67,11.2,20.03
1992-09-28,28.3,21.2,15.2,85,9.6,16.29
1992-09-29,24.5,20.5,17.7,89,18.1,9.28
1992-09-30,27.5,20.4,12.6,85,18.1,16.63
1992-10-01,27.4,18.8,2.9,83,8.7,18.56
1992-10-02,28.4,19.5,0.1,80,11.5,20.89
1992-10-03,28.4,20.6,17.2,80,11.5,19.4
1992-10-04,27.8,19.7,16.9,85,7.6,18.65
1992-10-05,26.3,19.8,16.3,90,11.0,13.73
1992-10-06,27.2,20.0,15.8,88,8.7,16.32
1992-10-07,27.7,19.8,0.1,80,11.1,19.28
1992-10-08,28.2,21.0,0.1,78,13.3,19.07
1992-10-09,26.0,20.8,1.7,80,13.5,11.6
1992-10-10,24.2,20.8,2.0,90,16.9,10.44
1992-10-11,25.6,20.4,0.6,86,21.3,14.31
1992-10-12,26.3,20.4,1.9,83,14.8,16.27
1992-10-13,26.5,19.9,0.2,83,11.8,15.58
1992-10-14,25.9,20.0,1.9,85,12.3,15.9
1992-10-15,27.0,20.2,0.3,81,11.7,16.63
1992-10-16,26.9,19.1,0.0,77,12.6,18.85
1992-10-17,26.4,18.1,0.0,78,10.3,19.44
1992-10-18,26.0,18.0,0.5,83,6.7,16.97
1992-10-19,26.7,19.3,0.1,85,8.1,17.34
1992-10-20,28.2,19.9,0.0,74,12.0,20.91
1992-10-21,27.6,19.9,0.3,76,9.7,18.59
1992-10-22,28.0,20.0,0.5,81,10.6,18.81
1992-10-23,27.6,20.4,0.4,81,9.7,17.97
1992-10-24,26.7,20.4,1.1,85,14.3,16.04
1992-10-25,27.2,20.3,0.7,83,10.2,13.86
1992-10-26,28.1,19.6,0.0,72,9.4,19.08
1992-10-27,27.1,17.8,0.0,74,6.8,18.74
1992-10-28,25.1,19.3,2.0,81,10.2,11.55
1992-10-29,25.8,20.4,0.0,72,11.0,13.21
1992-10-30,27.7,17.5,0.0,58,13.4,21.24
1992-10-31,27.4,14.5,0.0,53,12.7,22.76
1992-11-01,27.8,15.0,0.0,57,13.3,22.67
1992-11-02,28.4,15.1,0.0,60,11.5,18.91
1992-11-03,29.0,18.6,0.0,64,13.9,18.55
1992-11-04,29.2,19.1,0.0,45,14.7,22.1
1992-11-05,29.3,17.5,0.0,49,14.4,21.77
1992-11-06,29.8,18.6,0.0,55,16.0,21.51
1992-11-07,29.1,17.7,0.0,49,15.8,21.9
1992-11-08,29.4,19.0,3.9,59,17.6,17.2
1992-11-09,27.9,20.8,0.4,73,24.3,14.46
1992-11-10,29.3,19.6,0.0,62,17.3,20.74
1992-11-11,28.5,19.4,0.0,64,18.0,18.24
1992-11-12,28.3,18.4,0.0,60,19.4,17.98
1992-11-13,26.7,18.8,0.0,62,23.9,14.61
1992-11-14,28.3,18.3,0.0,59,26.9,17.59
1992-11-15,26.3,20.4,0.3,69,30.2,10.73
1992-11-16,21.0,19.6,6.8,94,23.7,2.79
1992-11-17,23.0,19.8,32.6,94,25.1,4.47
1992-11-18,22.3,19.7,4.8,93,15.3,3.82
1992-11-19,25.1,19.8,1.7,87,9.4,12.47
1992-11-20,25.8,19.8,2.6,86,10.3,12.13
1992-11-21,26.4,18.9,0.5,84,10.1,15.46
1992-11-22,26.1,19.2,0.5,83,9.9,15.03
1992-11-23,26.9,18.5,0.0,80,9.0,16.66
1992-11-24,27.7,18.7,0.0,71,11.6,19.04
1992-11-25,27.6,15.5,0.0,69,11.7,18.93
1992-11-26,27.0,16.4,0.0,74,11.0,18.23
1992-11-27,26.1,18.3,0.1,71,14.1,15.17
1992-11-28,26.3,15.6,0.0,67,19.7,18.51
1992-11-29,26.2,17.4,0.0,69,18.2,19.14
1992-11-30,27.0,14.4,0.0,66,14.4,20.11
1992-12-01,26.9,14.2,0.0,67,15.1,19.67
1992-12-02,26.9,15.4,0.0,65,19.1,20.1
1992-12-03,26.8,15.7,0.0,68,15.3,19.84
1992-12-04,27.4,17.4,0.0,64,17.8,18.86
1992-12-05,26.3,16.0,0.0,64,16.4,18.46
1992-12-06,26.9,16.6,0.0,57,18.6,19.35
1992-12-07,26.7,14.8,0.0,55,20.1,20.17
1992-12-08,26.3,14.2,0.0,53,19.3,20.18
1992-12-09,26.3,13.5,0.0,51,20.5,20.22
1992-12-10,25.5,13.6,0.0,58,16.2,20.03
1992-12-11,25.6,13.3,0.0,58,16.1,20.09
1992-12-12,25.9,13.4,0.0,58,15.5,20.1
1992-12-13,26.5,12.9,0.0,59,15.2,19.53
1992-12-14,26.9,16.3,0.0,57,15.0,15.86
1992-12-15,27.5,16.5,0.0,59,16.2,19.29
1992-12-16,27.7,16.1,0.0,60,18.4,19.61
1992-12-17,27.4,15.7,0.0,61,18.0,19.83
1992-12-18,26.9,14.2,0.0,59,15.7,19.84
1992-12-19,27.0,15.2,0.0,59,17.5,19.84
1992-12-20,26.9,15.7,0.0,61,19.7,18.77
1992-12-21,26.8,15.5,0.0,54,17.9,20.04
1992-12-22,26.7,14.2,0.0,55,16.7,20.02
1992-12-23,27.0,14.2,0.0,53,20.7,20.1
1992-12-24,26.6,13.3,0.0,51,19.1,20.2
1992-12-25,26.5,12.0,0.0,49,12.6,20.38
1992-12-26,27.0,12.1,0.0,46,14.2,20.62
1992-12-27,26.6,11.4,0.0,47,11.2,20.58
1992-12-28,26.9,12.2,0.0,45,15.2,20.53
1992-12-29,27.2,12.8,0.0,48,16.4,20.47
1992-12-30,27.1,13.2,0.0,47,17.0,20.62
1992-12-31,27.5,13.5,0.0,52,16.6,20.46
1993-01-01,27.6,13.7,0.0,52,18.9,20.42
1993-01-02,27.8,13.1,0.0,55,16.9,20.29
1993-01-03,28.3,14.5,0.0,51,18.2,20.19
1993-01-04,28.8,12.9,0.0,46,20.8,20.7
1993-01-05,28.9,13.4,0.0,40,20.8,20.35
1993-01-06,29.6,13.5,0.0,40,14.8,20.91
1993-01-07,29.2,12.7,0.0,36,10.3,20.96
1993-01-08,29.8,14.6,0.0,35,7.4,20.91
1993-01-09,29.7,12.7,0.0,41,11.5,20.94
1993-01-10,29.6,14.0,0.0,38,12.2,21.12
1993-01-11,29.5,13.7,0.0,43,16.0,20.71
1993-01-12,30.0,15.5,0.0,46,9.4,20.8
1993-01-13,29.7,15.7,0.0,47,9.4,20.73
1993-01-14,28.8,16.6,0.0,47,8.9,19.54
1993-01-15,28.5,16.7,0.0,43,9.0,19.65
1993-01-16,28.3,15.8,0.0,49,8.9,17.25
1993-01-17,29.4,16.6,0.0,47,14.2,21.05
1993-01-18,28.8,16.0,0.0,46,12.7,21.22
1993-01-19,28.5,14.6,0.0,57,8.4,21.27
1993-01-20,28.6,15.7,0.0,47,9.8,21.47
1993-01-21,28.8,14.2,0.0,48,7.8,21.55
1993-01-22,28.9,15.0,0.0,50,9.5,21.28
1993-01-23,28.9,16.0,0.0,47,10.5,21.35
1993-01-24,29.0,16.3,0.0,44,14.6,21.64
1993-01-25,29.4,16.4,0.0,42,20.0,21.86
1993-01-26,29.9,15.3,0.0,43,18.9,21.92
1993-01-27,30.6,16.3,0.0,40,10.9,22.04
1993-01-28,30.4,15.0,0.0,42,9.9,21.87
1993-01-29,30.3,15.6,0.0,40,8.9,21.92
1993-01-30,30.1,16.4,0.0,38,9.5,22.09
1993-01-31,30.1,17.0,0.0,42,13.4,22.17
1993-02-01,29.9,15.8,0.0,41,13.4,22.23
1993-02-02,28.7,17.1,0.0,44,17.0,21.18
1993-02-03,28.7,16.3,0.0,43,20.6,22.69
1993-02-04,28.3,16.6,0.0,48,24.9,22.7
1993-02-05,28.4,15.8,0.0,46,19.2,22.79
1993-02-06,29.1,16.1,0.0,41,19.2,22.83
1993-02-07,29.4,14.8,0.0,39,10.3,23.03
1993-02-08,30.4,16.3,0.0,37,11.3,23.23
1993-02-09,30.7,15.2,0.0,34,10.3,23.29
1993-02-10,30.3,15.4,0.0,40,9.4,23.23
1993-02-11,29.3,16.8,0.0,43,11.7,22.21
1993-02-12,29.2,16.8,0.0,40,17.7,22.3
1993-02-13,30.5,16.6,0.0,39,13.4,21.57
1993-02-14,30.3,15.8,0.0,49,10.2,23.61
1993-02-15,31.7,16.1,0.0,54,11.6,22.65
1993-02-16,32.2,17.3,0.0,46,13.2,23.09
1993-02-17,32.2,18.5,0.0,27,14.8,23.88
1993-02-18,32.6,17.6,0.0,27,11.3,24.21
1993-02-19,32.0,17.4,0.0,32,11.9,24.66
1993-02-20,29.6,16.2,0.0,35,15.7,24.74
1993-02-21,29.2,15.1,0.0,18,16.3,25.12
1993-02-22,29.2,14.9,0.0,21,14.2,25.15
1993-02-23,30.0,14.0,0.0,32,11.9,24.89
1993-02-24,30.5,13.9,0.0,35,9.1,24.79
1993-02-25,30.1,16.6,0.0,47,11.8,21.85
1993-02-26,30.3,17.3,0.0,52,8.0,22.25
1993-02-27,31.0,17.6,0.0,54,16.1,22.66
1993-02-28,29.4,18.1,0.0,62,16.4,21.75
1993-03-01,28.6,16.1,0.0,49,11.2,23.19
1993-03-02,28.7,16.0,0.0,43,11.9,20.7
1993-03-03,30.4,15.8,0.0,51,12.1,23.18
1993-03-04,30.4,19.2,0.0,59,10.5,19.64
1993-03-05,31.6,18.9,0.0,43,7.5,21.98
1993-03-06,32.9,20.0,0.0,34,12.2,25.32
1993-03-07,33.0,20.0,0.0,35,15.4,24.34
1993-03-08,31.1,21.4,0.0,39,12.0,20.52
1993-03-09,30.9,21.3,0.0,46,12.5,19.06
1993-03-10,29.5,18.4,3.0,61,16.9,20.46
1993-03-11,30.2,19.7,0.0,55,13.8,19.42
1993-03-12,30.5,19.5,0.0,61,15.2,19.61
1993-03-13,30.2,20.1,0.3,65,15.1,18.96
1993-03-14,32.0,18.3,0.0,58,15.9,24.22
1993-03-15,32.9,18.5,0.0,60,14.8,24.2
1993-03-16,33.8,19.3,0.0,50,12.1,25.4
1993-03-17,34.9,20.8,0.0,38,17.9,25.97
1993-03-18,35.2,23.2,0.0,34,15.2,25.35
1993-03-19,35.2,22.6,0.0,50,19.5,23.1
1993-03-20,34.1,19.4,0.0,58,17.4,26.0
1993-03-21,34.4,19.1,0.0,55,17.8,26.26
1993-03-22,34.0,18.3,0.0,58,14.3,25.41
1993-03-23,32.9,19.4,0.0,63,19.8,22.81
1993-03-24,32.9,18.9,0.0,61,17.9,24.97
1993-03-25,33.0,18.2,0.0,55,19.5,26.39
1993-03-26,33.0,17.4,0.0,56,19.7,26.68
1993-03-27,32.6,17.8,0.0,49,18.0,26.31
1993-03-28,33.7,16.5,0.0,42,12.3,27.57
1993-03-29,34.8,18.6,0.0,37,15.2,27.46
1993-03-30,35.2,19.5,0.0,37,13.6,25.45
1993-03-31,32.1,20.8,0.8,62,19.2,23.05
1993-04-01,33.9,19.2,0.0,51,14.4,26.52
1993-04-02,34.1,19.9,0.0,36,15.9,26.97
1993-04-03,34.5,19.0,0.0,40,16.9,26.68
1993-04-04,34.9,19.6,0.0,39,16.0,26.3
1993-04-05,35.9,20.8,0.0,39,12.9,26.91
1993-04-06,35.4,21.5,0.0,48,14.1,24.48
1993-04-07,34.7,20.7,0.0,59,19.2,24.6
1993-04-08,35.4,21.5,0.0,47,18.5,26.5
1993-04-09,35.8,18.8,0.0,50,16.6,27.17
1993-04-10,36.4,18.3,0.0,50,21.0,27.43
1993-04-11,34.6,19.6,0.0,59,21.1,26.75
1993-04-12,34.1,18.4,0.0,48,18.0,27.66
1993-04-13,34.7,18.1,0.0,51,17.2,27.18
1993-04-14,34.7,20.3,0.0,48,15.0,22.67
1993-04-15,33.3,21.8,0.4,48,10.8,21.61
1993-04-16,32.7,22.7,1.8,63,14.7,19.76
1993-04-17,33.6,22.2,1.6,68,17.3,20.15
1993-04-18,35.0,22.0,0.7,66,18.7,23.05
1993-04-19,34.4,22.0,0.9,66,18.1,23.67
1993-04-20,35.3,22.2,0.6,63,18.0,25.02
1993-04-21,35.7,20.5,0.0,61,16.9,26.76
1993-04-22,36.3,21.0,0.0,58,17.8,24.86
1993-04-23,36.4,22.9,2.7,62,12.1,23.14
1993-04-24,34.3,21.7,1.6,62,11.9,24.36
1993-04-25,33.6,21.6,12.6,65,10.0,22.71
1993-04-26,32.4,23.1,2.8,70,12.1,22.55
1993-04-27,34.3,22.9,0.7,67,12.8,23.86
1993-04-28,36.5,23.1,0.8,63,19.1,24.9
1993-04-29,36.9,22.3,0.0,59,17.4,26.55
1993-04-30,36.3,21.4,0.0,62,17.5,26.42
1993-05-01,36.5,20.9,0.0,59,17.7,26.72
1993-05-02,36.9,20.7,0.0,47,15.8,27.79
1993-05-03,37.0,21.2,0.0,56,20.6,26.73
1993-05-04,36.9,22.0,0.0,59,23.5,25.31
1993-05-05,36.5,22.0,0.0,59,18.9,24.72
1993-05-06,36.7,23.1,1.5,66,18.4,24.54
1993-05-07,34.2,22.7,1.7,69,17.7,23.8
1993-05-08,34.2,22.8,2.5,71,16.5,23.17
1993-05-09,31.9,23.4,3.6,73,15.8,20.44
1993-05-10,36.3,22.0,0.5,60,15.0,24.51
1993-05-11,37.2,22.2,0.0,62,22.1,26.54
1993-05-12,36.2,21.0,0.0,65,19.7,26.99
1993-05-13,36.4,21.0,0.0,61,21.5,27.32
1993-05-14,35.6,21.1,0.0,62,23.4,24.79
1993-05-15,35.3,21.4,0.0,64,19.5,24.02
1993-05-16,34.4,22.2,0.1,66,20.2,25.15
1993-05-17,35.3,22.2,0.0,63,17.7,23.71
1993-05-18,33.2,22.9,0.0,57,21.1,23.42
1993-05-19,34.8,22.8,3.5,71,13.8,21.51
1993-05-20,30.3,22.0,0.1,69,10.5,12.7
1993-05-21,35.8,22.1,0.2,61,14.0,24.46
1993-05-22,34.9,22.9,2.2,66,12.3,22.64
1993-05-23,35.0,23.4,11.0,71,18.8,22.15
1993-05-24,31.8,22.9,4.4,74,15.1,20.52
1993-05-25,31.0,23.0,1.8,76,16.3,21.87
1993-05-26,31.5,22.5,0.1,73,19.5,21.74
1993-05-27,31.2,22.9,6.5,78,16.5,20.06
1993-05-28,31.4,22.4,0.1,74,20.8,20.87
1993-05-29,31.4,22.2,0.0,70,23.1,23.65
1993-05-30,32.1,21.4,0.0,69,21.6,26.31
1993-05-31,31.7,22.1,0.4,73,21.3,22.8
1993-06-01,34.0,22.8,0.0,69,21.2,24.39
1993-06-02,33.3,23.0,2.3,70,19.9,22.8
1993-06-03,32.3,23.0,1.8,73,18.7,22.32
1993-06-04,32.9,22.9,7.9,76,20.8,22.19
1993-06-05,30.7,22.8,5.3,79,15.0,18.54
1993-06-06,31.6,23.2,4.0,79,13.2,20.66
1993-06-07,30.9,22.2,4.8,80,16.1,20.92
1993-06-08,29.8,21.9,1.0,81,17.1,17.85
1993-06-09,29.7,21.9,0.3,77,20.5,20.93
1993-06-10,24.6,21.5,5.2,88,29.7,11.28
1993-06-11,26.4,21.2,1.8,84,28.6,17.35
1993-06-12,26.2,21.7,1.4,88,29.3,14.48
1993-06-13,26.2,21.9,2.1,87,25.6,14.27
1993-06-14,23.0,20.6,31.4,97,20.0,5.16
1993-06-15,22.0,19.2,15.5,97,20.8,4.32
1993-06-16,24.2,19.8,5.7,95,27.9,6.56
1993-06-17,25.0,20.8,4.0,93,29.8,11.5
1993-06-18,24.0,20.7,6.2,96,28.4,8.26
1993-06-19,26.5,21.0,1.3,87,30.2,17.26
1993-06-20,27.1,22.0,0.7,83,26.1,19.43
1993-06-21,27.5,22.0,1.0,82,22.8,19.31
1993-06-22,27.9,21.4,0.5,82,22.1,19.38
1993-06-23,28.1,21.3,0.3,79,22.4,19.79
1993-06-24,27.4,21.2,0.0,80,25.2,19.18
1993-06-25,25.5,21.3,2.0,85,24.9,11.43
1993-06-26,26.4,21.8,2.6,85,26.1,18.06
1993-06-27,27.2,21.7,2.0,84,22.1,17.28
1993-06-28,27.5,21.3,1.0,84,19.6,17.19
1993-06-29,27.8,21.3,1.5,82,18.7,16.79
1993-06-30,27.1,21.7,3.9,87,19.9,14.08
1993-07-01,27.5,21.6,1.2,85,22.7,15.74
1993-07-02,26.5,21.3,1.7,90,22.5,13.92
1993-07-03,26.1,20.9,6.1,90,26.1,14.57
1993-07-04,25.4,20.7,6.4,92,26.4,13.64
1993-07-05,23.9,20.7,2.2,91,21.9,8.95
1993-07-06,27.0,20.6,1.2,83,19.9,19.81
1993-07-07,26.4,21.0,0.0,83,22.0,15.76
1993-07-08,24.8,21.1,1.6,89,27.5,11.14
1993-07-09,23.7,20.5,4.8,91,28.5,10.8
1993-07-10,25.1,20.5,11.4,89,33.7,14.2
1993-07-11,24.0,20.5,30.9,94,28.1,6.76
1993-07-12,25.2,21.0,5.2,88,32.9,15.03
1993-07-13,26.0,21.1,1.8,85,31.3,17.88
1993-07-14,25.3,20.8,1.3,88,28.8,13.08
1993-07-15,22.9,20.5,1.2,92,25.5,5.61
1993-07-16,24.6,20.5,4.4,89,27.9,13.39
1993-07-17,24.9,20.5,3.1,89,25.6,15.83
1993-07-18,26.3,20.4,2.8,87,18.5,16.51
1993-07-19,27.0,20.8,3.3,86,16.5,17.14
1993-07-20,27.5,21.0,0.3,83,15.7,17.21
1993-07-21,26.5,21.2,1.0,84,19.6,17.48
1993-07-22,26.2,21.2,4.6,86,22.2,16.15
1993-07-23,26.3,20.9,2.3,84,20.5,16.48
1993-07-24,25.6,20.7,4.6,87,20.7,14.32
1993-07-25,24.9,20.2,10.5,93,22.8,9.57
1993-07-26,21.8,19.4,11.3,98,19.0,5.48
1993-07-27,24.4,19.5,2.4,90,24.2,12.7
1993-07-28,23.5,20.2,3.0,90,22.4,9.19
1993-07-29,23.1,20.0,1.8,91,27.2,7.08
1993-07-30,24.0,20.7,5.0,90,24.4,10.04
1993-07-31,24.4,20.3,3.4,91,29.9,12.77
1993-08-01,24.0,20.5,5.2,92,25.2,8.12
1993-08-02,25.0,20.6,12.8,91,25.1,12.34
1993-08-03,25.4,20.6,1.4,88,25.2,13.57
1993-08-04,25.5,20.8,0.6,84,24.2,15.5
1993-08-05,25.7,20.6,0.9,86,20.3,15.09
1993-08-06,25.4,20.6,0.3,86,15.8,11.5
1993-08-07,27.4,20.4,3.2,84,16.0,18.19
1993-08-08,26.3,20.8,1.0,84,23.4,16.31
1993-08-09,25.5,20.7,0.1,83,27.1,16.43
1993-08-10,25.0,20.7,2.1,86,30.6,17.36
1993-08-11,24.0,19.4,7.3,90,29.6,13.47
1993-08-12,24.5,19.1,9.5,92,29.8,13.82
1993-08-13,23.6,20.4,3.4,93,23.0,7.99
1993-08-14,23.9,20.2,6.1,95,21.9,8.43
1993-08-15,23.6,20.3,3.9,90,24.1,9.72
1993-08-16,24.5,20.1,1.5,87,27.5,13.54
1993-08-17,24.7,20.3,1.6,87,25.4,15.1
1993-08-18,25.8,20.6,1.5,84,24.1,16.59
1993-08-19,25.2,20.6,0.4,86,22.7,14.62
1993-08-20,24.4,20.5,1.7,88,26.6,14.71
1993-08-21,25.4,20.2,0.7,86,23.8,15.03
1993-08-22,26.3,21.2,0.6,85,23.1,15.09
1993-08-23,26.3,20.6,0.1,82,21.9,16.73
1993-08-24,24.3,20.6,0.9,85,24.0,14.41
1993-08-25,23.5,20.1,0.9,89,22.9,11.93
1993-08-26,25.9,20.0,2.2,86,18.1,16.24
1993-08-27,26.7,20.4,5.9,86,16.6,15.43
1993-08-28,27.8,19.9,2.1,84,13.3,18.86
1993-08-29,26.1,20.6,4.9,88,13.7,12.44
1993-08-30,26.3,20.6,1.8,86,13.3,14.02
1993-08-31,25.6,20.3,15.1,90,12.3,11.17
1993-09-01,23.6,20.4,8.7,94,15.9,8.1
1993-09-02,23.2,20.0,10.8,96,18.2,6.52
1993-09-03,24.7,20.2,7.7,91,19.5,10.67
1993-09-04,25.3,20.2,8.1,91,20.0,12.33
1993-09-05,24.6,20.3,4.6,89,23.3,12.81
1993-09-06,25.5,20.4,3.0,86,20.2,16.14
1993-09-07,25.5,20.2,0.7,86,18.4,15.78
1993-09-08,25.9,20.1,1.0,85,19.6,17.25
1993-09-09,25.0,20.2,0.8,88,21.1,15.86
1993-09-10,26.4,20.2,0.5,84,21.1,16.66
1993-09-11,25.8,20.4,1.1,86,20.1,17.93
1993-09-12,25.7,20.3,1.3,86,19.8,17.39
1993-09-13,25.6,20.4,0.7,87,18.3,16.75
1993-09-14,26.1,20.1,0.7,82,15.3,17.95
1993-09-15,26.7,20.1,0.8,83,15.0,16.24
1993-09-16,26.7,20.3,1.3,85,14.5,15.23
1993-09-17,27.1,19.9,0.4,82,15.5,17.69
1993-09-18,28.1,19.0,0.0,79,12.7,21.78
1993-09-19,26.0,20.6,7.1,89,12.7,13.94
1993-09-20,28.3,19.5,0.0,79,12.0,21.92
1993-09-21,27.9,19.8,0.2,79,15.1,20.97
1993-09-22,26.2,20.2,6.9,86,17.7,13.74
1993-09-23,25.3,20.3,2.1,86,17.4,12.75
1993-09-24,23.7,20.1,1.9,89,22.5,10.7
1993-09-25,24.9,19.7,0.2,86,24.5,16.37
1993-09-26,25.4,20.1,0.3,87,23.9,14.94
1993-09-27,25.1,20.4,1.5,89,22.9,13.78
1993-09-28,26.4,20.6,1.3,85,11.7,16.95
1993-09-29,27.5,20.3,2.5,83,9.5,18.96
1993-09-30,27.6,20.4,2.5,86,11.7,15.82
1993-10-01,28.1,21.1,3.2,86,11.2,17.65
1993-10-02,27.7,21.6,2.8,85,17.4,17.07
1993-10-03,27.4,20.8,9.4,88,9.4,13.03
1993-10-04,27.4,20.6,6.1,87,11.3,14.74
1993-10-05,29.0,20.3,0.7,84,8.3,17.71
1993-10-06,28.7,20.3,0.0,76,9.3,19.97
1993-10-07,28.4,20.5,0.0,74,11.1,20.78
1993-10-08,27.8,20.8,5.4,83,8.6,14.85
1993-10-09,26.0,20.2,8.9,89,9.2,10.48
1993-10-10,23.9,20.2,49.0,90,18.3,5.28
1993-10-11,24.0,20.0,24.3,94,14.0,7.23
1993-10-12,26.8,19.8,1.8,84,11.6,15.52
1993-10-13,27.2,19.6,24.8,88,8.9,17.63
1993-10-14,26.2,19.7,6.3,89,5.2,16.14
1993-10-15,27.3,19.4,2.4,86,9.0,14.03
1993-10-16,27.0,19.8,5.1,88,12.6,15.7
1993-10-17,26.8,20.3,11.6,86,10.8,13.29
1993-10-18,25.7,19.9,19.7,88,8.2,12.0
1993-10-19,27.0,19.8,4.2,85,9.0,17.82
1993-10-20,27.4,19.3,3.3,85,8.6,18.15
1993-10-21,27.2,18.7,0.2,80,13.5,18.95
1993-10-22,27.1,19.5,3.9,85,6.5,13.84
1993-10-23,27.0,19.3,1.8,87,9.2,16.79
1993-10-24,27.0,19.3,1.0,82,10.0,19.21
1993-10-25,27.3,18.4,0.0,73,11.5,22.56
1993-10-26,27.7,16.5,0.0,70,11.0,22.81
1993-10-27,27.6,16.8,0.0,74,10.4,20.29
1993-10-28,28.3,19.3,0.0,74,14.7,20.67
1993-10-29,27.4,20.0,0.1,75,18.1,17.67
1993-10-30,27.0,19.8,0.0,76,20.3,15.14
1993-10-31,27.2,19.9,0.0,74,18.9,17.58
1993-11-01,27.3,19.3,0.0,69,20.4,17.54
1993-11-02,26.7,19.6,0.2,74,17.0,15.86
1993-11-03,28.3,19.1,0.0,68,14.5,20.39
1993-11-04,27.4,18.6,0.0,67,13.2,18.31
1993-11-05,28.1,18.5,0.0,66,18.1,19.1
1993-11-06,26.6,18.7,0.7,68,17.7,17.49
1993-11-07,27.8,18.6,0.0,65,19.6,20.96
1993-11-08,27.3,19.5,0.0,68,23.6,17.59
1993-11-09,26.5,19.4,4.7,70,29.0,15.06
1993-11-10,24.6,19.0,3.5,73,29.0,11.79
1993-11-11,25.6,19.4,0.3,82,28.8,8.28
1993-11-12,26.5,20.7,4.1,83,27.1,12.37
1993-11-13,26.6,19.8,1.8,85,13.6,12.76
1993-11-14,26.2,19.3,0.9,85,12.4,14.47
1993-11-15,27.0,19.2,0.0,75,9.2,17.34
1993-11-16,27.7,19.5,0.0,67,6.1,19.12
1993-11-17,28.2,19.9,0.0,73,7.7,17.61
1993-11-18,28.0,19.7,0.2,74,12.7,15.74
1993-11-19,28.2,18.9,0.0,66,11.5,18.26
1993-11-20,28.0,17.5,0.0,62,12.3,19.01
1993-11-21,28.1,17.2,0.0,53,15.9,20.66
1993-11-22,28.1,16.4,0.0,57,15.7,17.97
1993-11-23,27.9,16.8,0.0,57,18.3,19.67
1993-11-24,28.4,17.9,0.0,51,21.7,19.96
1993-11-25,28.0,18.1,0.0,46,15.5,20.31
1993-11-26,27.8,15.6,0.0,50,13.4,19.45
1993-11-27,28.2,15.8,0.0,48,18.0,20.48
1993-11-28,27.8,14.8,0.0,43,20.0,21.11
1993-11-29,28.1,13.7,0.0,47,19.9,21.02
1993-11-30,28.1,15.5,0.0,43,19.8,20.43
1993-12-01,28.7,14.5,0.0,44,14.6,20.67
1993-12-02,28.2,13.3,0.0,49,14.4,20.52
1993-12-03,27.9,14.3,0.0,49,15.0,20.43
1993-12-04,28.1,15.8,0.0,47,20.7,18.64
1993-12-05,20.7,16.6,16.0,85,26.3,3.73
1993-12-06,25.8,19.1,2.8,86,16.3,12.26
1993-12-07,24.1,19.9,15.2,87,15.9,7.56
1993-12-08,25.1,18.5,0.0,75,15.2,11.44
1993-12-09,26.7,18.4,0.0,73,13.5,15.06
1993-12-10,27.7,16.7,0.0,69,14.6,19.32
1993-12-11,27.1,17.0,0.0,70,14.0,16.88
1993-12-12,27.0,15.3,0.0,67,12.2,18.56
1993-12-13,26.6,16.1,0.0,65,14.8,16.61
1993-12-14,25.7,16.8,0.0,66,16.2,16.6
1993-12-15,26.2,14.5,0.0,53,16.0,20.1
1993-12-16,26.9,14.1,0.0,57,15.2,19.95
1993-12-17,26.8,14.9,0.0,62,18.8,18.47
1993-12-18,27.3,14.4,0.0,58,14.8,19.89
1993-12-19,27.6,15.0,0.0,58,12.7,19.15
1993-12-20,27.6,13.9,0.0,49,11.8,19.53
1993-12-21,28.2,12.4,0.0,58,14.8,20.14
1993-12-22,28.0,15.5,0.0,59,17.3,19.53
1993-12-23,27.7,17.4,0.0,62,17.7,17.68
1993-12-24,27.6,16.1,0.0,56,19.5,20.1
1993-12-25,27.3,14.9,0.0,58,20.5,20.04
1993-12-26,27.8,15.4,0.0,54,16.6,19.64
1993-12-27,26.8,13.9,0.0,54,13.7,16.79
1993-12-28,27.8,14.6,0.0,50,11.8,19.21
1993-12-29,27.8,15.6,0.0,59,11.6,17.83
1993-12-30,28.8,14.5,0.0,54,15.2,20.01
1993-12-31,28.6,15.1,0.0,56,14.5,20.0
1994-01-01,28.8,15.8,0.0,56,15.5,19.97
1994-01-02,28.6,14.8,0.0,54,15.6,20.07
1994-01-03,28.8,15.6,0.0,53,17.4,20.33
1994-01-04,29.0,15.8,0.0,52,18.4,20.46
1994-01-05,28.7,14.7,0.0,51,16.6,20.46
1994-01-06,28.2,14.8,0.0,47,16.2,20.62
1994-01-07,28.1,15.0,0.0,47,20.9,20.81
1994-01-08,28.4,15.6,0.0,50,17.6,20.64
1994-01-09,28.2,16.4,0.0,47,15.8,19.31
1994-01-10,28.3,17.1,0.0,44,15.6,19.93
1994-01-11,28.5,15.8,0.0,48,14.3,20.29
1994-01-12,27.0,17.3,0.0,64,10.5,14.31
1994-01-13,27.3,18.1,0.0,69,8.9,15.64
1994-01-14,28.0,19.2,0.0,63,8.7,16.75
1994-01-15,28.9,18.0,0.0,60,15.3,18.66
1994-01-16,29.3,15.4,0.0,49,12.2,21.21
1994-01-17,30.3,17.2,0.0,58,11.9,19.77
1994-01-18,29.5,18.4,0.0,61,12.2,19.62
1994-01-19,28.8,17.1,0.0,68,11.9,17.91
1994-01-20,28.5,18.1,0.0,63,10.2,17.21
1994-01-21,29.1,19.8,0.0,54,14.3,17.36
1994-01-22,29.6,17.0,0.0,41,19.5,21.5
1994-01-23,29.2,15.9,0.0,48,18.9,21.69
1994-01-24,29.9,16.8,0.0,45,18.1,21.7
1994-01-25,30.4,16.7,0.0,46,14.5,21.69
1994-01-26,30.6,15.8,0.0,47,15.9,21.51
1994-01-27,30.8,16.4,0.0,46,16.2,21.81
1994-01-28,30.8,16.0,0.0,41,16.8,22.07
1994-01-29,30.0,15.9,0.0,42,9.3,22.1
1994-01-30,30.2,15.3,0.0,58,14.3,21.35
1994-01-31,29.5,15.9,0.0,51,13.6,21.99
1994-02-01,29.9,14.9,0.0,46,11.5,22.27
1994-02-02,30.3,16.5,0.0,45,11.0,21.96
1994-02-03,29.8,18.1,0.0,47,16.8,21.41
1994-02-04,29.1,19.4,0.0,44,13.8,20.47
1994-02-05,29.7,17.4,0.0,55,11.8,19.74
1994-02-06,30.0,18.0,0.0,53,13.7,19.6
1994-02-07,30.1,17.9,0.0,52,13.4,21.13
1994-02-08,30.4,17.6,0.0,53,15.2,21.87
1994-02-09,29.2,16.3,0.0,45,9.8,22.2
1994-02-10,30.7,16.3,0.0,53,16.5,22.12
1994-02-11,29.7,16.5,0.0,59,19.0,21.6
1994-02-12,30.0,13.4,0.0,59,14.2,23.28
1994-02-13,30.5,15.5,0.0,54,15.5,22.9
1994-02-14,28.5,16.5,0.0,67,12.0,16.77
1994-02-15,27.3,18.7,0.0,68,11.9,13.65
1994-02-16,30.0,16.3,0.0,63,13.8,20.3
1994-02-17,30.1,18.4,0.0,55,11.2,18.64
1994-02-18,31.5,18.6,0.0,54,15.1,20.24
1994-02-19,32.5,18.3,0.0,47,10.6,23.32
1994-02-20,32.0,17.9,0.0,51,18.5,23.32
1994-02-21,30.2,16.5,0.0,56,16.7,23.17
1994-02-22,29.4,15.6,0.0,53,9.6,24.53
1994-02-23,31.0,14.6,0.0,43,11.6,24.67
1994-02-24,31.3,18.3,0.0,45,12.2,20.17
1994-02-25,32.2,21.6,0.0,42,11.5,22.91
1994-02-26,32.2,20.6,0.0,43,11.2,24.47
1994-02-27,32.4,18.4,0.0,34,12.1,25.01
1994-02-28,31.7,17.4,0.0,36,8.5,24.93
1994-03-01,31.6,17.5,0.0,48,11.2,24.45
1994-03-02,31.2,20.3,0.0,52,11.4,21.54
1994-03-03,31.8,18.5,0.0,41,12.4,24.59
1994-03-04,32.3,18.9,0.0,35,17.0,25.22
1994-03-05,32.6,18.0,0.0,33,12.1,25.49
1994-03-06,33.2,16.8,0.0,38,8.7,25.47
1994-03-07,33.1,17.7,0.0,46,8.3,25.25
1994-03-08,33.8,19.8,0.0,36,10.8,25.07
1994-03-09,33.5,20.1,0.0,42,12.7,23.0
1994-03-10,33.6,20.9,0.0,47,9.4,24.79
1994-03-11,34.0,21.2,0.0,57,11.7,24.96
1994-03-12,33.8,21.6,0.0,49,11.5,24.29
1994-03-13,34.8,21.0,0.0,49,16.3,24.4
1994-03-14,33.9,20.4,0.0,57,13.4,22.4
1994-03-15,33.6,21.2,0.0,61,10.5,20.87
1994-03-16,35.6,22.2,0.0,52,14.8,24.44
1994-03-17,35.9,21.8,0.0,37,15.5,25.86
1994-03-18,36.3,21.8,0.0,41,18.3,24.59
1994-03-19,36.1,22.0,0.0,48,16.7,24.27
1994-03-20,33.8,21.6,0.0,63,15.2,21.78
1994-03-21,33.5,21.8,0.0,66,17.4,21.68
1994-03-22,34.8,22.8,0.0,52,14.7,21.7
1994-03-23,36.0,20.2,0.0,62,20.4,24.3
1994-03-24,35.1,20.2,0.0,60,18.4,22.86
1994-03-25,37.2,20.4,0.0,46,14.2,25.7
1994-03-26,34.9,20.8,0.0,62,22.8,23.43
1994-03-27,35.5,21.2,0.0,62,20.3,24.67
1994-03-28,35.7,20.8,0.0,59,15.8,24.13
1994-03-29,34.0,21.7,1.5,61,10.2,20.94
1994-03-30,34.8,22.5,0.0,61,15.8,20.65
1994-03-31,33.6,22.4,1.4,69,16.6,21.75
1994-04-01,31.6,22.2,2.4,72,17.9,19.46
1994-04-02,33.4,20.4,0.0,60,19.1,22.82
1994-04-03,33.5,19.5,0.0,56,14.1,23.37
1994-04-04,33.0,21.4,0.1,54,10.1,21.03
1994-04-05,33.6,22.1,2.2,64,12.7,21.93
1994-04-06,33.5,21.4,3.3,66,10.4,22.89
1994-04-07,31.1,21.5,2.2,68,12.7,22.88
1994-04-08,30.0,21.7,1.7,70,10.8,18.05
1994-04-09,31.5,22.3,0.8,64,13.2,20.79
1994-04-10,31.3,21.3,2.7,67,14.5,21.19
1994-04-11,27.9,20.9,14.7,83,12.1,14.29
1994-04-12,28.0,20.2,1.5,80,8.4,17.23
1994-04-13,30.3,19.7,3.3,76,10.5,21.25
1994-04-14,32.6,20.8,0.0,65,13.7,24.0
1994-04-15,33.8,20.5,0.0,51,9.0,27.41
1994-04-16,33.7,21.6,0.0,68,18.1,24.54
1994-04-17,32.1,22.2,0.1,70,13.9,21.58
1994-04-18,34.1,21.7,0.0,64,19.4,25.0
1994-04-19,34.3,19.4,0.0,54,17.6,27.88
1994-04-20,35.8,18.4,0.0,54,13.7,27.79
1994-04-21,36.3,20.9,0.0,58,18.0,27.3
1994-04-22,36.8,20.4,0.0,50,18.2,27.54
1994-04-23,37.0,20.9,0.0,53,20.6,26.14
1994-04-24,36.7,21.0,0.0,56,22.0,26.03
1994-04-25,36.8,20.7,0.0,53,18.7,27.08
1994-04-26,36.8,21.1,0.0,51,16.3,25.87
1994-04-27,37.2,22.3,0.0,55,20.9,24.24
1994-04-28,35.5,23.0,2.8,65,12.3,22.37
1994-04-29,36.3,22.1,0.4,56,19.8,25.38
1994-04-30,35.9,20.4,0.0,54,21.7,26.38
1994-05-01,35.1,20.7,0.3,58,18.9,24.31
1994-05-02,35.0,21.4,0.0,59,18.0,24.07
1994-05-03,34.7,21.4,0.0,61,19.4,22.58
1994-05-04,35.2,21.7,0.0,58,17.6,24.07
1994-05-05,36.3,22.4,0.0,59,18.7,24.19
1994-05-06,36.7,22.5,1.1,60,20.7,24.16
1994-05-07,36.0,22.2,0.0,60,19.5,25.18
1994-05-08,34.7,22.4,0.4,63,19.8,25.12
1994-05-09,34.7,21.2,0.0,61,20.0,26.56
1994-05-10,33.6,21.1,0.0,66,19.8,24.97
1994-05-11,34.9,21.7,0.0,63,19.5,24.84
1994-05-12,35.0,22.1,0.0,61,18.8,24.48
1994-05-13,37.1,22.3,0.0,62,19.9,23.97
1994-05-14,38.3,23.9,0.1,62,21.1,20.58
1994-05-15,36.2,22.6,0.2,65,26.0,22.49
1994-05-16,36.5,21.9,0.0,63,23.3,24.69
1994-05-17,35.1,22.6,0.0,65,20.3,23.91
1994-05-18,35.8,22.3,0.9,64,19.5,24.1
1994-05-19,37.4,21.3,0.0,60,21.5,25.87
1994-05-20,36.7,21.7,0.3,62,20.8,25.32
1994-05-21,36.6,22.6,1.4,66,19.5,25.8
1994-05-22,34.5,22.7,0.5,69,20.5,23.45
1994-05-23,33.5,22.0,0.0,67,18.8,25.12
1994-05-24,34.5,22.2,0.0,64,21.7,26.28
1994-05-25,35.8,22.4,0.9,64,20.3,26.31
1994-05-26,35.0,22.1,0.6,65,17.8,25.75
1994-05-27,34.7,22.8,13.6,71,11.6,24.38
1994-05-28,32.1,22.4,13.7,78,12.5,19.56
1994-05-29,31.6,22.9,3.4,81,17.5,20.08
1994-05-30,32.3,22.8,4.7,79,18.1,20.94
1994-05-31,30.9,22.5,1.2,79,19.0,19.42
1994-06-01,30.7,22.7,0.9,79,18.3,18.37
1994-06-02,28.1,22.7,11.5,86,12.6,15.17
1994-06-03,25.4,21.6,15.8,92,14.8,8.61
1994-06-04,28.2,21.8,2.2,84,15.6,16.93
1994-06-05,24.2,20.9,11.4,90,29.2,6.84
1994-06-06,26.9,21.1,2.9,87,24.1,13.63
1994-06-07,27.1,21.5,3.0,88,25.2,16.39
1994-06-08,26.9,21.6,4.5,86,22.4,15.08
1994-06-09,26.0,21.4,8.0,89,19.6,12.44
1994-06-10,25.6,21.2,6.0,91,21.5,9.61
1994-06-11,24.4,20.9,14.5,94,22.5,10.34
1994-06-12,22.8,21.1,21.2,96,23.4,6.75
1994-06-13,22.7,21.1,47.3,97,22.2,4.99
1994-06-14,25.2,21.3,7.8,90,29.6,14.47
1994-06-15,24.6,20.9,3.2,92,29.3,11.24
1994-06-16,25.1,20.8,1.9,91,26.6,12.09
1994-06-17,26.5,21.0,1.6,87,25.3,17.91
1994-06-18,26.8,20.9,1.2,85,25.9,17.4
1994-06-19,26.0,21.4,2.2,86,25.6,14.25
1994-06-20,27.3,21.2,0.0,81,26.2,18.12
1994-06-21,27.3,21.1,0.0,82,24.3,18.76
1994-06-22,26.6,21.4,0.6,83,27.6,17.72
1994-06-23,27.2,21.0,1.9,83,24.7,18.77
1994-06-24,25.5,20.9,1.2,87,23.9,14.08
1994-06-25,24.9,20.8,3.6,91,22.6,12.59
1994-06-26,26.3,20.8,1.7,86,26.9,18.68
1994-06-27,24.8,20.6,3.0,89,27.7,14.24
1994-06-28,25.5,20.5,18.3,93,24.3,11.75
1994-06-29,23.3,20.9,6.5,94,25.1,7.89
1994-06-30,24.5,20.5,6.2,89,29.1,13.83
1994-07-01,25.0,20.6,4.7,88,29.3,16.16
1994-07-02,25.3,21.0,6.8,90,24.9,13.05
1994-07-03,25.9,20.9,2.4,86,23.8,16.2
1994-07-04,24.7,20.3,5.2,91,25.2,14.02
1994-07-05,25.2,20.3,2.9,90,22.7,15.23
1994-07-06,26.0,20.8,1.9,85,22.0,16.6
1994-07-07,25.5,20.9,1.9,84,24.2,17.53
1994-07-08,25.3,20.5,2.1,87,24.9,14.78
1994-07-09,24.9,20.5,7.5,89,29.4,14.1
1994-07-10,23.4,20.7,10.2,91,32.7,11.63
1994-07-11,21.7,20.0,26.8,94,32.6,7.73
1994-07-12,22.6,20.5,23.6,93,29.8,5.85
1994-07-13,21.9,20.6,19.8,94,35.5,5.58
1994-07-14,24.0,20.6,11.7,90,35.1,13.99
1994-07-15,24.3,20.5,12.9,90,31.6,13.62
1994-07-16,23.8,20.4,8.0,90,31.1,13.43
1994-07-17,24.1,20.4,3.4,87,30.1,13.78
1994-07-18,25.9,20.3,0.5,82,36.4,17.83
1994-07-19,24.7,20.8,2.3,86,30.2,16.2
1994-07-20,25.0,20.3,3.6,87,31.1,14.39
1994-07-21,24.2,19.7,4.5,91,31.1,13.34
1994-07-22,23.9,20.2,5.6,91,28.6,11.78
1994-07-23,24.6,20.5,3.3,88,27.5,14.48
1994-07-24,24.8,20.5,3.3,88,26.8,15.46
1994-07-25,25.1,20.8,2.2,87,28.2,15.4
1994-07-26,25.4,21.0,3.2,86,26.8,17.23
1994-07-27,25.1,21.1,5.2,87,27.4,16.4
1994-07-28,25.6,21.0,2.9,85,29.9,16.35
1994-07-29,23.4,20.8,4.1,90,26.8,10.98
1994-07-30,24.7,20.8,4.3,89,28.5,11.18
1994-07-31,25.1,20.7,2.5,84,33.2,16.12
1994-08-01,24.4,20.6,2.3,86,31.0,14.25
1994-08-02,24.7,20.6,2.2,87,29.2,15.51
1994-08-03,24.6,20.3,2.1,86,28.0,15.96
1994-08-04,25.1,20.3,0.6,85,23.7,12.87
1994-08-05,26.1,20.7,0.3,82,24.1,16.34
1994-08-06,26.3,20.6,0.2,81,22.7,16.3
1994-08-07,25.9,20.3,1.0,83,22.0,14.83
1994-08-08,26.4,20.1,0.0,82,22.0,15.49
1994-08-09,26.6,20.0,0.0,80,22.0,16.87
1994-08-10,26.0,19.8,0.2,83,23.9,16.94
1994-08-11,24.0,20.3,2.9,89,23.7,11.2
1994-08-12,23.1,20.4,19.6,97,17.9,9.11
1994-08-13,25.0,20.5,5.9,89,20.1,10.62
1994-08-14,26.4,20.6,0.2,82,17.0,14.25
1994-08-15,26.8,20.5,0.4,82,18.8,16.01
1994-08-16,26.4,20.0,0.0,81,23.1,17.81
1994-08-17,24.4,20.3,3.5,85,26.0,13.2
1994-08-18,23.0,20.7,0.5,88,26.3,7.24
1994-08-19,24.2,20.4,1.6,88,29.0,12.18
1994-08-20,23.4,20.4,0.4,89,21.8,7.75
1994-08-21,26.1,20.4,4.2,89,20.9,14.9
1994-08-22,25.1,20.6,0.8,89,19.3,12.52
1994-08-23,23.9,20.6,11.2,94,23.3,8.32
1994-08-24,25.0,20.5,2.6,87,24.5,13.76
1994-08-25,24.6,20.6,0.7,85,23.9,13.26
1994-08-26,22.7,20.3,4.6,92,26.4,10.03
1994-08-27,22.6,19.9,23.3,93,27.1,9.73
1994-08-28,23.3,19.7,8.4,90,29.5,11.54
1994-08-29,23.9,20.3,1.3,87,28.2,12.16
1994-08-30,24.1,20.1,2.8,88,29.0,13.24
1994-08-31,23.6,20.2,7.3,91,29.7,12.12
1994-09-01,24.0,20.2,14.3,92,31.3,9.89
1994-09-02,23.1,20.2,3.9,91,29.6,10.98
1994-09-03,24.6,20.0,4.3,88,28.8,15.03
1994-09-04,24.6,20.3,3.5,88,27.3,15.03
1994-09-05,24.7,20.4,4.0,89,28.8,14.64
1994-09-06,24.8,20.5,1.1,86,24.4,15.14
1994-09-07,24.9,20.1,2.3,86,27.8,18.07
1994-09-08,25.0,20.5,1.6,87,22.2,14.92
1994-09-09,25.6,20.4,0.4,85,20.3,15.87
1994-09-10,25.3,20.0,0.7,85,20.6,17.06
1994-09-11,26.6,20.0,0.8,82,14.3,18.0
1994-09-12,26.9,19.6,1.0,84,12.0,16.73
1994-09-13,26.9,19.4,0.0,81,13.7,17.82
1994-09-14,26.2,18.5,0.0,80,17.2,18.05
1994-09-15,26.0,17.9,0.0,80,16.9,19.24
1994-09-16,26.3,19.1,0.0,76,17.3,20.27
1994-09-17,25.3,18.6,0.1,78,20.9,17.89
1994-09-18,25.7,18.2,0.0,78,20.4,17.49
1994-09-19,26.1,18.4,0.2,79,18.7,20.03
1994-09-20,27.6,18.3,0.0,77,15.2,23.84
1994-09-21,26.9,17.2,0.0,78,9.9,20.74
1994-09-22,28.1,17.9,0.0,73,11.6,21.04
1994-09-23,28.8,19.1,0.1,76,11.8,23.44
1994-09-24,29.0,18.7,0.0,73,11.6,25.05
1994-09-25,28.9,18.2,0.0,75,11.9,23.97
1994-09-26,28.9,18.8,0.0,73,13.7,20.87
1994-09-27,29.0,20.2,6.2,77,10.6,19.0
1994-09-28,28.0,19.9,9.9,84,6.9,19.12
1994-09-29,29.9,20.8,0.0,67,14.2,20.82
1994-09-30,29.8,18.6,0.0,60,14.4,22.19
1994-10-01,29.4,19.5,7.1,76,10.9,19.86
1994-10-02,27.4,20.3,18.9,87,8.8,16.74
1994-10-03,26.1,20.1,7.2,88,9.6,11.89
1994-10-04,25.6,20.4,10.5,90,13.1,11.52
1994-10-05,24.5,20.4,25.3,93,15.0,9.39
1994-10-06,25.7,19.9,3.8,88,15.8,15.73
1994-10-07,27.1,20.1,0.0,80,14.5,17.32
1994-10-08,28.0,19.8,1.6,84,7.3,18.66
1994-10-09,27.8,20.6,3.9,87,9.7,18.71
1994-10-10,28.0,20.3,0.4,81,6.0,17.71
1994-10-11,28.9,19.6,0.0,76,8.3,21.84
1994-10-12,27.5,20.7,0.0,81,9.5,18.64
1994-10-13,27.5,21.0,4.1,86,14.4,17.01
1994-10-14,26.6,20.2,3.0,85,13.3,17.44
1994-10-15,26.5,20.0,3.2,86,11.8,17.21
1994-10-16,26.9,19.6,5.8,85,7.4,15.7
1994-10-17,27.5,20.0,0.6,73,16.7,18.44
1994-10-18,27.7,17.6,0.0,66,19.6,21.39
1994-10-19,26.3,18.9,4.0,79,20.1,15.78
1994-10-20,25.2,19.6,8.4,87,9.1,12.55
1994-10-21,27.8,19.4,0.4,81,14.8,19.97
1994-10-22,27.9,19.6,1.7,81,12.9,18.42
1994-10-23,27.5,19.2,6.1,83,14.1,18.33
1994-10-24,27.2,20.1,10.8,82,14.9,16.28
1994-10-25,27.0,19.0,20.7,86,13.0,16.52
1994-10-26,27.1,19.9,8.5,86,11.2,16.59
1994-10-27,26.7,19.5,0.2,80,15.6,17.81
1994-10-28,24.2,20.0,2.9,85,12.4,11.44
1994-10-29,26.2,20.2,6.7,84,16.4,14.96
1994-10-30,26.1,19.5,0.7,78,19.5,15.93
1994-10-31,26.5,18.2,0.0,70,25.7,18.88
1994-11-01,25.1,16.9,0.0,73,24.2,14.99
1994-11-02,24.0,18.7,0.0,75,22.5,13.95
1994-11-03,24.2,18.9,0.3,78,16.8,11.87
1994-11-04,25.3,19.6,1.4,81,20.6,12.55
1994-11-05,25.6,19.5,0.3,81,19.6,13.31
1994-11-06,25.2,17.2,0.0,75,22.8,17.3
1994-11-07,25.5,17.9,0.0,75,23.1,15.72
1994-11-08,26.4,17.7,0.0,74,21.3,19.09
1994-11-09,26.6,17.8,0.0,71,21.3,18.08
1994-11-10,25.4,18.0,0.0,76,22.0,13.27
1994-11-11,26.5,17.6,0.0,75,20.7,17.23
1994-11-12,27.2,18.0,0.0,75,16.5,18.74
1994-11-13,27.0,18.6,0.0,74,12.7,17.02
1994-11-14,27.0,18.9,0.2,73,17.6,15.0
1994-11-15,27.9,19.1,0.0,68,17.0,18.31
1994-11-16,26.3,19.2,0.0,67,15.3,16.05
1994-11-17,27.4,18.5,0.0,66,18.4,18.96
1994-11-18,28.0,18.3,0.0,63,18.5,19.3
1994-11-19,27.9,17.2,0.0,61,17.3,19.36
1994-11-20,27.7,16.6,0.0,60,15.5,20.13
1994-11-21,27.6,16.6,0.0,60,14.0,19.8
1994-11-22,27.9,16.1,0.0,60,14.4,20.14
1994-11-23,26.9,17.2,0.0,58,21.2,17.78
1994-11-24,27.7,16.9,0.0,47,23.2,21.04
1994-11-25,27.3,16.0,0.0,44,19.3,21.07
1994-11-26,27.1,14.3,0.0,48,14.8,20.95
1994-11-27,27.8,12.0,0.0,44,13.4,21.2
1994-11-28,28.4,12.1,0.0,47,13.3,20.96
1994-11-29,29.0,12.8,0.0,47,13.4,20.87
1994-11-30,28.5,13.1,0.0,50,8.9,20.76
1994-12-01,28.6,14.0,0.0,51,9.8,20.56
1994-12-02,28.6,14.8,0.0,54,12.3,20.42
1994-12-03,28.0,14.2,0.0,49,13.7,20.44
1994-12-04,27.9,15.2,0.0,49,14.8,20.36
1994-12-05,27.7,15.1,0.0,48,14.2,20.28
1994-12-06,27.2,14.3,0.0,49,16.6,20.3
1994-12-07,27.4,15.1,0.0,46,20.5,20.4
1994-12-08,27.8,13.5,0.0,48,14.6,20.48
1994-12-09,27.8,13.2,0.0,46,11.7,20.46
1994-12-10,28.2,12.9,0.0,44,12.8,20.69
1994-12-11,28.6,12.6,0.0,40,13.1,20.7
1994-12-12,28.1,12.3,0.0,35,11.8,20.85
1994-12-13,27.8,11.4,0.0,32,14.0,20.77
1994-12-14,27.7,13.1,0.0,40,15.7,20.6
1994-12-15,27.9,13.5,0.0,47,15.1,20.39
1994-12-16,27.5,13.1,0.0,47,14.1,20.43
1994-12-17,27.4,15.0,0.0,53,14.2,20.18
1994-12-18,27.8,15.7,0.0,52,16.2,19.92
1994-12-19,27.7,15.8,0.0,48,17.8,20.04
1994-12-20,28.2,15.8,0.0,58,18.4,19.44
1994-12-21,26.9,17.2,0.0,63,20.6,14.02
1994-12-22,27.1,17.6,0.0,55,20.7,17.88
1994-12-23,27.1,14.5,0.0,37,17.9,20.03
1994-12-24,26.5,14.0,0.0,36,18.8,18.71
1994-12-25,25.5,14.3,0.0,54,18.5,18.8
1994-12-26,26.0,15.3,0.0,55,17.7,16.41
1994-12-27,27.6,15.6,0.0,54,15.5,19.03
1994-12-28,28.3,15.1,0.0,52,12.3,19.84
1994-12-29,27.8,15.6,0.0,50,12.3,20.04
1994-12-30,26.9,15.3,0.0,49,15.3,20.2
1994-12-31,27.0,13.6,0.0,42,16.9,20.65
1995-01-01,28.0,12.4,0.0,40,15.1,20.77
1995-01-02,27.9,13.7,0.0,42,12.6,20.72
1995-01-03,27.8,12.2,0.0,45,13.0,20.65
1995-01-04,27.6,12.9,0.0,48,12.5,19.51
1995-01-05,26.7,15.5,0.6,61,15.3,13.48
1995-01-06,24.2,17.6,1.6,69,19.7,10.17
1995-01-07,24.4,17.3,0.1,69,13.9,8.1
1995-01-08,26.0,16.9,0.2,77,19.5,13.13
1995-01-09,27.2,13.1,0.0,61,13.6,20.78
1995-01-10,28.0,11.6,0.0,54,11.8,20.96
1995-01-11,26.3,12.4,0.0,64,16.3,20.95
1995-01-12,26.0,10.7,0.0,65,10.0,20.3
1995-01-13,25.9,14.4,0.0,58,18.3,16.72
1995-01-14,26.6,16.1,0.0,56,17.9,15.24
1995-01-15,25.6,17.4,3.4,74,18.6,14.46
1995-01-16,24.3,17.4,2.1,82,7.7,9.94
1995-01-17,21.9,16.4,1.3,83,22.6,10.77
1995-01-18,25.1,13.8,0.0,64,21.9,20.89
1995-01-19,27.7,13.9,0.0,60,15.1,20.94
1995-01-20,29.4,15.1,0.0,58,10.3,21.42
1995-01-21,30.3,14.8,0.0,55,11.0,21.58
1995-01-22,30.6,14.3,0.0,50,8.4,21.6
1995-01-23,30.1,14.8,0.0,47,13.2,21.8
1995-01-24,28.9,14.4,0.0,38,17.9,22.55
1995-01-25,28.6,14.9,0.0,43,12.1,21.86
1995-01-26,28.5,16.2,0.0,43,15.0,21.72
1995-01-27,28.4,15.7,0.0,41,14.9,21.79
1995-01-28,27.6,15.7,0.0,48,17.3,20.82
1995-01-29,28.1,16.2,0.0,46,15.9,21.43
1995-01-30,28.9,15.5,0.0,46,15.0,21.8
1995-01-31,29.8,17.2,0.0,49,16.2,20.77
1995-02-01,30.1,17.6,0.0,49,13.4,20.92
1995-02-02,30.2,18.0,0.0,47,14.2,20.27
1995-02-03,30.8,17.6,0.0,48,9.4,21.19
1995-02-04,30.6,18.2,0.0,47,12.8,21.66
1995-02-05,31.5,17.4,0.0,45,10.7,22.04
1995-02-06,31.1,18.3,0.0,42,17.4,22.66
1995-02-07,30.7,17.7,0.0,39,19.6,22.94
1995-02-08,30.9,17.4,0.0,41,13.1,22.87
1995-02-09,31.7,17.2,0.0,40,7.7,22.89
1995-02-10,32.5,18.8,0.0,50,9.8,21.67
1995-02-11,32.3,19.2,0.0,52,10.4,21.55
1995-02-12,32.0,19.2,0.0,59,12.5,21.79
1995-02-13,31.5,18.3,0.0,60,13.7,22.03
1995-02-14,31.0,17.2,0.0,51,13.6,23.29
1995-02-15,30.7,16.4,0.0,48,10.7,23.5
1995-02-16,31.6,17.7,0.0,43,15.7,23.72
1995-02-17,31.7,16.2,0.0,50,19.7,23.77
1995-02-18,31.3,15.2,0.0,50,17.1,24.19
1995-02-19,32.0,14.1,0.0,48,16.3,24.57
1995-02-20,32.2,14.8,0.0,42,13.7,24.45
1995-02-21,32.4,17.6,0.0,38,12.1,24.22
1995-02-22,33.1,18.1,0.0,41,13.6,23.05
1995-02-23,31.8,17.7,0.0,53,11.5,23.88
1995-02-24,32.2,17.3,0.0,40,12.6,24.75
1995-02-25,32.8,18.0,0.0,36,13.7,24.69
1995-02-26,32.7,17.1,0.0,46,17.6,24.53
1995-02-27,31.4,17.6,0.0,48,17.7,24.54
1995-02-28,32.4,15.1,0.0,47,12.0,25.3
1995-03-01,33.2,17.5,0.0,42,10.6,24.83
1995-03-02,33.3,19.5,0.0,41,10.2,23.9
1995-03-03,33.9,18.8,0.0,49,10.7,22.8
1995-03-04,33.7,18.5,0.0,46,17.7,24.01
1995-03-05,33.1,18.8,0.0,48,12.3,24.83
1995-03-06,33.0,20.5,0.0,36,16.2,24.15
1995-03-07,33.0,19.7,0.0,34,14.2,24.76
1995-03-08,33.6,19.3,0.0,37,16.2,25.45
1995-03-09,31.8,18.3,0.0,60,16.6,23.01
1995-03-10,32.2,18.9,0.0,48,16.8,23.36
1995-03-11,32.7,17.9,0.0,41,16.0,24.89
1995-03-12,33.2,18.6,0.0,45,16.9,24.7
1995-03-13,32.7,20.8,0.0,49,10.0,22.13
1995-03-14,33.3,20.9,1.4,48,9.2,21.46
1995-03-15,34.3,22.4,0.0,42,12.2,23.16
1995-03-16,34.7,22.5,0.0,44,13.5,24.08
1995-03-17,34.1,21.7,0.1,51,14.0,22.69
1995-03-18,33.2,22.3,0.2,55,13.8,21.76
1995-03-19,34.3,21.6,0.0,40,13.1,22.15
1995-03-20,34.1,21.3,0.0,33,13.6,22.68
1995-03-21,34.1,22.5,0.0,34,11.4,21.39
1995-03-22,34.0,22.7,0.0,37,12.9,21.52
1995-03-23,34.8,22.7,0.0,40,10.7,21.88
1995-03-24,34.2,22.0,0.0,56,17.4,22.36
1995-03-25,33.3,22.2,1.1,64,16.5,21.1
1995-03-26,33.7,20.2,0.0,56,19.3,25.87
1995-03-27,32.8,17.3,0.0,45,16.6,27.42
1995-03-28,34.0,17.3,0.0,33,18.3,27.42
1995-03-29,33.1,17.7,0.0,46,17.3,27.15
1995-03-30,34.3,17.0,0.0,53,18.2,26.92
1995-03-31,34.2,17.6,0.0,55,14.5,26.72
1995-04-01,34.4,20.1,0.0,49,17.7,24.57
1995-04-02,35.3,19.8,0.0,45,16.6,25.59
1995-04-03,35.4,21.4,0.0,40,15.6,22.73
1995-04-04,35.0,23.5,0.0,42,15.8,21.93
1995-04-05,35.9,22.8,0.0,45,13.4,23.68
1995-04-06,33.6,23.1,0.0,52,14.8,22.15
1995-04-07,34.9,21.8,0.0,54,19.6,24.33
1995-04-08,35.0,20.6,0.0,47,20.8,26.4
1995-04-09,34.9,19.1,0.0,46,17.3,26.57
1995-04-10,35.7,20.8,0.0,47,12.3,25.96
1995-04-11,34.9,21.8,0.0,54,15.0,24.4
1995-04-12,35.9,21.8,0.0,58,15.1,26.3
1995-04-13,35.1,22.1,0.1,60,19.8,24.59
1995-04-14,35.0,20.9,0.0,54,19.6,24.71
1995-04-15,34.4,20.4,0.0,52,15.1,25.86
1995-04-16,35.3,20.7,0.0,49,20.0,26.2
1995-04-17,34.1,21.9,0.1,43,10.9,21.91
1995-04-18,36.0,23.3,0.2,42,10.5,22.53
1995-04-19,36.1,23.1,0.2,46,14.4,25.28
1995-04-20,36.2,23.1,0.0,55,15.3,25.42
1995-04-21,35.8,23.3,1.9,61,12.0,24.13
1995-04-22,35.3,22.9,2.7,58,6.1,23.66
1995-04-23,35.1,23.2,1.8,62,17.7,22.73
1995-04-24,34.8,23.6,0.6,52,10.4,22.62
1995-04-25,35.0,23.4,0.5,62,11.5,23.73
1995-04-26,36.8,24.3,0.0,50,10.1,24.11
1995-04-27,35.2,24.5,0.3,51,13.4,24.08
1995-04-28,36.3,23.2,0.0,60,15.9,24.09
1995-04-29,35.2,23.4,0.0,64,17.7,23.95
1995-04-30,36.0,22.7,0.0,60,18.4,24.57
1995-05-01,34.2,23.4,2.8,70,18.1,22.78
1995-05-02,35.1,23.7,0.1,57,12.9,24.43
1995-05-03,34.7,23.4,0.9,59,15.5,23.55
1995-05-04,35.4,23.4,0.0,56,16.4,22.77
1995-05-05,34.9,24.5,1.3,50,12.3,21.52
1995-05-06,34.7,24.6,1.4,53,14.3,20.04
1995-05-07,31.9,22.8,0.0,53,20.2,18.72
1995-05-08,29.1,20.8,0.1,58,20.3,16.79
1995-05-09,33.2,21.9,2.3,68,17.2,19.96
1995-05-10,31.6,22.3,5.7,73,20.9,21.09
1995-05-11,27.0,22.1,0.0,76,21.1,8.11
1995-05-12,29.9,22.7,0.0,73,24.5,18.53
1995-05-13,31.1,21.6,1.5,73,24.5,18.46
1995-05-14,30.5,21.9,2.3,75,24.2,19.21
1995-05-15,29.3,22.3,0.0,72,27.9,19.46
1995-05-16,31.1,22.0,0.0,71,24.9,20.74
1995-05-17,32.2,21.4,0.4,71,22.9,23.62
1995-05-18,32.2,20.4,0.0,67,19.1,24.96
1995-05-19,33.7,19.4,0.0,61,16.6,27.79
1995-05-20,34.1,18.2,0.0,55,17.3,27.7
1995-05-21,32.7,20.1,0.5,64,15.9,24.96
1995-05-22,32.3,20.7,0.4,64,16.9,24.57
1995-05-23,33.4,20.2,0.0,65,18.6,24.71
1995-05-24,33.6,21.4,0.0,62,20.9,23.34
1995-05-25,35.2,21.0,0.0,48,12.3,25.02
1995-05-26,33.5,22.5,8.2,68,14.9,22.23
1995-05-27,33.1,22.3,1.6,75,17.0,21.15
1995-05-28,33.1,22.5,0.8,74,14.6,22.23
1995-05-29,33.7,23.3,1.7,75,16.9,22.45
1995-05-30,34.4,23.3,2.8,74,17.3,22.78
1995-05-31,33.5,22.7,1.2,72,18.9,22.08
1995-06-01,35.5,22.7,1.2,68,18.1,25.05
1995-06-02,34.4,24.0,1.4,69,17.3,23.64
1995-06-03,34.5,23.6,0.0,69,18.4,23.82
1995-06-04,32.0,23.5,0.0,71,22.4,17.95
1995-06-05,33.1,23.0,0.0,69,21.6,22.43
1995-06-06,33.5,22.5,0.0,66,19.9,24.06
1995-06-07,32.3,22.3,0.0,67,23.0,23.09
1995-06-08,33.1,22.4,0.0,65,21.6,22.23
1995-06-09,33.0,21.9,0.0,63,22.0,23.87
1995-06-10,30.5,22.6,0.8,75,22.4,16.76
1995-06-11,30.7,22.4,0.9,76,20.4,18.58
1995-06-12,29.9,22.6,1.2,79,23.1,18.91
1995-06-13,30.3,22.4,4.1,81,21.3,18.14
1995-06-14,25.0,21.9,9.6,94,27.1,6.67
1995-06-15,27.9,22.1,2.4,84,21.1,15.88
1995-06-16,28.2,22.1,1.6,83,22.6,16.61
1995-06-17,27.8,22.2,4.3,86,21.2,14.22
1995-06-18,29.1,21.9,0.4,79,21.0,17.54
1995-06-19,29.6,21.9,0.3,78,21.3,20.41
1995-06-20,28.3,22.0,0.7,81,22.0,15.92
1995-06-21,27.4,21.8,1.5,83,21.4,15.56
1995-06-22,25.9,21.7,3.2,86,19.6,12.54
1995-06-23,28.6,21.7,2.6,82,20.5,17.22
1995-06-24,28.0,21.9,0.7,81,19.1,18.58
1995-06-25,28.4,21.7,1.8,81,19.5,17.25
1995-06-26,29.6,21.7,2.7,81,22.6,17.28
1995-06-27,26.0,21.7,1.4,84,19.9,11.96
1995-06-28,27.9,21.3,2.7,85,20.7,13.74
1995-06-29,25.3,21.4,3.1,91,19.5,8.37
1995-06-30,26.9,21.6,4.9,85,22.7,14.88
1995-07-01,26.9,21.7,1.1,85,27.7,15.16
1995-07-02,26.7,22.3,1.2,83,26.0,13.71
1995-07-03,27.9,21.6,0.0,79,22.7,17.08
1995-07-04,28.5,21.5,1.2,80,20.2,18.08
1995-07-05,29.0,21.8,1.5,80,18.1,19.02
1995-07-06,28.5,21.6,1.7,82,18.5,18.39
1995-07-07,27.2,21.3,3.8,86,21.5,15.81
1995-07-08,27.0,21.0,8.7,87,20.2,15.35
1995-07-09,26.3,21.3,2.4,87,27.5,15.2
1995-07-10,25.8,21.2,5.1,88,23.3,11.83
1995-07-11,24.4,20.8,19.8,95,24.5,9.94
1995-07-12,22.8,20.6,9.1,94,26.4,7.57
1995-07-13,24.7,20.5,8.5,91,25.4,13.58
1995-07-14,25.1,20.6,2.2,89,23.9,13.45
1995-07-15,25.2,20.6,2.6,87,28.0,14.07
1995-07-16,24.7,20.3,6.1,89,29.5,14.7
1995-07-17,23.9,20.5,5.7,90,31.0,11.24
1995-07-18,24.7,20.2,11.4,92,31.9,11.62
1995-07-19,23.4,20.7,14.5,95,30.1,6.29
1995-07-20,22.4,20.6,12.6,94,29.7,6.03
1995-07-21,23.7,20.4,7.1,92,26.9,10.8
1995-07-22,24.7,20.5,2.9,87,28.0,15.98
1995-07-23,25.7,20.9,5.0,86,23.1,15.17
1995-07-24,25.5,20.9,0.7,87,22.9,9.26
1995-07-25,24.8,20.8,3.3,88,24.6,13.41
1995-07-26,25.3,20.4,1.4,87,24.5,13.17
1995-07-27,25.7,21.0,8.0,88,21.0,14.52
1995-07-28,26.7,20.9,8.2,85,15.5,12.74
1995-07-29,26.5,21.3,4.5,87,18.1,14.64
1995-07-30,26.4,21.0,1.5,87,22.3,16.54
1995-07-31,25.3,20.9,2.5,89,23.1,13.99
1995-08-01,24.6,20.7,15.9,93,23.6,10.63
1995-08-02,24.0,20.5,6.1,92,26.2,9.02
1995-08-03,25.6,21.0,1.5,88,27.2,15.7
1995-08-04,26.3,21.0,2.3,85,23.3,16.3
1995-08-05,26.9,21.1,0.9,83,22.0,18.09
1995-08-06,27.2,21.2,0.6,81,20.9,16.96
1995-08-07,26.2,20.9,1.1,84,25.2,17.54
1995-08-08,25.6,21.2,0.8,84,26.3,16.07
1995-08-09,25.8,20.9,0.8,84,23.1,15.22
1995-08-10,26.8,21.0,1.6,87,15.0,16.74
1995-08-11,27.3,21.4,4.0,86,9.9,14.91
1995-08-12,27.4,21.4,1.5,84,17.7,17.39
1995-08-13,26.7,21.0,1.2,85,22.1,15.9
1995-08-14,26.1,20.8,0.8,83,21.5,16.19
1995-08-15,26.5,20.5,0.9,82,21.6,18.28
1995-08-16,26.9,20.5,1.5,84,16.2,15.78
1995-08-17,27.0,20.6,2.1,83,16.2,16.77
1995-08-18,28.0,20.9,2.3,83,13.6,17.19
1995-08-19,27.5,21.3,1.2,81,14.4,18.22
1995-08-20,28.3,20.1,0.0,78,16.1,19.57
1995-08-21,29.1,19.7,0.0,77,15.5,21.67
1995-08-22,29.3,19.5,0.0,76,15.2,20.88
1995-08-23,29.5,20.6,0.0,76,18.0,21.39
1995-08-24,27.7,20.8,0.2,80,15.7,14.16
1995-08-25,27.1,21.5,3.1,84,17.2,17.1
1995-08-26,26.3,21.6,4.9,86,19.8,13.29
1995-08-27,26.4,21.2,2.1,87,22.4,12.46
1995-08-28,24.7,20.9,1.7,86,26.3,12.63
1995-08-29,23.0,20.3,7.2,93,22.6,7.4
1995-08-30,22.7,20.4,8.7,93,24.4,6.43
1995-08-31,22.2,20.7,12.6,94,28.7,6.07
1995-09-01,23.0,20.6,13.4,94,28.7,6.63
1995-09-02,24.3,20.5,3.1,90,35.9,12.46
1995-09-03,25.1,20.6,1.3,88,31.7,14.43
1995-09-04,24.7,20.0,2.5,89,26.9,15.27
1995-09-05,25.9,20.2,1.2,86,23.1,16.5
1995-09-06,25.3,20.2,1.1,88,22.5,13.39
1995-09-07,26.1,19.9,0.7,85,18.5,16.29
1995-09-08,27.0,20.4,1.1,83,15.9,17.12
1995-09-09,27.0,20.3,0.7,80,12.1,19.1
1995-09-10,28.4,18.2,0.0,73,10.4,24.22
1995-09-11,25.9,20.3,11.8,87,8.8,10.78
1995-09-12,24.2,20.4,12.1,93,8.7,5.66
1995-09-13,25.6,20.1,7.8,90,18.6,13.78
1995-09-14,26.2,20.6,2.4,88,17.0,15.71
1995-09-15,27.5,20.9,2.1,83,16.4,18.12
1995-09-16,27.0,21.4,1.4,85,14.8,13.42
1995-09-17,26.8,21.3,10.2,88,12.9,13.27
1995-09-18,26.5,21.1,0.9,87,18.0,15.36
1995-09-19,26.9,20.9,1.0,85,15.2,17.51
1995-09-20,28.1,20.8,0.0,79,13.2,20.34
1995-09-21,29.2,19.9,0.6,78,12.8,22.24
1995-09-22,28.1,19.1,0.3,77,14.8,22.49
1995-09-23,27.2,20.5,0.7,80,17.1,19.94
1995-09-24,27.5,19.3,0.0,81,14.0,20.89
1995-09-25,29.0,19.3,0.2,79,12.2,22.36
1995-09-26,26.5,20.3,0.7,83,11.3,14.48
1995-09-27,27.1,19.8,2.8,84,14.0,16.78
1995-09-28,27.0,20.4,6.2,86,13.3,14.95
1995-09-29,27.8,20.1,3.1,85,11.9,17.25
1995-09-30,27.1,20.1,6.7,88,12.6,14.4
1995-10-01,27.5,20.6,16.6,89,10.3,14.41
1995-10-02,27.0,20.2,5.4,87,11.5,17.05
1995-10-03,28.0,20.7,5.2,86,14.8,17.87
1995-10-04,27.9,20.2,3.3,85,13.1,18.04
1995-10-05,29.1,21.0,3.0,84,11.2,18.91
1995-10-06,29.4,20.8,0.0,77,10.4,21.57
1995-10-07,29.2,21.4,0.0,75,12.6,19.62
1995-10-08,29.0,21.1,0.0,72,12.1,17.45
1995-10-09,26.6,21.1,0.5,79,10.3,11.29
1995-10-10,22.6,20.1,21.7,91,12.3,3.96
1995-10-11,21.2,19.9,51.0,97,13.4,1.75
1995-10-12,24.9,20.3,12.7,92,17.8,8.96
1995-10-13,25.5,20.7,1.2,88,18.2,12.55
1995-10-14,26.4,20.2,4.7,85,13.3,14.55
1995-10-15,26.7,19.1,0.0,80,11.2,17.79
1995-10-16,27.6,18.5,0.0,80,11.5,19.97
1995-10-17,27.1,19.5,9.6,87,10.9,15.35
1995-10-18,24.3,20.7,21.6,92,16.3,7.12
1995-10-19,25.9,21.0,4.3,87,14.7,12.96
1995-10-20,27.1,19.7,0.4,80,12.5,17.91
1995-10-21,26.4,18.2,0.3,78,14.2,17.69
1995-10-22,26.9,20.0,1.1,80,14.7,16.43
1995-10-23,27.4,20.3,5.7,82,19.7,16.24
1995-10-24,27.1,20.4,0.8,83,18.4,16.42
1995-10-25,26.9,20.5,3.3,83,20.8,15.85
1995-10-26,27.3,20.0,0.1,79,20.5,17.92
1995-10-27,27.2,18.7,0.0,74,18.6,19.72
1995-10-28,28.2,19.4,1.8,78,15.8,19.75
1995-10-29,27.3,19.6,0.4,79,13.8,17.21
1995-10-30,27.6,19.0,0.0,76,10.2,18.78
1995-10-31,28.4,18.9,0.0,71,10.1,19.96
1995-11-01,28.2,16.7,0.0,65,14.8,22.48
1995-11-02,28.0,17.0,0.0,63,14.5,22.6
1995-11-03,27.8,17.4,0.0,56,15.8,22.67
1995-11-04,27.6,15.3,0.0,55,10.9,22.7
1995-11-05,27.6,15.9,0.0,55,15.5,22.46
1995-11-06,27.8,16.3,0.0,55,12.5,20.87
1995-11-07,28.2,16.7,0.0,51,13.0,22.17
1995-11-08,27.8,15.7,0.0,52,10.8,22.15
1995-11-09,27.8,13.5,0.0,57,10.0,22.21
1995-11-10,27.9,14.1,0.0,65,12.4,22.06
1995-11-11,27.5,16.0,0.0,69,9.3,20.12
1995-11-12,27.7,15.4,0.1,69,12.6,17.49
1995-11-13,30.0,20.6,0.0,54,10.1,19.31
1995-11-14,29.2,17.2,0.0,46,14.3,21.63
1995-11-15,28.7,14.9,0.0,44,13.0,21.9
1995-11-16,28.5,14.0,0.0,44,11.7,21.95
1995-11-17,28.0,13.7,0.0,49,10.9,21.53
1995-11-18,29.0,17.2,0.0,52,11.3,18.32
1995-11-19,27.5,19.0,0.0,64,14.0,15.78
1995-11-20,28.2,19.7,0.2,64,17.3,15.55
1995-11-21,27.6,20.0,0.7,69,14.3,13.91
1995-11-22,26.4,19.8,2.9,77,11.8,12.13
1995-11-23,25.6,19.4,9.2,84,10.5,11.03
1995-11-24,22.9,18.9,4.2,88,12.5,8.99
1995-11-25,25.5,18.0,0.6,79,12.1,15.11
1995-11-26,26.3,17.8,0.1,72,8.7,15.4
1995-11-27,27.0,18.1,0.0,75,8.0,16.71
1995-11-28,27.1,17.5,0.0,71,8.8,16.81
1995-11-29,27.6,16.3,0.0,69,8.9,18.39
1995-11-30,27.8,15.5,0.0,63,12.6,19.4
1995-12-01,27.4,16.9,0.0,59,12.1,18.69
1995-12-02,27.7,18.5,0.0,53,10.7,18.37
1995-12-03,28.0,17.5,0.0,52,10.7,19.84
1995-12-04,28.3,16.8,0.0,56,10.7,20.12
1995-12-05,28.4,17.0,0.0,56,12.3,19.73
1995-12-06,28.2,17.7,0.0,56,16.2,17.75
1995-12-07,27.9,16.8,0.0,54,16.0,18.69
1995-12-08,27.5,15.9,0.0,51,15.2,19.78
1995-12-09,27.3,16.0,0.0,49,16.9,20.27
1995-12-10,27.7,14.4,0.0,46,13.6,20.26
1995-12-11,28.0,15.7,0.0,52,15.2,19.57
1995-12-12,27.9,16.3,0.0,48,18.2,20.12
1995-12-13,28.3,14.6,0.0,47,17.0,20.28
1995-12-14,28.8,14.5,0.0,47,17.1,20.14
1995-12-15,29.1,14.8,0.0,45,17.0,20.02
1995-12-16,28.8,16.1,0.0,43,21.5,20.1
1995-12-17,29.0,15.4,0.0,44,20.3,20.17
1995-12-18,29.0,15.8,0.0,45,22.7,20.06
1995-12-19,28.9,15.8,0.0,46,22.2,20.1
1995-12-20,29.1,16.1,0.0,45,21.0,20.22
1995-12-21,28.9,15.6,0.0,46,18.1,20.29
1995-12-22,29.0,15.1,0.0,44,14.8,20.36
1995-12-23,28.7,15.1,0.0,44,14.4,20.4
1995-12-24,28.5,13.5,0.0,47,11.6,20.15
1995-12-25,29.0,13.9,0.0,51,8.4,19.95
1995-12-26,28.6,16.8,0.0,49,16.3,19.78
1995-12-27,28.2,17.0,0.0,48,15.8,19.87
1995-12-28,28.1,16.2,0.0,49,15.1,20.04
1995-12-29,27.2,16.8,0.0,58,18.5,17.3
1995-12-30,27.0,16.4,0.0,54,15.3,15.97
1995-12-31,27.6,14.7,0.0,63,10.7,17.99
1996-01-01,28.0,15.3,0.0,62,12.0,17.9
1996-01-02,28.5,17.5,0.0,54,12.6,16.95
1996-01-03,29.3,17.6,0.0,51,13.8,17.58
1996-01-04,29.2,18.1,0.0,49,13.3,17.04
1996-01-05,29.3,18.7,0.0,52,13.3,17.19
1996-01-06,29.3,17.2,0.0,49,11.9,17.9
1996-01-07,29.4,16.1,0.0,42,10.7,18.69
1996-01-08,29.2,16.5,0.0,37,16.1,20.49
1996-01-09,28.5,16.3,0.0,43,15.6,20.16
1996-01-10,27.2,16.1,0.0,54,12.5,14.95
1996-01-11,28.8,15.4,0.0,57,10.8,17.92
1996-01-12,29.8,15.5,0.0,52,11.5,20.34
1996-01-13,30.0,15.7,0.0,44,11.7,20.93
1996-01-14,30.1,15.3,0.0,44,15.3,21.01
1996-01-15,28.3,15.1,0.0,65,14.7,19.17
1996-01-16,29.0,15.3,0.0,66,12.6,19.84
1996-01-17,29.6,16.2,0.0,55,9.4,19.68
1996-01-18,31.1,17.9,0.0,47,10.7,20.36
1996-01-19,30.5,15.8,0.0,35,10.0,21.68
1996-01-20,30.2,14.6,0.0,33,9.2,21.84
1996-01-21,30.2,15.3,0.0,43,11.8,20.97
1996-01-22,29.6,19.5,0.0,40,15.3,19.61
1996-01-23,29.4,18.5,0.0,37,16.7,21.44
1996-01-24,29.3,16.0,0.0,36,19.8,21.9
1996-01-25,29.5,15.3,0.0,39,17.3,21.8
1996-01-26,30.4,14.9,0.0,33,10.1,22.13
1996-01-27,30.2,16.8,0.0,33,16.5,21.89
1996-01-28,30.3,17.3,0.0,35,18.7,22.04
1996-01-29,30.1,17.3,0.0,41,18.7,22.05
1996-01-30,30.8,17.2,0.0,37,20.7,22.33
1996-01-31,30.8,16.7,0.0,38,13.2,22.27
1996-02-01,30.8,17.0,0.0,35,12.8,22.4
1996-02-02,30.9,16.7,0.0,40,12.8,21.84
1996-02-03,31.1,17.5,0.0,35,17.6,22.69
1996-02-04,31.0,17.2,0.0,29,18.8,22.85
1996-02-05,30.7,16.8,0.0,28,19.1,22.78
1996-02-06,30.3,16.3,0.0,33,16.2,22.36
1996-02-07,30.4,18.6,0.0,33,15.0,21.74
1996-02-08,29.3,17.0,0.0,40,12.2,18.13
1996-02-09,28.9,16.6,0.0,62,17.1,18.39
1996-02-10,29.5,16.5,0.0,45,9.8,22.64
1996-02-11,30.6,17.8,0.0,36,12.8,21.57
1996-02-12,28.4,20.0,0.2,49,17.3,16.72
1996-02-13,29.2,20.1,0.2,48,13.2,16.57
1996-02-14,30.5,19.3,0.0,57,15.9,17.17
1996-02-15,30.7,20.1,0.0,56,8.4,17.82
1996-02-16,31.5,19.6,0.0,46,14.8,18.6
1996-02-17,32.3,19.6,0.0,37,17.4,23.55
1996-02-18,32.7,19.1,0.0,35,23.1,23.99
1996-02-19,32.6,18.6,0.0,30,16.6,24.35
1996-02-20,33.1,19.4,0.0,25,10.4,24.4
1996-02-21,33.1,17.0,0.0,48,18.1,23.92
1996-02-22,33.3,17.6,0.0,46,14.4,24.65
1996-02-23,34.2,16.1,0.0,41,13.8,24.71
1996-02-24,33.8,17.8,0.2,37,14.3,23.79
1996-02-25,33.4,18.8,0.0,50,18.1,23.71
1996-02-26,32.3,17.8,0.0,53,13.0,24.04
1996-02-27,33.1,19.3,0.0,42,12.2,24.38
1996-02-28,33.5,18.9,0.0,38,10.0,24.08
1996-02-29,34.1,19.4,0.0,28,15.0,25.37
1996-03-01,34.0,18.9,0.0,21,15.5,25.68
1996-03-02,33.6,20.0,0.0,26,14.6,25.04
1996-03-03,33.0,18.4,0.0,31,14.0,25.0
1996-03-04,32.7,17.3,0.0,28,9.6,25.47
1996-03-05,32.9,17.8,0.0,40,8.9,25.39
1996-03-06,33.3,18.8,0.0,37,10.3,25.0
1996-03-07,33.8,18.4,0.0,39,10.8,25.68
1996-03-08,34.0,18.7,0.0,44,9.9,25.47
1996-03-09,34.2,19.7,0.0,50,10.2,24.57
1996-03-10,35.0,20.1,0.0,31,17.2,26.0
1996-03-11,35.2,18.4,0.0,39,14.0,25.59
1996-03-12,35.1,20.4,0.0,50,11.5,25.06
1996-03-13,36.4,19.7,0.0,36,13.2,25.87
1996-03-14,36.3,20.3,0.0,53,12.5,24.68
1996-03-15,36.1,20.6,0.0,58,20.3,24.97
1996-03-16,34.1,20.8,0.0,62,18.8,24.1
1996-03-17,33.2,20.8,0.0,62,19.5,22.68
1996-03-18,34.5,20.9,0.0,59,20.4,24.49
1996-03-19,35.0,21.4,0.0,52,18.4,23.79
1996-03-20,35.1,21.9,0.0,46,18.9,23.37
1996-03-21,35.1,21.2,0.0,57,17.9,23.67
1996-03-22,35.6,22.5,0.0,40,13.9,23.34
1996-03-23,37.2,23.3,0.0,34,12.2,25.87
1996-03-24,37.5,21.8,0.0,38,19.6,26.5
1996-03-25,36.8,20.9,0.0,59,16.2,24.55
1996-03-26,35.8,22.1,0.0,65,21.9,23.12
1996-03-27,36.2,20.7,0.0,56,19.2,26.66
1996-03-28,37.5,19.6,0.0,53,16.6,26.59
1996-03-29,38.4,22.3,0.0,51,16.9,26.15
1996-03-30,36.2,21.7,0.1,62,20.9,25.14
1996-03-31,36.2,20.8,0.0,51,16.4,24.81
1996-04-01,36.9,20.1,0.0,45,15.0,27.16
1996-04-02,35.7,20.6,0.0,51,13.6,26.0
1996-04-03,35.4,21.2,0.0,50,18.5,24.36
1996-04-04,34.9,22.7,0.0,44,18.1,23.64
1996-04-05,34.9,23.4,0.0,39,15.6,21.84
1996-04-06,34.8,20.8,0.0,43,9.2,21.52
1996-04-07,36.8,21.3,0.0,51,16.2,24.0
1996-04-08,34.8,21.5,0.0,59,17.6,23.13
1996-04-09,33.9,23.0,0.9,60,16.2,22.64
1996-04-10,35.2,22.7,0.0,58,23.2,23.59
1996-04-11,35.8,20.0,0.0,48,19.1,26.11
1996-04-12,33.7,21.2,3.4,49,11.3,21.92
1996-04-13,31.8,21.0,9.5,73,8.9,21.95
1996-04-14,30.0,20.5,8.2,74,9.4,22.57
1996-04-15,30.5,20.6,1.2,70,12.9,22.56
1996-04-16,31.0,21.3,0.4,70,16.0,23.01
1996-04-17,32.7,19.8,0.0,66,16.7,24.68
1996-04-18,33.6,19.9,0.1,64,16.0,25.19
1996-04-19,33.9,20.8,0.0,60,16.4,24.79
1996-04-20,35.6,21.0,0.0,51,19.2,25.71
1996-04-21,35.8,20.3,0.0,47,17.7,27.1
1996-04-22,36.1,20.2,0.0,57,18.1,26.41
1996-04-23,35.3,21.9,0.0,60,14.8,23.54
1996-04-24,36.7,21.7,0.0,58,21.2,25.34
1996-04-25,36.8,20.8,0.0,57,21.8,25.96
1996-04-26,36.7,20.9,0.0,61,21.1,24.82
1996-04-27,37.1,21.1,0.0,59,21.3,25.79
1996-04-28,37.0,21.5,0.0,59,21.8,25.55
1996-04-29,37.9,21.3,0.0,58,23.6,25.34
1996-04-30,38.1,22.1,0.0,63,21.3,24.37
1996-05-01,35.4,22.7,0.0,65,22.3,25.21
1996-05-02,36.4,21.8,0.0,59,19.1,26.07
1996-05-03,38.0,21.2,0.0,57,19.9,25.86
1996-05-04,39.1,22.4,0.0,43,18.9,26.77
1996-05-05,37.8,21.2,0.2,55,25.5,27.33
1996-05-06,36.2,20.8,0.0,60,21.8,27.59
1996-05-07,35.5,20.3,0.0,59,19.8,26.66
1996-05-08,34.9,20.3,0.1,63,22.8,24.85
1996-05-09,33.9,21.1,0.0,63,19.2,25.66
1996-05-10,34.0,20.6,0.0,63,18.4,25.15
1996-05-11,36.4,19.5,0.0,58,19.1,27.05
1996-05-12,36.9,20.5,0.0,58,22.4,27.23
1996-05-13,35.0,20.3,0.0,58,20.6,27.4
1996-05-14,34.4,20.2,0.0,53,22.0,28.0
1996-05-15,34.3,19.0,0.0,57,17.9,27.86
1996-05-16,36.3,19.8,0.0,57,21.0,27.22
1996-05-17,36.2,22.1,0.1,51,19.0,22.63
1996-05-18,36.2,23.3,0.4,52,22.7,21.98
1996-05-19,35.2,22.3,0.6,61,17.4,23.07
1996-05-20,36.1,21.4,0.0,56,18.6,26.99
1996-05-21,36.9,20.4,0.0,55,17.4,25.31
1996-05-22,36.8,22.4,1.7,63,20.7,23.54
1996-05-23,34.8,22.8,4.6,69,16.7,23.42
1996-05-24,32.3,23.0,6.8,77,18.1,18.82
1996-05-25,33.3,22.9,0.2,72,18.1,22.33
1996-05-26,33.9,23.5,7.2,78,18.0,19.83
1996-05-27,30.6,22.5,15.9,84,17.7,19.66
1996-05-28,31.5,22.3,1.5,71,18.2,22.86
1996-05-29,32.0,21.8,0.0,68,16.6,25.26
1996-05-30,32.7,22.7,0.9,71,15.8,24.94
1996-05-31,33.3,22.4,2.4,71,12.4,24.21
1996-06-01,33.1,23.2,0.8,70,14.8,22.29
1996-06-02,32.9,22.7,5.8,76,14.7,21.55
1996-06-03,33.3,23.4,3.6,71,18.1,23.57
1996-06-04,32.8,23.0,1.5,71,17.3,21.2
1996-06-05,32.0,22.8,1.0,73,16.7,21.36
1996-06-06,32.2,22.5,4.1,75,17.4,21.38
1996-06-07,28.7,21.8,19.1,86,12.5,14.09
1996-06-08,30.6,22.0,8.9,82,19.0,19.87
1996-06-09,28.1,22.2,2.4,81,17.1,17.33
1996-06-10,28.3,21.6,4.1,81,20.8,17.71
1996-06-11,27.8,21.5,4.3,78,18.7,16.9
1996-06-12,28.0,21.7,12.2,81,16.2,16.5
1996-06-13,28.1,21.8,8.6,82,16.4,15.5
1996-06-14,26.5,21.8,4.4,86,30.3,12.89
1996-06-15,24.0,21.2,18.1,93,25.7,8.35
1996-06-16,22.6,21.0,33.2,96,27.3,5.19
1996-06-17,24.5,21.4,32.2,94,32.7,7.08
1996-06-18,24.5,21.1,24.2,92,35.9,12.2
1996-06-19,24.0,20.9,22.3,95,32.4,6.93
1996-06-20,25.8,20.6,2.4,91,27.5,15.38
1996-06-21,26.2,20.8,2.1,87,23.2,16.35
1996-06-22,25.3,20.8,1.7,86,23.1,15.98
1996-06-23,26.2,20.9,1.0,86,23.6,15.63
1996-06-24,27.7,21.1,1.3,83,21.7,20.64
1996-06-25,28.4,21.1,0.0,78,20.9,22.04
1996-06-26,28.8,20.4,0.0,77,17.7,21.91
1996-06-27,28.3,20.7,0.4,77,17.7,20.85
1996-06-28,28.8,20.7,0.0,76,18.4,23.31
1996-06-29,27.6,21.3,0.0,78,23.4,21.27
1996-06-30,27.2,20.7,0.1,78,23.1,21.91
1996-07-01,27.3,20.6,0.6,79,21.0,19.95
1996-07-02,27.9,20.8,0.6,79,17.6,19.84
1996-07-03,27.6,20.8,0.6,80,16.3,18.11
1996-07-04,27.7,21.3,1.4,82,18.0,18.54
1996-07-05,27.3,21.3,4.3,82,18.9,16.56
1996-07-06,26.7,21.3,1.9,84,18.9,14.43
1996-07-07,26.4,21.1,4.1,82,14.4,15.43
1996-07-08,26.9,21.3,14.1,87,12.6,13.59
1996-07-09,26.5,21.3,6.0,83,13.4,17.57
1996-07-10,27.2,21.4,4.4,86,19.0,17.85
1996-07-11,26.2,21.1,2.6,85,20.9,16.27
1996-07-12,25.9,21.1,3.1,87,18.6,15.47
1996-07-13,26.6,20.9,2.8,87,22.6,16.45
1996-07-14,24.9,21.0,15.2,91,22.4,9.31
1996-07-15,24.0,20.6,6.6,92,24.2,10.39
1996-07-16,22.3,20.5,17.3,94,25.2,5.71
1996-07-17,24.1,20.6,5.1,92,25.6,8.89
1996-07-18,24.6,20.6,5.7,89,33.9,14.99
1996-07-19,24.9,20.4,4.8,91,28.3,11.0
1996-07-20,24.5,20.4,5.0,90,30.1,11.27
1996-07-21,21.9,20.4,20.2,96,21.9,4.51
1996-07-22,21.9,20.3,14.5,95,24.9,6.47
1996-07-23,22.8,20.3,6.0,92,30.2,8.14
1996-07-24,23.7,20.2,6.0,90,31.9,10.82
1996-07-25,22.9,20.3,13.5,92,32.6,8.46
1996-07-26,24.8,20.4,2.5,86,33.6,16.02
1996-07-27,24.3,20.1,4.4,90,28.5,12.71
1996-07-28,24.6,20.1,6.6,87,33.7,18.16
1996-07-29,24.3,20.0,4.9,87,30.6,15.01
1996-07-30,24.7,19.6,3.2,85,31.9,16.88
1996-07-31,24.2,20.0,3.8,86,31.4,16.44
1996-08-01,24.5,20.5,4.3,86,30.7,14.51
1996-08-02,24.9,20.2,4.2,86,32.3,14.05
1996-08-03,25.0,20.4,3.4,86,31.2,13.98
1996-08-04,25.1,20.7,1.4,84,27.0,14.77
1996-08-05,25.2,20.7,1.6,85,26.4,15.17
1996-08-06,25.7,20.6,1.8,84,27.0,17.29
1996-08-07,24.9,20.2,1.2,85,29.0,16.03
1996-08-08,25.8,20.2,0.2,82,32.0,18.24
1996-08-09,23.9,19.8,1.2,86,28.5,8.32
1996-08-10,24.9,20.2,5.1,87,24.2,13.23
1996-08-11,25.8,20.6,2.2,83,19.9,13.99
1996-08-12,25.0,20.6,3.7,86,18.4,11.35
1996-08-13,25.4,20.5,1.1,85,22.8,14.1
1996-08-14,25.4,20.6,0.5,85,19.5,12.49
1996-08-15,25.7,20.7,0.7,84,18.9,15.88
1996-08-16,25.2,20.7,3.9,86,16.2,12.55
1996-08-17,26.0,20.5,2.9,86,17.4,14.54
1996-08-18,25.8,20.6,3.8,86,14.7,12.21
1996-08-19,25.8,20.7,4.4,87,15.9,12.43
1996-08-20,25.0,20.3,0.7,85,18.9,12.21
1996-08-21,25.3,20.3,4.5,86,15.7,12.57
1996-08-22,26.3,20.4,1.5,85,13.4,14.25
1996-08-23,27.3,20.3,1.6,85,11.5,15.79
1996-08-24,26.2,20.6,11.0,88,15.2,12.39
1996-08-25,24.2,20.3,7.5,92,18.0,9.45
1996-08-26,24.1,20.0,5.4,90,18.9,9.7
1996-08-27,23.9,20.2,4.4,89,22.4,7.16
1996-08-28,24.7,20.2,11.9,90,21.2,12.48
1996-08-29,25.5,20.6,0.5,84,24.0,15.37
1996-08-30,25.7,20.3,1.5,83,21.4,18.01
1996-08-31,26.5,20.5,1.7,81,15.2,17.26
1996-09-01,26.8,19.5,0.7,82,12.0,18.28
1996-09-02,26.0,19.7,2.9,86,11.7,13.67
1996-09-03,27.7,20.0,1.2,84,14.5,19.0
1996-09-04,27.5,20.7,6.7,84,12.9,16.38
1996-09-05,25.8,20.2,13.5,90,8.7,11.15
1996-09-06,25.9,20.6,3.0,87,13.7,11.43
1996-09-07,26.7,20.0,0.8,82,16.5,17.84
1996-09-08,26.6,19.7,1.4,83,16.9,17.46
1996-09-09,27.1,20.2,4.3,84,12.9,17.97
1996-09-10,27.5,20.3,6.7,85,14.4,18.57
1996-09-11,26.5,20.6,2.3,85,17.1,15.94
1996-09-12,26.3,20.5,12.9,91,16.2,13.44
1996-09-13,26.3,19.9,6.0,88,16.6,16.28
1996-09-14,25.5,20.7,7.6,92,18.4,11.77
1996-09-15,26.4,20.6,2.1,83,20.9,15.72
1996-09-16,26.7,20.3,0.6,84,20.5,17.4
1996-09-17,26.2,20.3,1.1,83,19.4,17.08
1996-09-18,27.0,20.6,1.0,83,20.3,17.46
1996-09-19,26.8,20.7,1.2,85,19.6,15.73
1996-09-20,26.6,20.5,0.8,83,15.0,17.65
1996-09-21,26.3,20.5,1.6,85,13.3,16.65
1996-09-22,28.0,18.9,0.0,78,13.2,23.35
1996-09-23,28.1,19.7,0.0,76,9.8,22.37
1996-09-24,27.9,20.9,4.5,84,14.1,18.21
1996-09-25,27.8,20.3,3.4,86,12.8,18.57
1996-09-26,26.1,21.0,8.1,90,16.8,13.08
1996-09-27,26.0,20.7,14.8,91,10.8,12.16
1996-09-28,26.4,20.6,17.1,91,13.0,9.5
1996-09-29,26.1,19.9,11.6,89,13.7,12.27
1996-09-30,26.7,19.3,3.9,87,14.8,16.98
1996-10-01,25.7,20.3,10.8,87,16.9,10.38
1996-10-02,23.0,20.4,70.2,94,25.7,4.5
1996-10-03,24.0,20.6,4.3,90,33.2,12.39
1996-10-04,25.5,20.0,0.5,82,26.9,17.63
1996-10-05,27.3,18.8,0.0,80,14.4,23.14
1996-10-06,26.6,19.1,0.1,80,9.9,20.22
1996-10-07,27.1,18.7,0.0,79,9.0,20.16
1996-10-08,27.4,20.1,0.4,79,11.2,18.01
1996-10-09,27.5,20.1,0.7,79,16.5,19.8
1996-10-10,27.1,19.1,0.3,73,17.4,19.95
1996-10-11,27.8,18.3,0.0,67,18.0,22.45
1996-10-12,27.6,20.2,0.0,67,18.9,19.21
1996-10-13,27.9,19.1,0.0,66,18.4,22.67
1996-10-14,28.2,18.5,0.0,63,13.4,22.73
1996-10-15,27.3,19.8,0.8,71,19.4,18.51
1996-10-16,27.8,18.4,0.0,66,18.2,20.16
1996-10-17,28.3,18.1,0.0,62,17.6,23.18
1996-10-18,24.0,19.1,14.9,72,15.6,10.21
1996-10-19,22.2,19.8,24.9,96,18.1,3.16
1996-10-20,23.1,20.2,9.3,93,14.6,5.64
1996-10-21,26.0,19.9,2.0,85,14.1,15.13
1996-10-22,25.8,18.9,3.1,84,17.3,12.75
1996-10-23,25.2,19.2,2.1,83,18.4,13.21
1996-10-24,24.8,19.9,1.8,86,19.3,13.17
1996-10-25,26.0,18.8,0.0,81,13.8,17.58
1996-10-26,26.5,16.8,0.0,78,13.6,22.75
1996-10-27,25.9,17.7,0.4,81,14.7,17.15
1996-10-28,26.0,18.0,0.0,78,10.9,20.61
1996-10-29,25.6,17.7,0.2,78,10.8,19.3
1996-10-30,25.5,18.3,0.7,80,9.5,14.59
1996-10-31,26.4,17.7,0.0,65,10.2,22.65
1996-11-01,27.3,15.2,0.0,63,9.8,21.32
1996-11-02,26.9,16.6,0.0,68,9.7,19.5
1996-11-03,26.9,14.5,0.0,57,15.3,23.0
1996-11-04,26.6,13.6,0.0,58,13.0,22.63
1996-11-05,26.4,13.2,0.0,59,11.4,22.57
1996-11-06,26.3,13.2,0.0,59,11.5,22.32
1996-11-07,27.5,14.5,0.0,64,12.7,17.59
1996-11-08,27.2,19.5,2.6,77,7.4,13.36
1996-11-09,27.9,18.1,0.1,77,9.0,17.63
1996-11-10,27.5,19.0,0.0,77,7.6,17.02
1996-11-11,28.5,20.0,0.2,74,8.1,17.37
1996-11-12,27.7,19.9,0.0,71,9.5,16.64
1996-11-13,27.6,19.6,0.1,71,11.6,16.58
1996-11-14,27.9,19.8,0.0,60,18.9,18.56
1996-11-15,27.1,18.6,0.1,63,20.9,17.88
1996-11-16,26.7,17.7,0.0,57,19.1,17.97
1996-11-17,27.1,16.5,0.0,61,16.6,17.1
1996-11-18,28.0,17.7,0.0,55,16.0,20.73
1996-11-19,27.8,16.8,0.0,59,15.5,20.47
1996-11-20,28.5,18.1,0.0,59,14.8,19.5
1996-11-21,27.5,15.7,0.0,58,15.5,19.08
1996-11-22,26.3,19.1,0.6,70,19.8,9.84
1996-11-23,25.9,19.3,0.0,75,22.4,10.28
1996-11-24,26.3,18.8,0.0,71,22.3,11.39
1996-11-25,27.7,19.2,0.0,62,12.8,18.5
1996-11-26,27.8,16.0,0.0,59,14.8,19.65
1996-11-27,28.4,17.4,0.0,60,15.3,19.67
1996-11-28,28.1,16.7,0.0,60,12.2,19.92
1996-11-29,27.9,15.4,0.0,57,12.7,19.85
1996-11-30,28.3,16.7,0.0,46,14.1,20.55
1996-12-01,27.2,15.1,0.0,40,13.8,20.75
1996-12-02,26.6,14.1,0.0,40,15.9,20.87
1996-12-03,26.5,13.9,0.0,43,15.6,20.88
1996-12-04,27.1,12.2,0.0,44,10.1,20.94
1996-12-05,27.1,12.1,0.0,46,9.0,20.76
1996-12-06,28.0,13.0,0.0,51,14.7,20.1
1996-12-07,24.8,17.9,1.0,71,22.5,10.5
1996-12-08,26.9,18.4,0.0,65,23.6,13.55
1996-12-09,27.3,17.2,0.0,53,20.3,18.22
1996-12-10,26.5,16.0,0.0,44,19.1,14.47
1996-12-11,27.6,17.1,0.7,53,16.5,14.61
1996-12-12,28.3,16.9,0.0,50,16.6,19.46
1996-12-13,23.9,19.0,0.0,72,22.0,7.51
1996-12-14,24.2,20.0,0.5,76,21.6,6.31
1996-12-15,24.7,18.7,0.7,79,19.2,7.19
1996-12-16,24.7,19.3,2.4,81,22.1,8.27
1996-12-17,26.4,19.2,0.3,75,24.2,9.62
1996-12-18,27.5,18.4,0.0,66,15.5,16.46
1996-12-19,27.4,17.6,0.0,64,19.2,17.1
1996-12-20,27.3,14.3,0.0,59,14.4,20.07
1996-12-21,27.9,13.8,0.0,58,15.5,20.03
1996-12-22,28.1,13.8,0.0,58,12.3,19.9
1996-12-23,28.6,14.0,0.0,53,11.9,19.95
1996-12-24,27.9,14.4,0.0,52,11.3,19.8
1996-12-25,27.7,13.7,0.0,47,12.5,20.14
1996-12-26,27.8,13.1,0.0,46,16.6,20.07
1996-12-27,27.8,13.4,0.0,49,12.6,19.84
1996-12-28,28.1,15.1,0.0,48,15.9,19.84
1996-12-29,27.7,14.9,0.0,50,17.7,19.71
1996-12-30,27.5,15.7,0.0,50,16.1,19.92
1996-12-31,26.7,15.0,0.0,55,17.3,19.81
1997-01-01,26.5,14.8,0.0,55,19.1,19.95
1997-01-02,27.2,14.4,0.0,52,13.7,20.18
1997-01-03,27.8,14.2,0.0,55,10.9,19.39
1997-01-04,27.4,15.3,0.0,64,9.4,19.57
1997-01-05,27.5,14.8,0.0,57,11.6,19.31
1997-01-06,27.0,16.2,0.0,53,18.5,18.31
1997-01-07,26.9,15.1,0.0,48,18.5,20.33
1997-01-08,27.5,15.4,0.0,51,15.8,19.62
1997-01-09,25.8,16.3,0.1,61,21.0,15.21
1997-01-10,25.8,16.8,0.0,68,18.4,13.93
1997-01-11,25.6,18.3,2.0,77,15.5,11.67
1997-01-12,25.5,17.6,0.9,77,14.7,11.57
1997-01-13,27.1,18.0,2.1,71,12.2,15.57
1997-01-14,27.8,16.5,0.0,69,9.7,17.66
1997-01-15,27.7,14.7,0.0,61,8.7,19.42
1997-01-16,27.5,15.7,0.0,63,10.9,18.63
1997-01-17,26.3,17.2,0.1,66,15.9,15.29
1997-01-18,28.2,17.2,0.1,61,11.6,17.45
1997-01-19,28.6,16.8,0.0,55,15.9,19.92
1997-01-20,27.8,13.9,0.0,61,19.6,18.71
1997-01-21,26.9,13.0,0.0,56,7.1,22.11
1997-01-22,27.5,12.7,0.0,42,15.2,22.01
1997-01-23,27.9,13.3,0.0,36,13.9,22.18
1997-01-24,29.4,12.4,0.0,34,9.6,22.05
1997-01-25,30.0,13.6,0.0,36,9.6,21.91
1997-01-26,30.2,15.1,0.0,46,10.6,21.63
1997-01-27,30.5,16.1,0.0,53,11.0,21.79
1997-01-28,29.9,17.0,0.0,48,13.2,21.86
1997-01-29,29.2,16.7,0.0,44,15.8,22.08
1997-01-30,29.1,15.7,0.0,43,11.1,22.35
1997-01-31,28.9,15.3,0.0,48,9.7,22.45
1997-02-01,29.8,14.7,0.0,55,13.7,22.4
1997-02-02,30.0,15.5,0.0,56,13.4,22.2
1997-02-03,30.1,14.7,0.0,49,13.8,22.76
1997-02-04,29.3,14.2,0.0,46,8.7,22.91
1997-02-05,29.9,15.6,0.0,45,8.9,22.89
1997-02-06,30.5,15.5,0.0,53,9.7,22.74
1997-02-07,30.8,17.0,0.0,40,9.8,23.16
1997-02-08,31.4,15.6,0.0,38,14.7,23.41
1997-02-09,31.4,15.0,0.0,44,13.6,23.5
1997-02-10,30.3,13.2,0.0,47,9.4,23.59
1997-02-11,30.6,15.4,0.0,43,15.5,23.51
1997-02-12,30.3,18.3,0.0,39,17.3,23.35
1997-02-13,30.3,15.1,0.0,26,17.3,24.43
1997-02-14,30.3,14.0,0.0,24,16.1,24.76
1997-02-15,31.0,13.3,0.0,24,11.0,24.84
1997-02-16,31.2,13.5,0.0,31,8.3,24.52
1997-02-17,31.4,16.1,0.0,33,12.3,24.53
1997-02-18,31.5,14.9,0.0,40,14.8,24.56
1997-02-19,30.9,14.8,0.0,43,14.8,24.38
1997-02-20,31.1,15.1,0.0,38,17.6,24.92
1997-02-21,31.7,11.6,0.0,44,13.0,25.27
1997-02-22,31.5,15.0,0.0,35,11.5,24.74
1997-02-23,31.6,16.8,0.0,42,13.0,23.16
1997-02-24,31.5,18.0,0.0,46,13.0,23.56
1997-02-25,32.5,16.8,0.0,34,14.9,24.9
1997-02-26,32.7,16.9,0.0,29,12.1,25.1
1997-02-27,33.5,16.5,0.0,29,12.6,25.11
1997-02-28,33.5,16.9,0.0,27,16.0,25.24
1997-03-01,32.9,19.2,0.0,29,11.6,25.19
1997-03-02,32.4,17.8,0.0,42,10.5,23.43
1997-03-03,32.8,18.1,0.0,32,13.6,25.49
1997-03-04,32.7,18.0,0.0,26,11.6,25.8
1997-03-05,32.9,17.9,0.0,20,15.5,25.02
1997-03-06,33.1,17.3,0.0,22,16.2,25.91
1997-03-07,33.6,17.0,0.0,25,19.5,25.81
1997-03-08,33.9,18.0,0.0,26,18.8,25.79
1997-03-09,34.4,17.5,0.0,38,12.4,25.73
1997-03-10,34.5,19.1,0.0,46,10.2,25.41
1997-03-11,35.1,20.5,0.0,42,10.4,25.21
1997-03-12,33.7,20.7,0.4,65,17.3,22.14
1997-03-13,33.6,21.1,0.1,62,15.5,21.34
1997-03-14,35.0,19.6,0.0,50,11.9,25.77
1997-03-15,35.6,20.1,0.0,53,12.9,25.2
1997-03-16,35.5,19.8,0.0,59,10.7,24.16
1997-03-17,35.2,20.5,0.0,60,9.4,22.95
1997-03-18,34.7,21.5,0.0,59,14.2,21.6
1997-03-19,34.7,21.9,0.0,57,16.0,22.11
1997-03-20,35.8,22.1,0.0,52,20.1,25.42
1997-03-21,34.9,20.9,0.0,47,13.0,25.37
1997-03-22,33.9,20.6,0.0,38,12.2,24.18
1997-03-23,34.5,20.3,0.0,36,21.1,24.73
1997-03-24,33.9,17.7,0.0,43,13.8,27.32
1997-03-25,33.9,17.5,0.0,52,15.5,26.53
1997-03-26,34.7,19.3,0.0,40,15.9,26.62
1997-03-27,34.7,18.7,0.0,48,13.7,26.41
1997-03-28,34.2,21.2,0.1,53,11.9,23.62
1997-03-29,33.7,23.0,1.3,54,16.2,21.74
1997-03-30,32.8,21.3,0.0,65,13.5,23.13
1997-03-31,32.6,21.1,0.0,59,14.8,24.11
1997-04-01,33.6,19.2,0.0,49,15.7,27.5
1997-04-02,32.7,17.6,0.0,58,18.6,26.88
1997-04-03,31.7,18.0,0.2,61,15.9,26.02
1997-04-04,31.2,18.6,0.0,57,12.6,23.95
1997-04-05,33.0,18.8,0.0,35,17.1,26.49
1997-04-06,32.9,19.6,0.0,45,8.4,25.72
1997-04-07,33.0,21.4,0.0,47,14.5,22.38
1997-04-08,33.2,21.1,0.0,57,19.9,20.97
1997-04-09,33.8,19.2,0.0,55,20.9,26.31
1997-04-10,33.5,17.8,0.0,49,18.1,27.59
1997-04-11,33.9,18.2,0.0,34,22.0,27.8
1997-04-12,33.7,19.7,0.0,46,17.5,23.45
1997-04-13,33.9,19.0,0.0,50,16.5,19.37
1997-04-14,34.3,19.0,0.0,52,19.6,22.93
1997-04-15,33.4,19.9,0.0,53,19.5,25.36
1997-04-16,33.2,19.9,0.0,54,18.6,25.09
1997-04-17,32.2,19.6,0.0,53,13.8,22.53
1997-04-18,33.9,20.9,0.5,55,16.4,23.92
1997-04-19,33.6,21.0,0.0,44,12.4,24.91
1997-04-20,32.8,21.6,0.0,45,8.0,20.69
1997-04-21,33.8,23.4,0.0,40,13.2,22.5
1997-04-22,33.7,21.2,0.1,52,15.5,21.81
1997-04-23,34.5,21.9,0.0,51,10.2,23.02
1997-04-24,35.0,22.2,0.0,58,14.6,23.27
1997-04-25,34.8,22.0,0.0,60,16.3,20.89
1997-04-26,34.5,22.4,24.8,74,16.3,23.43
1997-04-27,32.7,22.4,1.1,71,10.4,23.28
1997-04-28,32.7,23.0,8.7,75,9.9,20.67
1997-04-29,31.8,21.9,2.3,70,10.9,23.35
1997-04-30,30.0,21.3,3.2,76,14.8,20.07
1997-05-01,31.4,20.6,4.5,74,11.5,23.04
1997-05-02,31.6,20.7,0.3,65,9.1,23.62
1997-05-03,31.5,21.8,0.0,60,11.1,21.94
1997-05-04,33.4,21.6,0.0,58,15.5,27.27
1997-05-05,33.4,19.2,0.0,55,16.5,26.97
1997-05-06,32.3,20.1,0.0,54,9.0,22.76
1997-05-07,32.9,21.6,0.0,58,10.0,21.62
1997-05-08,32.3,22.7,0.0,64,13.8,20.7
1997-05-09,34.0,22.2,0.0,60,15.5,22.39
1997-05-10,35.6,22.3,0.0,55,16.2,21.84
1997-05-11,36.2,22.2,0.0,59,19.4,24.33
1997-05-12,36.2,21.8,0.0,58,18.9,23.05
1997-05-13,37.3,21.7,0.0,60,18.9,24.21
1997-05-14,35.8,22.0,0.3,60,16.3,22.48
1997-05-15,35.9,22.9,0.0,56,18.0,22.59
1997-05-16,36.4,22.1,0.2,61,23.1,24.4
1997-05-17,36.7,21.5,0.0,61,23.3,26.04
1997-05-18,36.2,22.2,0.0,63,25.6,26.38
1997-05-19,33.9,21.3,0.0,64,21.0,25.51
1997-05-20,33.3,21.4,0.0,64,20.4,24.94
1997-05-21,33.4,20.9,0.0,61,20.3,25.56
1997-05-22,35.1,21.2,0.0,61,20.8,25.43
1997-05-23,35.3,21.4,0.0,60,18.1,25.92
1997-05-24,36.4,21.8,0.0,61,20.5,24.42
1997-05-25,36.8,21.6,0.0,60,20.6,26.54
1997-05-26,36.8,21.1,0.0,61,20.9,26.37
1997-05-27,36.5,20.8,0.0,61,22.8,26.7
1997-05-28,34.0,21.3,0.0,63,18.4,25.25
1997-05-29,35.0,21.2,0.0,61,20.6,25.86
1997-05-30,35.5,20.1,0.0,58,20.8,27.15
1997-05-31,35.2,20.7,0.0,58,19.9,25.66
1997-06-01,34.2,21.0,0.2,63,24.8,24.81
1997-06-02,33.0,22.2,0.1,65,21.0,22.86
1997-06-03,32.9,22.0,2.6,68,17.8,21.33
1997-06-04,34.1,22.3,0.3,63,16.6,22.76
1997-06-05,33.9,22.7,2.5,65,18.5,21.05
1997-06-06,32.4,22.5,2.3,67,15.7,21.5
1997-06-07,34.1,22.5,2.3,65,16.7,24.38
1997-06-08,32.1,21.9,8.0,74,15.5,22.12
1997-06-09,29.4,21.5,1.7,78,17.9,19.29
1997-06-10,28.9,21.6,1.5,77,17.6,20.69
1997-06-11,28.6,21.8,3.7,76,15.5,18.86
1997-06-12,28.6,21.8,1.4,78,17.3,18.89
1997-06-13,28.6,21.7,9.2,83,16.9,14.85
1997-06-14,26.5,21.2,4.3,86,20.9,13.45
1997-06-15,25.9,21.2,1.2,85,25.5,13.25
1997-06-16,28.3,20.9,0.4,79,21.2,18.45
1997-06-17,27.3,21.2,1.8,82,23.9,15.27
1997-06-18,26.0,21.3,4.5,87,28.8,17.41
1997-06-19,23.5,20.6,9.1,95,21.3,8.59
1997-06-20,24.5,20.1,5.5,92,25.8,10.69
1997-06-21,25.2,21.1,3.0,88,26.4,12.49
1997-06-22,25.9,21.2,3.6,89,27.2,14.04
1997-06-23,25.5,21.0,3.4,92,26.8,14.63
1997-06-24,26.7,20.6,2.8,88,28.9,18.68
1997-06-25,26.5,20.7,3.1,87,29.1,17.67
1997-06-26,26.7,20.7,2.8,89,26.6,14.91
1997-06-27,25.4,20.5,3.1,90,28.4,13.65
1997-06-28,25.4,21.0,3.5,91,26.8,13.33
1997-06-29,26.6,20.4,2.6,91,26.7,11.28
1997-06-30,23.4,19.8,27.9,98,19.1,5.22
1997-07-01,22.1,20.1,30.8,98,20.1,4.21
1997-07-02,22.2,20.5,15.9,97,23.9,3.95
1997-07-03,23.8,21.0,4.2,95,18.9,5.06
1997-07-04,22.5,19.5,34.0,97,19.7,6.6
1997-07-05,25.8,20.7,3.0,91,26.4,14.01
1997-07-06,25.2,20.7,2.9,89,27.6,15.06
1997-07-07,23.2,20.6,4.9,93,27.4,8.95
1997-07-08,24.0,20.6,4.5,92,27.4,11.52
1997-07-09,25.3,20.9,1.0,92,29.7,12.61
1997-07-10,25.5,21.1,1.8,90,31.2,15.44
1997-07-11,24.7,20.7,3.2,92,31.9,15.42
1997-07-12,25.6,19.9,3.0,90,29.4,14.9
1997-07-13,26.5,21.5,1.6,86,27.5,17.7
1997-07-14,26.6,21.7,0.8,84,27.2,18.32
1997-07-15,27.3,21.3,0.1,82,27.3,20.15
1997-07-16,26.5,21.3,1.7,83,27.2,19.63
1997-07-17,26.9,21.4,0.6,82,27.0,17.75
1997-07-18,27.0,21.7,0.4,82,20.9,15.17
1997-07-19,27.5,21.4,1.1,81,21.3,18.6
1997-07-20,27.3,21.6,0.8,82,18.4,18.0
1997-07-21,28.1,21.2,2.4,83,18.7,17.72
1997-07-22,28.2,21.5,1.8,83,18.0,18.68
1997-07-23,26.9,21.5,1.8,83,18.1,17.03
1997-07-24,26.1,21.3,2.7,86,19.4,14.72
1997-07-25,25.1,20.8,10.5,92,19.5,11.33
1997-07-26,21.8,20.4,31.4,97,25.4,4.91
1997-07-27,24.9,20.5,6.0,89,28.3,14.63
1997-07-28,24.7,20.7,1.7,86,28.7,13.96
1997-07-29,24.7,20.9,7.3,89,28.5,13.26
1997-07-30,25.0,20.7,7.2,89,30.7,14.4
1997-07-31,22.6,20.9,29.5,92,29.4,5.62
1997-08-01,22.8,20.8,5.2,93,32.3,6.33
1997-08-02,25.3,21.0,2.3,85,34.0,16.7
1997-08-03,25.7,21.2,1.7,85,31.7,18.07
1997-08-04,25.3,21.0,1.9,84,32.8,18.76
1997-08-05,23.4,19.6,1.6,89,32.0,10.0
1997-08-06,24.0,19.4,6.6,93,30.7,8.21
1997-08-07,24.4,19.6,3.1,92,29.6,10.54
1997-08-08,25.2,20.5,2.2,87,20.9,16.11
1997-08-09,25.6,20.4,2.0,87,20.2,15.46
1997-08-10,26.4,20.5,2.8,86,17.7,14.85
1997-08-11,25.2,20.7,5.3,88,19.1,13.49
1997-08-12,25.7,20.8,1.9,86,21.7,14.23
1997-08-13,25.1,20.7,1.7,87,23.2,13.32
1997-08-14,24.2,20.6,2.1,87,21.8,13.21
1997-08-15,24.2,20.6,0.4,88,20.6,11.92
1997-08-16,25.3,20.9,6.4,89,18.0,13.52
1997-08-17,26.0,20.9,13.2,88,18.4,13.5
1997-08-18,26.0,20.5,0.5,84,22.0,15.67
1997-08-19,26.4,20.7,0.6,84,22.5,16.17
1997-08-20,24.9,20.8,1.4,88,25.8,13.3
1997-08-21,25.3,20.8,2.0,89,25.4,14.33
1997-08-22,23.1,20.5,3.6,94,29.4,8.07
1997-08-23,23.9,20.1,5.5,91,29.3,13.53
1997-08-24,24.2,20.2,6.1,88,31.1,16.11
1997-08-25,24.9,20.1,7.3,89,30.2,14.46
1997-08-26,24.7,20.4,4.5,90,28.7,12.66
1997-08-27,24.9,20.8,4.8,89,21.3,11.09
1997-08-28,26.5,20.9,0.2,84,23.4,14.55
1997-08-29,26.2,20.5,0.5,85,23.7,17.55
1997-08-30,25.4,20.6,2.0,87,23.0,17.6
1997-08-31,26.9,20.7,1.3,85,18.4,17.22
1997-09-01,26.7,20.2,0.3,84,17.9,19.02
1997-09-02,25.8,20.3,1.0,86,21.2,18.09
1997-09-03,26.0,19.9,0.9,84,16.3,18.32
1997-09-04,27.8,19.3,0.0,81,13.7,20.14
1997-09-05,27.9,19.6,0.4,82,12.5,20.52
1997-09-06,27.7,20.3,0.3,81,14.3,20.43
1997-09-07,28.2,20.1,0.0,79,11.8,20.26
1997-09-08,27.0,20.2,1.5,83,14.6,18.8
1997-09-09,26.1,20.2,1.3,83,15.7,16.35
1997-09-10,27.0,20.2,1.1,84,15.8,17.64
1997-09-11,27.5,20.8,0.1,80,13.9,18.48
1997-09-12,27.3,20.3,0.7,82,16.1,18.08
1997-09-13,27.6,19.8,0.0,80,12.7,18.15
1997-09-14,27.8,19.6,0.0,78,14.4,21.55
1997-09-15,28.8,19.7,0.0,76,13.3,22.01
1997-09-16,27.3,19.6,0.4,81,16.6,18.51
1997-09-17,28.6,19.9,0.0,77,15.1,21.02
1997-09-18,28.9,17.5,0.0,78,18.1,22.93
1997-09-19,27.6,20.6,1.4,79,17.2,19.12
1997-09-20,27.9,19.8,0.3,80,18.0,19.22
1997-09-21,29.0,19.7,0.0,74,16.9,22.56
1997-09-22,25.9,20.1,1.5,82,14.6,9.56
1997-09-23,25.8,20.6,6.6,89,17.2,9.82
1997-09-24,26.6,20.2,1.5,84,16.8,12.54
1997-09-25,26.4,20.6,0.0,81,19.8,15.75
1997-09-26,27.8,20.3,0.0,76,17.8,20.24
1997-09-27,27.4,20.4,0.5,80,16.9,19.29
1997-09-28,27.7,20.2,0.5,81,17.6,17.91
1997-09-29,28.2,19.8,0.1,80,14.5,18.87
1997-09-30,27.4,21.0,3.4,83,16.4,14.78
1997-10-01,27.3,20.5,6.8,84,13.8,16.08
1997-10-02,28.3,20.1,1.1,84,9.0,17.12
1997-10-03,28.5,20.6,0.5,80,10.9,20.06
1997-10-04,28.7,21.3,0.5,80,12.0,18.96
1997-10-05,29.4,20.9,0.0,76,13.4,20.72
1997-10-06,30.1,19.6,0.0,70,10.5,22.9
1997-10-07,30.7,19.4,0.0,71,8.0,22.19
1997-10-08,30.4,20.9,0.0,69,12.0,20.19
1997-10-09,30.4,20.8,0.0,64,9.7,19.98
1997-10-10,31.1,20.0,0.0,58,10.1,21.66
1997-10-11,31.8,20.0,0.0,48,14.1,22.66
1997-10-12,32.0,19.8,0.0,51,13.7,22.3
1997-10-13,31.5,19.8,0.0,57,12.2,22.19
1997-10-14,30.2,21.3,1.6,74,10.1,19.45
1997-10-15,30.0,20.2,0.0,67,12.2,17.31
1997-10-16,30.7,21.3,0.0,56,14.5,20.28
1997-10-17,31.8,21.2,0.0,49,15.3,23.37
1997-10-18,31.5,20.5,0.0,57,13.0,20.69
1997-10-19,31.8,20.2,0.0,52,11.7,21.43
1997-10-20,31.2,20.9,0.0,59,11.3,21.43
1997-10-21,31.2,20.6,0.0,58,11.6,20.7
1997-10-22,30.7,20.3,1.5,68,11.7,20.74
1997-10-23,27.0,19.9,8.6,82,13.3,15.08
1997-10-24,27.9,19.6,0.3,77,7.2,18.12
1997-10-25,29.1,20.2,5.3,79,11.6,17.99
1997-10-26,28.4,20.2,10.9,83,8.0,16.29
1997-10-27,27.3,20.3,7.8,85,6.9,16.5
1997-10-28,27.4,19.7,10.1,84,10.2,16.43
1997-10-29,26.3,19.3,5.0,85,8.0,15.01
1997-10-30,26.9,19.2,4.0,85,8.5,14.0
1997-10-31,27.0,19.6,3.1,84,12.0,13.85
1997-11-01,27.2,19.7,0.0,74,13.6,19.07
1997-11-02,27.3,19.0,0.0,71,18.2,19.47
1997-11-03,27.3,19.5,0.0,74,21.7,15.37
1997-11-04,27.8,19.8,0.0,71,23.4,16.41
1997-11-05,27.9,19.0,0.0,67,19.5,19.2
1997-11-06,28.5,17.5,0.0,67,15.4,20.61
1997-11-07,28.8,17.4,0.0,63,17.2,21.13
1997-11-08,27.5,18.5,0.0,70,20.8,14.44
1997-11-09,28.5,20.3,0.3,70,19.5,18.15
1997-11-10,27.0,20.8,3.1,79,10.0,12.52
1997-11-11,26.2,20.4,4.8,87,9.2,10.9
1997-11-12,26.8,19.8,5.3,86,6.8,14.01
1997-11-13,26.9,18.8,9.2,87,7.2,14.55
1997-11-14,27.5,20.1,1.6,81,12.3,17.8
1997-11-15,27.6,20.3,2.2,80,13.3,16.41
1997-11-16,27.3,19.2,0.3,78,13.3,18.5
1997-11-17,27.0,19.2,0.1,74,19.2,15.61
1997-11-18,26.7,18.6,2.5,80,11.6,16.09
1997-11-19,27.1,19.3,0.3,81,8.5,15.8
1997-11-20,27.2,20.3,1.3,80,8.4,16.26
1997-11-21,27.1,19.5,0.5,80,13.5,15.31
1997-11-22,28.0,19.1,0.0,69,13.1,18.41
1997-11-23,27.8,17.8,0.0,70,13.1,15.93
1997-11-24,28.1,18.5,0.0,72,7.9,18.2
1997-11-25,27.3,20.0,0.0,76,7.2,15.52
1997-11-26,26.3,20.0,3.8,83,7.7,10.12
1997-11-27,25.9,19.6,1.3,84,12.7,10.97
1997-11-28,26.1,19.2,11.7,87,11.2,11.75
1997-11-29,26.3,19.7,0.0,79,18.4,10.37
1997-11-30,27.3,19.8,0.0,76,16.6,12.96
1997-12-01,27.6,19.7,0.0,72,15.6,14.97
1997-12-02,27.9,17.9,0.0,63,17.3,20.13
1997-12-03,26.9,16.2,0.0,67,14.1,20.16
1997-12-04,27.6,17.5,0.0,66,14.0,18.72
1997-12-05,28.5,18.1,0.0,65,20.1,17.42
1997-12-06,26.8,20.3,0.0,72,20.8,11.66
1997-12-07,25.9,19.7,0.1,76,19.3,10.67
1997-12-08,23.5,19.9,23.5,90,14.1,5.41
1997-12-09,24.5,19.4,2.2,90,16.1,11.59
1997-12-10,24.9,17.1,0.0,75,8.5,18.14
1997-12-11,26.3,14.9,0.0,67,15.0,19.99
1997-12-12,27.1,16.9,0.0,74,17.3,15.73
1997-12-13,26.2,18.9,1.3,85,5.9,14.12
1997-12-14,27.7,18.5,0.1,78,6.4,16.1
1997-12-15,28.2,19.1,0.0,73,14.5,15.87
1997-12-16,27.3,19.5,0.3,79,11.5,15.32
1997-12-17,27.7,20.1,1.0,78,7.0,14.28
1997-12-18,27.6,18.6,0.0,77,10.5,15.38
1997-12-19,27.8,18.1,0.1,73,9.9,15.8
1997-12-20,27.8,18.4,0.0,70,14.0,17.03
1997-12-21,28.2,18.6,0.0,69,14.2,16.23
1997-12-22,28.2,19.3,0.0,78,9.1,15.43
1997-12-23,28.3,18.5,0.0,69,8.0,18.14
1997-12-24,28.6,15.6,0.0,64,9.7,18.76
1997-12-25,28.0,15.8,0.0,64,11.0,17.62
1997-12-26,28.5,16.3,0.0,67,9.7,16.78
1997-12-27,29.1,18.0,0.0,63,12.4,18.81
1997-12-28,28.5,17.0,0.0,61,11.5,18.05
1997-12-29,28.8,17.8,0.0,54,12.3,18.73
1997-12-30,29.2,17.4,0.0,49,12.7,20.03
1997-12-31,28.9,17.3,0.0,53,13.6,17.96
1998-01-01,29.1,17.6,0.0,47,16.4,20.11
1998-01-02,29.2,17.2,0.0,55,13.9,19.63
1998-01-03,29.3,17.9,0.0,56,19.7,19.77
1998-01-04,29.0,19.5,0.0,61,20.9,18.47
1998-01-05,28.8,16.7,0.0,58,13.4,19.38
1998-01-06,29.5,17.4,0.0,49,17.0,20.49
1998-01-07,29.1,16.2,0.0,46,14.8,20.67
1998-01-08,28.7,16.2,0.0,53,13.4,19.59
1998-01-09,29.3,16.2,0.0,50,14.4,20.57
1998-01-10,29.9,16.7,0.0,49,14.4,20.54
1998-01-11,29.6,16.9,0.0,52,14.8,20.57
1998-01-12,29.6,16.9,0.0,52,12.3,20.64
1998-01-13,30.5,16.3,0.0,49,10.0,20.76
1998-01-14,30.9,16.7,0.0,52,7.8,20.6
1998-01-15,31.0,18.4,0.0,61,13.5,19.91
1998-01-16,30.1,18.5,0.0,63,10.2,19.87
1998-01-17,28.8,17.4,0.0,66,13.5,17.84
1998-01-18,28.7,15.8,0.0,64,10.9,20.66
1998-01-19,28.8,14.8,0.0,68,13.1,20.74
1998-01-20,27.7,14.2,0.0,72,14.8,20.94
1998-01-21,29.1,13.7,0.0,58,16.2,21.6
1998-01-22,28.9,13.7,0.0,56,18.9,21.53
1998-01-23,29.5,11.1,0.0,62,17.1,21.72
1998-01-24,29.7,14.7,0.0,57,9.8,20.7
1998-01-25,29.9,17.1,0.0,59,10.2,18.38
1998-01-26,30.1,19.1,0.0,61,11.2,18.48
1998-01-27,29.8,18.2,0.0,63,10.8,18.51
1998-01-28,30.1,18.7,0.0,57,11.9,18.41
1998-01-29,31.1,18.9,0.0,46,10.5,21.47
1998-01-30,31.2,19.4,0.0,48,12.6,21.15
1998-01-31,31.0,19.3,0.0,50,15.1,21.15
1998-02-01,31.1,19.1,0.0,48,14.0,20.9
1998-02-02,31.4,19.0,0.0,42,12.5,21.85
1998-02-03,30.2,18.3,0.0,45,9.7,19.08
1998-02-04,30.5,19.8,0.0,45,8.9,18.95
1998-02-05,30.9,20.7,0.0,42,12.6,21.75
1998-02-06,30.0,17.0,0.0,36,17.6,22.64
1998-02-07,29.0,14.4,0.0,35,10.2,23.69
1998-02-08,30.0,14.3,0.0,47,9.2,23.24
1998-02-09,29.0,18.3,0.1,57,20.6,18.08
1998-02-10,30.0,19.2,0.0,49,19.8,21.09
1998-02-11,29.8,18.3,0.0,48,17.1,22.1
1998-02-12,30.0,18.7,0.0,42,15.7,22.85
1998-02-13,30.1,18.0,0.0,40,14.9,22.62
1998-02-14,30.1,17.5,0.0,52,15.2,22.88
1998-02-15,29.9,16.0,0.0,55,13.7,23.55
1998-02-16,30.6,16.5,0.0,66,15.8,23.02
1998-02-17,29.3,16.9,0.0,63,16.4,22.11
1998-02-18,29.2,14.3,0.0,52,15.7,24.48
1998-02-19,29.1,11.9,0.0,49,9.2,24.65
1998-02-20,32.1,13.6,0.0,53,16.6,24.64
1998-02-21,31.1,13.8,0.0,48,15.6,24.78
1998-02-22,30.7,12.9,0.0,51,12.2,24.52
1998-02-23,33.1,15.6,0.0,46,17.0,24.55
1998-02-24,31.4,18.1,0.0,61,16.4,23.51
1998-02-25,32.6,17.7,0.0,61,15.6,23.81
1998-02-26,32.5,18.2,0.0,53,16.1,24.3
1998-02-27,34.0,16.5,0.0,37,14.5,25.22
1998-02-28,33.6,16.3,0.0,36,14.9,25.15
1998-03-01,33.0,17.8,0.0,37,10.1,24.93
1998-03-02,33.3,18.2,0.0,43,14.2,24.93
1998-03-03,33.1,19.6,0.0,45,11.5,22.09
1998-03-04,32.4,21.8,0.0,51,13.0,19.81
1998-03-05,33.1,20.9,0.0,51,14.9,21.74
1998-03-06,32.7,20.8,0.0,52,16.3,21.84
1998-03-07,32.4,18.9,0.0,45,16.5,25.36
1998-03-08,32.5,18.2,0.0,41,18.3,25.65
1998-03-09,32.9,14.7,0.0,45,13.5,26.04
1998-03-10,34.1,16.9,0.0,46,10.9,25.59
1998-03-11,32.4,18.8,0.0,56,19.4,25.56
1998-03-12,33.2,18.8,0.0,51,18.4,25.49
1998-03-13,32.5,18.4,0.0,50,18.7,25.75
1998-03-14,32.6,16.4,0.0,49,17.7,26.11
1998-03-15,31.7,15.9,0.0,56,16.1,25.19
1998-03-16,32.8,17.7,0.0,52,11.1,24.59
1998-03-17,33.5,18.5,0.0,43,12.8,25.97
1998-03-18,33.8,19.3,0.0,37,9.3,26.38
1998-03-19,34.5,19.3,0.0,41,9.4,26.32
1998-03-20,35.0,21.4,0.0,42,10.4,25.91
1998-03-21,35.6,23.6,0.0,40,17.9,23.77
1998-03-22,35.0,21.4,0.0,53,18.3,23.04
1998-03-23,35.9,22.0,0.0,58,18.4,22.98
1998-03-24,35.5,21.6,0.0,62,20.3,24.59
1998-03-25,36.7,20.9,0.0,56,16.5,26.52
1998-03-26,36.9,20.6,0.0,49,17.6,26.32
1998-03-27,35.7,22.6,0.2,46,13.6,24.6
1998-03-28,33.3,22.2,0.0,64,13.6,21.17
1998-03-29,33.1,22.7,0.3,66,15.5,20.82
1998-03-30,35.4,20.7,0.0,56,13.7,26.47
1998-03-31,36.4,21.2,0.0,51,10.5,23.86
1998-04-01,35.7,24.1,0.0,45,14.3,21.53
1998-04-02,36.8,23.1,0.0,53,14.2,24.97
1998-04-03,36.0,23.1,0.0,60,14.5,22.59
1998-04-04,35.0,23.2,0.0,55,9.7,20.75
1998-04-05,36.1,22.8,0.0,42,13.8,22.92
1998-04-06,36.5,23.0,0.0,47,11.2,23.16
1998-04-07,35.3,23.4,0.0,61,16.1,19.79
1998-04-08,34.0,24.1,0.2,66,17.3,19.81
1998-04-09,35.9,23.1,0.0,50,16.3,22.21
1998-04-10,37.2,21.9,0.0,37,18.4,26.09
1998-04-11,37.4,21.8,0.0,41,15.3,26.25
1998-04-12,35.6,23.6,0.0,53,15.5,22.75
1998-04-13,36.3,22.7,0.0,58,20.8,25.83
1998-04-14,34.5,21.7,0.0,57,16.8,24.07
1998-04-15,36.0,22.6,0.0,51,18.4,24.21
1998-04-16,36.8,23.2,0.0,49,18.0,24.56
1998-04-17,36.3,23.7,0.1,47,19.1,21.79
1998-04-18,38.3,23.5,0.0,43,16.6,26.16
1998-04-19,37.5,25.2,0.0,41,19.9,21.19
1998-04-20,38.7,23.1,0.0,45,16.0,25.31
1998-04-21,38.4,23.1,0.0,49,19.1,26.29
1998-04-22,38.0,21.8,0.0,58,21.0,25.9
1998-04-23,37.4,22.4,0.0,62,17.9,25.56
1998-04-24,37.0,22.6,0.0,59,18.7,25.47
1998-04-25,36.3,22.6,0.0,58,14.4,24.39
1998-04-26,37.1,22.4,0.0,58,20.2,26.46
1998-04-27,37.0,21.9,0.0,59,20.4,25.24
1998-04-28,36.6,22.6,0.3,57,13.3,24.86
1998-04-29,35.3,23.6,2.1,66,15.9,22.91
1998-04-30,34.5,23.5,1.8,63,13.7,22.58
1998-05-01,35.1,23.4,3.1,64,10.9,21.83
1998-05-02,35.2,23.9,0.0,56,9.2,23.68
1998-05-03,35.7,23.6,0.0,55,12.9,22.87
1998-05-04,35.6,24.4,1.0,67,13.5,23.19
1998-05-05,35.0,25.1,4.2,71,14.2,21.42
1998-05-06,35.9,24.8,0.0,65,12.8,24.04
1998-05-07,34.7,24.3,2.3,67,8.7,24.09
1998-05-08,34.8,24.6,4.5,71,12.7,23.28
1998-05-09,32.5,23.5,7.6,77,13.7,19.52
1998-05-10,30.7,23.7,2.1,77,18.2,19.89
1998-05-11,34.3,22.3,0.0,61,15.7,26.42
1998-05-12,34.3,21.6,0.0,63,15.8,24.91
1998-05-13,33.6,23.2,10.7,70,7.6,20.61
1998-05-14,34.0,22.8,1.5,72,12.0,21.26
1998-05-15,34.3,23.3,0.0,63,14.8,21.39
1998-05-16,33.6,23.3,1.3,70,19.3,21.63
1998-05-17,33.8,23.7,0.9,72,17.3,22.06
1998-05-18,35.0,22.9,0.6,71,23.1,25.78
1998-05-19,34.9,22.9,0.2,69,19.3,25.02
1998-05-20,33.4,23.5,0.0,69,22.8,24.53
1998-05-21,32.8,23.0,0.0,69,19.2,22.22
1998-05-22,34.0,23.2,0.2,69,18.4,23.64
1998-05-23,32.4,23.9,3.8,74,14.6,18.23
1998-05-24,34.9,23.5,0.4,68,18.1,24.28
1998-05-25,34.8,23.4,0.0,68,18.0,24.56
1998-05-26,35.2,23.7,0.2,68,21.3,24.96
1998-05-27,35.2,22.9,0.0,65,21.0,26.46
1998-05-28,34.9,22.9,0.0,63,20.5,26.63
1998-05-29,35.0,22.3,0.0,63,19.8,26.73
1998-05-30,36.2,22.3,0.1,61,19.6,25.78
1998-05-31,36.9,23.6,0.0,59,17.8,25.38
1998-06-01,38.4,23.7,0.0,58,16.7,24.18
1998-06-02,33.5,24.3,0.4,68,19.9,20.94
1998-06-03,35.6,24.0,0.2,61,22.6,20.12
1998-06-04,32.8,23.9,6.9,73,16.3,20.24
1998-06-05,34.0,23.0,9.1,74,19.0,23.33
1998-06-06,32.2,22.6,3.6,76,15.7,21.33
1998-06-07,30.9,22.7,0.8,73,21.8,19.57
1998-06-08,29.7,22.8,0.8,77,26.1,17.71
1998-06-09,27.9,22.0,0.9,82,29.5,19.48
1998-06-10,29.4,21.9,2.2,81,24.2,17.7
1998-06-11,28.8,22.2,0.9,79,22.9,18.77
1998-06-12,28.3,21.9,0.8,80,20.8,17.92
1998-06-13,30.3,21.9,4.7,78,19.1,19.49
1998-06-14,30.3,21.9,0.4,72,17.2,20.68
1998-06-15,29.2,22.2,0.0,74,20.9,16.22
1998-06-16,29.9,21.8,0.0,75,22.7,22.16
1998-06-17,30.7,21.8,0.8,75,21.6,18.73
1998-06-18,30.6,22.1,6.0,79,17.6,16.73
1998-06-19,27.7,22.0,15.0,91,19.4,10.99
1998-06-20,27.4,21.7,3.9,84,22.2,14.78
1998-06-21,27.3,21.6,1.5,83,22.0,15.84
1998-06-22,26.3,21.6,13.5,92,19.4,11.17
1998-06-23,26.7,21.4,5.5,89,19.7,13.98
1998-06-24,24.3,21.1,5.6,94,21.1,9.42
1998-06-25,26.5,21.5,3.6,89,20.9,13.83
1998-06-26,23.1,21.2,15.5,95,29.3,6.98
1998-06-27,25.5,21.6,6.7,92,28.4,11.21
1998-06-28,24.0,21.6,15.4,96,27.2,7.06
1998-06-29,24.2,21.3,21.4,93,27.9,8.62
1998-06-30,23.1,21.0,33.5,93,30.2,7.17
1998-07-01,23.4,21.1,15.4,92,33.6,10.05
1998-07-02,25.2,21.2,11.7,92,31.6,11.17
1998-07-03,25.6,21.5,3.8,90,24.0,13.55
1998-07-04,25.7,21.3,4.4,90,25.5,13.2
1998-07-05,24.4,21.3,5.9,91,27.1,11.19
1998-07-06,25.0,21.1,3.3,87,29.4,14.83
1998-07-07,25.2,21.1,3.2,87,33.4,17.72
1998-07-08,24.8,21.1,13.6,89,31.8,15.45
1998-07-09,26.0,20.5,7.0,90,25.3,15.01
1998-07-10,26.1,21.1,0.8,87,25.2,12.08
1998-07-11,25.7,21.6,1.7,86,28.6,16.59
1998-07-12,26.2,21.6,0.7,86,27.3,17.06
1998-07-13,26.5,21.3,1.8,84,22.8,17.59
1998-07-14,27.4,21.7,0.7,82,19.8,17.81
1998-07-15,27.3,21.6,1.2,83,20.1,17.85
1998-07-16,27.2,21.3,2.1,83,17.0,16.67
1998-07-17,27.6,21.5,0.8,81,18.0,17.37
1998-07-18,27.7,21.5,0.7,81,12.0,15.23
1998-07-19,29.2,21.5,10.5,84,15.5,17.9
1998-07-20,27.5,21.5,14.8,89,16.1,15.21
1998-07-21,27.9,21.5,3.0,87,16.5,16.16
1998-07-22,28.0,21.0,1.9,83,15.6,17.94
1998-07-23,28.2,21.5,2.6,85,15.6,17.27
1998-07-24,27.4,21.4,7.0,86,12.6,16.4
1998-07-25,26.9,21.2,3.8,87,19.4,15.57
1998-07-26,26.5,21.5,4.8,89,20.3,16.46
1998-07-27,25.1,20.9,23.8,93,20.9,9.4
1998-07-28,22.4,20.2,21.9,96,18.4,4.28
1998-07-29,21.6,19.7,21.2,97,22.5,4.79
1998-07-30,22.7,20.3,18.0,96,21.7,5.63
1998-07-31,25.6,21.0,1.7,87,25.7,17.54
1998-08-01,26.6,21.0,1.0,84,19.8,17.2
1998-08-02,26.1,21.3,0.6,86,16.2,14.8
1998-08-03,26.9,21.6,4.7,86,16.6,16.84
1998-08-04,26.6,21.5,1.8,83,18.8,14.24
1998-08-05,26.1,21.6,1.2,84,18.7,15.02
1998-08-06,25.6,21.4,2.5,88,22.6,12.17
1998-08-07,24.2,21.2,5.4,90,20.5,11.68
1998-08-08,25.7,20.7,2.1,88,23.5,13.54
1998-08-09,25.5,21.0,1.3,86,23.1,13.51
1998-08-10,25.0,21.0,13.7,91,23.3,13.08
1998-08-11,25.2,21.1,3.1,89,26.9,13.7
1998-08-12,26.0,21.3,2.0,87,24.1,14.68
1998-08-13,25.7,21.1,1.5,86,23.4,15.51
1998-08-14,26.2,21.1,0.2,83,20.2,14.22
1998-08-15,27.2,20.7,0.4,84,13.6,16.81
1998-08-16,27.6,20.8,1.0,85,15.6,17.05
1998-08-17,26.8,20.8,1.3,84,14.0,16.15
1998-08-18,28.1,20.9,0.4,82,14.1,18.36
1998-08-19,27.3,21.3,4.2,85,15.7,15.32
1998-08-20,26.0,21.2,9.4,87,13.3,12.74
1998-08-21,26.8,20.9,16.0,88,14.5,13.74
1998-08-22,28.4,20.9,12.5,86,12.6,16.18
1998-08-23,27.8,21.1,26.1,90,11.8,10.8
1998-08-24,28.5,21.0,6.9,87,9.2,17.61
1998-08-25,25.3,21.7,5.1,91,21.6,11.24
1998-08-26,25.0,21.3,3.1,88,26.2,10.62
1998-08-27,25.0,21.0,1.5,88,24.7,13.11
1998-08-28,25.2,20.8,0.6,87,25.8,15.27
1998-08-29,25.6,20.8,1.4,85,23.5,15.64
1998-08-30,26.7,21.1,1.4,84,20.0,16.98
1998-08-31,26.9,21.3,1.1,84,18.8,15.09
1998-09-01,26.3,21.2,6.3,86,18.1,12.22
1998-09-02,26.6,21.2,2.1,87,19.1,14.85
1998-09-03,27.3,20.5,2.6,84,16.2,17.68
1998-09-04,28.0,20.9,2.5,84,11.3,17.56
1998-09-05,25.6,21.2,7.4,90,13.0,12.39
1998-09-06,27.3,20.8,3.5,86,17.8,16.47
1998-09-07,26.3,21.1,4.7,88,17.3,11.73
1998-09-08,24.4,20.8,5.5,89,14.7,7.53
1998-09-09,25.1,20.8,2.6,90,18.6,10.38
1998-09-10,25.2,21.1,0.8,90,21.6,13.72
1998-09-11,23.0,20.7,6.1,93,18.5,7.96
1998-09-12,25.0,20.7,2.0,91,17.9,12.52
1998-09-13,25.7,21.2,1.1,89,23.1,13.81
1998-09-14,24.5,20.9,0.9,88,26.1,12.82
1998-09-15,25.0,20.5,0.8,88,26.2,16.26
1998-09-16,26.1,20.4,0.0,84,22.3,17.46
1998-09-17,26.8,20.5,0.0,84,21.8,18.45
1998-09-18,26.9,20.5,0.0,81,17.7,19.41
1998-09-19,26.0,20.2,0.3,84,13.8,13.66
1998-09-20,26.0,20.3,6.8,90,14.5,12.06
1998-09-21,25.9,20.3,4.2,88,14.4,13.42
1998-09-22,27.3,20.4,0.1,81,13.8,16.89
1998-09-23,27.7,19.9,0.1,82,13.8,20.39
1998-09-24,27.7,20.0,0.5,79,10.6,19.62
1998-09-25,27.3,20.6,11.9,87,7.7,15.56
1998-09-26,25.9,20.7,36.2,90,8.0,10.55
1998-09-27,27.5,20.0,10.5,87,8.4,15.76
1998-09-28,25.6,19.9,2.0,87,10.8,12.0
1998-09-29,27.1,20.9,12.6,88,12.2,13.64
1998-09-30,27.3,21.4,5.1,85,12.9,16.46
1998-10-01,26.6,21.2,5.0,88,12.3,16.65
1998-10-02,27.1,21.1,1.9,86,13.9,16.25
1998-10-03,26.9,20.9,5.7,86,17.7,13.89
1998-10-04,25.9,20.4,7.2,88,11.1,10.9
1998-10-05,26.8,20.1,5.4,88,9.7,15.59
1998-10-06,27.8,20.2,4.9,86,10.4,18.26
1998-10-07,27.7,20.3,1.4,86,8.3,18.11
1998-10-08,27.8,20.1,14.8,86,9.6,18.16
1998-10-09,27.6,20.6,5.9,86,14.6,15.59
1998-10-10,28.3,21.3,14.6,87,12.5,15.36
1998-10-11,26.5,20.6,24.0,90,11.9,12.08
1998-10-12,24.4,21.0,11.8,92,18.2,10.14
1998-10-13,26.9,20.6,4.6,87,14.4,15.19
1998-10-14,24.7,21.0,4.7,91,16.2,7.92
1998-10-15,23.6,20.5,5.3,96,19.2,5.93
1998-10-16,25.6,20.6,1.6,89,24.3,15.26
1998-10-17,25.9,20.5,0.1,86,28.2,17.38
1998-10-18,26.5,19.2,0.0,82,22.7,18.28
1998-10-19,26.7,17.4,0.0,79,17.6,21.86
1998-10-20,26.0,15.2,0.0,75,9.3,23.88
1998-10-21,25.1,16.6,0.0,80,6.7,18.61
1998-10-22,25.2,16.9,0.2,78,8.3,17.29
1998-10-23,25.8,17.2,0.1,79,6.8,17.01
1998-10-24,26.9,18.5,0.0,78,8.3,18.17
1998-10-25,26.9,19.3,0.4,82,7.2,17.15
1998-10-26,27.6,20.2,0.8,82,8.4,18.1
1998-10-27,28.2,19.9,0.8,80,14.8,19.2
1998-10-28,28.6,20.1,0.0,77,15.1,19.38
1998-10-29,28.1,19.6,0.0,70,15.5,20.11
1998-10-30,27.1,18.0,0.0,67,10.0,18.14
1998-10-31,27.3,15.7,0.0,62,9.6,22.15
1998-11-01,27.5,16.6,0.0,74,7.3,19.18
1998-11-02,27.0,18.8,1.2,83,12.5,14.66
1998-11-03,27.3,19.6,1.2,82,18.0,16.31
1998-11-04,27.6,18.7,0.2,77,15.0,17.52
1998-11-05,28.0,19.9,0.4,76,14.5,18.13
1998-11-06,28.4,18.4,0.0,63,16.4,21.78
1998-11-07,27.0,20.6,7.2,83,19.5,12.26
1998-11-08,27.0,20.8,3.6,82,20.0,14.47
1998-11-09,26.7,19.9,1.2,80,13.9,15.22
1998-11-10,27.0,20.1,0.1,77,16.4,13.98
1998-11-11,27.8,18.8,0.0,75,14.4,17.49
1998-11-12,27.3,19.4,0.4,79,13.0,16.6
1998-11-13,26.4,17.4,0.0,64,12.1,21.37
1998-11-14,26.7,13.8,0.0,58,8.8,21.78
1998-11-15,26.4,14.8,0.0,70,9.7,20.32
1998-11-16,26.4,17.1,0.0,76,11.8,17.32
1998-11-17,26.7,17.0,0.5,80,16.5,17.22
1998-11-18,26.1,17.4,0.2,78,14.8,17.1
1998-11-19,25.9,16.2,0.0,79,8.7,17.62
1998-11-20,26.4,17.3,0.0,73,7.7,15.74
1998-11-21,27.7,19.0,0.0,63,16.3,17.81
1998-11-22,27.6,16.7,0.0,53,12.7,20.73
1998-11-23,27.6,14.6,0.0,49,14.5,20.98
1998-11-24,27.9,14.9,0.0,50,14.2,19.87
1998-11-25,27.8,16.0,0.0,55,13.2,19.22
1998-11-26,27.7,15.3,0.0,49,14.5,20.73
1998-11-27,26.8,13.5,0.0,39,13.9,21.33
1998-11-28,26.6,13.5,0.0,44,15.1,20.91
1998-11-29,27.9,12.8,0.0,51,9.7,20.53
1998-11-30,28.7,14.2,0.0,59,7.4,20.22
1998-12-01,28.5,16.3,0.0,62,9.3,18.07
1998-12-02,28.6,18.4,0.0,55,13.3,17.87
1998-12-03,28.5,16.9,0.0,41,19.8,20.55
1998-12-04,28.4,16.2,0.0,48,18.6,20.16
1998-12-05,28.8,15.5,0.0,47,17.1,20.15
1998-12-06,29.1,14.2,0.0,42,13.4,20.21
1998-12-07,28.8,15.7,0.0,36,17.9,20.31
1998-12-08,28.6,16.0,0.0,47,20.2,19.09
1998-12-09,29.0,17.6,0.0,51,18.7,19.09
1998-12-10,27.4,19.5,0.2,61,19.5,9.49
1998-12-11,27.4,19.7,0.0,61,26.3,14.89
1998-12-12,25.1,19.4,0.4,72,26.0,10.12
1998-12-13,27.7,19.2,0.0,61,24.5,15.92
1998-12-14,26.0,18.9,0.7,63,17.7,11.11
1998-12-15,27.3,19.7,0.0,62,13.8,14.5
1998-12-16,28.5,18.6,0.0,58,9.8,17.32
1998-12-17,28.5,14.9,0.0,43,14.5,20.26
1998-12-18,27.8,14.0,0.0,46,13.6,20.41
1998-12-19,27.6,13.3,0.0,45,11.6,20.53
1998-12-20,27.2,13.3,0.0,43,11.6,20.56
1998-12-21,27.1,12.3,0.0,42,11.2,20.6
1998-12-22,27.7,12.2,0.0,45,10.6,20.42
1998-12-23,27.8,12.8,0.0,46,13.0,20.46
1998-12-24,28.2,13.2,0.0,45,13.8,20.48
1998-12-25,27.3,14.1,0.0,46,15.5,20.25
1998-12-26,26.3,13.4,0.0,46,15.0,20.18
1998-12-27,27.9,14.2,0.0,47,15.5,20.22
1998-12-28,28.3,15.5,0.0,46,12.6,20.22
1998-12-29,27.7,14.9,0.0,44,14.8,19.67
1998-12-30,28.0,13.9,0.0,38,12.3,19.83
1998-12-31,27.8,12.5,0.0,44,14.4,20.76
1999-01-01,27.6,13.7,0.0,44,14.9,20.66
1999-01-02,27.4,13.2,0.0,45,15.5,20.72
1999-01-03,27.4,12.4,0.0,47,16.8,20.8
1999-01-04,27.3,13.0,0.0,48,12.9,20.35
1999-01-05,27.7,13.2,0.0,51,10.2,20.55
1999-01-06,27.1,13.6,0.0,68,14.0,19.17
1999-01-07,26.7,12.5,0.0,56,9.7,21.16
1999-01-08,27.8,14.0,0.0,47,15.9,20.53
1999-01-09,27.7,15.8,0.0,51,13.3,20.26
1999-01-10,28.1,16.9,0.0,50,11.8,20.37
1999-01-11,27.7,16.0,0.0,47,13.9,20.74
1999-01-12,27.9,14.1,0.0,47,9.8,20.82
1999-01-13,28.2,14.2,0.0,50,12.2,20.79
1999-01-14,27.3,15.7,0.0,54,17.4,19.64
1999-01-15,27.0,16.1,0.0,58,17.7,19.59
1999-01-16,27.1,15.4,0.0,53,14.4,20.89
1999-01-17,27.8,14.7,0.0,48,14.4,21.4
1999-01-18,28.3,14.8,0.0,41,15.2,21.62
1999-01-19,28.4,13.9,0.0,44,14.0,21.63
1999-01-20,28.2,14.5,0.0,45,14.4,21.78
1999-01-21,28.5,14.2,0.0,47,13.4,21.75
1999-01-22,29.0,13.6,0.0,39,13.1,22.07
1999-01-23,29.2,13.6,0.0,32,10.8,21.46
1999-01-24,29.6,14.2,0.0,34,12.4,22.2
1999-01-25,28.8,13.9,0.0,38,10.4,18.97
1999-01-26,29.2,14.2,0.0,39,9.9,22.28
1999-01-27,29.3,13.4,0.0,41,10.1,22.31
1999-01-28,29.4,15.0,0.0,41,10.5,22.54
1999-01-29,29.4,14.3,0.0,41,13.5,22.45
1999-01-30,30.0,14.6,0.0,45,9.3,22.29
1999-01-31,30.3,15.5,0.0,48,9.5,22.46
1999-02-01,30.0,14.7,0.0,44,9.6,22.39
1999-02-02,30.1,16.0,0.0,42,11.6,22.2
1999-02-03,30.0,17.5,0.0,45,15.3,21.63
1999-02-04,29.1,18.8,0.7,61,12.9,17.41
1999-02-05,28.8,19.1,0.2,65,8.7,17.17
1999-02-06,30.5,19.8,0.0,58,14.6,19.74
1999-02-07,30.9,18.6,0.0,43,15.0,21.88
1999-02-08,30.0,17.7,0.0,51,13.6,19.37
1999-02-09,29.4,17.8,0.0,57,14.8,21.73
1999-02-10,28.9,15.4,0.0,53,8.6,22.41
1999-02-11,30.2,15.4,0.0,48,11.8,19.9
1999-02-12,30.7,18.5,0.0,39,15.9,22.85
1999-02-13,31.3,18.0,0.0,41,18.4,23.08
1999-02-14,31.4,18.3,0.0,39,16.3,22.82
1999-02-15,31.6,19.7,0.0,38,18.6,21.35
1999-02-16,31.5,18.9,0.0,44,15.4,21.13
1999-02-17,32.0,18.6,0.0,43,12.4,21.59
1999-02-18,31.9,18.4,0.0,30,14.9,23.76
1999-02-19,32.4,18.0,0.0,30,16.3,24.19
1999-02-20,32.5,18.3,0.0,31,13.4,24.19
1999-02-21,32.4,18.0,0.0,26,19.1,24.87
1999-02-22,32.9,18.0,0.0,29,21.0,24.61
1999-02-23,33.0,19.1,0.0,30,19.1,24.54
1999-02-24,32.8,18.0,0.0,31,12.4,24.67
1999-02-25,33.3,20.1,0.0,29,11.7,24.52
1999-02-26,33.5,21.2,0.0,29,11.4,24.39
1999-02-27,34.0,19.4,0.0,29,16.7,24.69
1999-02-28,34.5,19.8,0.0,26,15.2,24.95
1999-03-01,34.0,19.1,0.0,30,13.2,24.95
1999-03-02,34.2,21.3,0.0,36,15.2,23.98
1999-03-03,34.0,19.4,0.0,32,16.6,25.06
1999-03-04,33.5,20.6,0.0,35,9.8,25.08
1999-03-05,34.1,20.1,0.0,47,11.4,24.47
1999-03-06,33.6,20.1,0.0,56,10.0,24.42
1999-03-07,33.5,20.2,0.0,51,9.5,25.29
1999-03-08,34.1,19.4,0.0,53,10.8,25.3
1999-03-09,33.7,19.4,0.0,58,14.6,23.34
1999-03-10,34.0,20.4,0.0,47,12.5,24.2
1999-03-11,34.3,20.7,0.0,40,12.0,24.98
1999-03-12,34.7,22.0,0.0,41,14.2,24.87
1999-03-13,34.8,21.6,0.0,49,18.6,24.36
1999-03-14,34.2,19.8,0.0,50,8.6,23.99
1999-03-15,35.2,22.2,0.0,42,12.0,25.93
1999-03-16,34.9,21.7,0.0,39,10.7,25.6
1999-03-17,34.0,21.3,0.0,58,20.6,21.76
1999-03-18,34.4,20.7,0.0,46,14.5,23.8
1999-03-19,34.7,21.1,0.0,42,16.2,22.29
1999-03-20,35.7,22.7,0.0,37,15.6,22.9
1999-03-21,33.9,23.3,0.0,43,18.1,20.34
1999-03-22,33.8,21.2,0.0,56,17.6,22.87
1999-03-23,35.7,20.6,0.0,51,19.8,25.24
1999-03-24,36.7,20.3,0.0,47,22.5,25.62
1999-03-25,36.8,17.9,0.0,49,12.5,26.86
1999-03-26,36.5,19.5,0.0,31,22.5,26.6
1999-03-27,36.3,19.1,0.0,33,13.4,27.21
1999-03-28,36.9,19.6,0.0,50,15.0,26.95
1999-03-29,36.8,19.3,0.0,48,14.2,26.9
1999-03-30,37.1,20.0,0.0,49,13.0,26.57
1999-03-31,36.5,20.4,0.0,60,14.3,26.58
1999-04-01,36.4,20.9,0.0,60,14.1,26.19
1999-04-02,35.7,20.5,0.0,54,10.7,25.5
1999-04-03,36.8,21.7,0.0,47,15.8,26.32
1999-04-04,37.9,20.3,0.0,44,18.9,27.53
1999-04-05,36.2,21.4,0.0,59,19.3,25.09
1999-04-06,34.7,21.3,0.8,67,18.4,23.81
1999-04-07,35.3,21.2,0.0,64,17.9,24.17
1999-04-08,37.0,22.3,0.0,62,20.0,25.65
1999-04-09,36.0,21.7,0.0,60,18.1,24.59
1999-04-10,35.9,21.0,0.1,65,18.6,25.5
1999-04-11,36.6,22.3,0.6,65,23.5,23.77
1999-04-12,35.7,21.7,0.5,64,24.3,24.75
1999-04-13,34.3,21.5,0.4,65,23.1,25.25
1999-04-14,35.2,20.4,0.0,60,22.1,25.83
1999-04-15,35.7,19.2,0.0,58,17.5,26.02
1999-04-16,37.3,20.3,0.0,53,17.7,25.42
1999-04-17,37.8,20.9,0.0,55,18.5,26.9
1999-04-18,36.6,20.4,0.0,60,22.1,27.18
1999-04-19,36.4,20.6,0.0,58,20.9,26.46
1999-04-20,35.9,20.2,0.0,57,19.3,24.59
1999-04-21,35.4,21.1,0.0,53,18.3,22.81
1999-04-22,33.5,21.0,0.6,68,20.3,20.85
1999-04-23,34.4,21.2,3.6,71,19.2,23.36
1999-04-24,34.2,21.1,0.4,69,21.1,22.99
1999-04-25,33.2,21.9,0.9,70,21.5,23.71
1999-04-26,32.0,21.4,0.0,67,20.3,23.74
1999-04-27,33.3,20.1,1.7,67,17.9,25.44
1999-04-28,33.8,21.2,0.4,65,17.6,25.71
1999-04-29,35.4,20.9,0.4,64,21.1,25.34
1999-04-30,35.5,21.0,0.2,64,21.3,26.54
1999-05-01,36.2,21.6,0.0,63,20.3,26.74
1999-05-02,35.9,21.4,0.0,62,19.9,26.6
1999-05-03,36.7,21.1,0.0,63,22.7,26.98
1999-05-04,36.9,21.1,0.0,62,22.1,26.04
1999-05-05,35.2,21.8,0.4,66,20.9,25.34
1999-05-06,32.6,21.9,0.2,70,19.3,20.96
1999-05-07,32.7,22.3,3.7,71,20.4,21.83
1999-05-08,31.4,21.8,0.4,71,14.5,20.08
1999-05-09,32.2,22.0,3.8,74,15.1,22.55
1999-05-10,33.2,22.0,0.6,71,19.8,23.21
1999-05-11,32.3,21.4,3.2,73,15.2,22.25
1999-05-12,31.0,20.9,9.1,77,14.8,21.17
1999-05-13,30.8,21.2,5.8,76,17.9,22.16
1999-05-14,30.8,21.8,3.0,76,13.3,22.83
1999-05-15,30.7,22.2,9.3,79,11.4,19.95
1999-05-16,30.9,21.7,2.5,79,13.2,20.2
1999-05-17,27.5,21.7,0.7,80,19.3,17.35
1999-05-18,29.5,21.5,0.4,77,20.0,20.93
1999-05-19,28.7,21.5,4.2,80,19.0,17.04
1999-05-20,27.6,21.6,1.9,83,17.1,15.57
1999-05-21,25.6,20.6,5.2,87,20.9,15.72
1999-05-22,26.4,20.5,2.9,88,24.5,12.09
1999-05-23,27.0,20.9,2.1,86,20.5,17.04
1999-05-24,25.5,20.8,4.3,90,19.8,10.69
1999-05-25,25.1,20.7,5.1,91,17.2,8.92
1999-05-26,28.2,21.0,1.2,81,18.9,16.68
1999-05-27,24.3,21.1,2.0,80,13.9,7.88
1999-05-28,28.2,20.4,1.2,74,19.2,19.35
1999-05-29,28.8,20.7,0.0,73,20.2,19.74
1999-05-30,28.1,21.1,0.8,80,20.0,18.89
1999-05-31,27.7,21.1,0.2,80,21.7,18.77
1999-06-01,29.5,21.2,0.4,76,19.9,20.74
1999-06-02,29.1,21.2,0.1,77,22.7,20.46
1999-06-03,27.3,20.9,1.1,82,23.6,19.19
1999-06-04,28.8,20.9,3.9,80,18.0,20.2
1999-06-05,30.0,21.2,0.5,77,18.0,21.58
1999-06-06,30.8,21.5,0.7,77,19.8,21.24
1999-06-07,31.5,20.7,0.0,72,22.1,23.93
1999-06-08,30.8,21.2,0.4,73,22.8,21.69
1999-06-09,29.0,21.7,0.9,75,23.0,20.0
1999-06-10,27.9,21.5,4.3,80,25.7,16.42
1999-06-11,26.3,21.1,7.5,90,21.0,11.59
1999-06-12,23.5,20.9,47.7,96,21.7,5.75
1999-06-13,26.4,20.7,2.0,86,22.5,17.37
1999-06-14,26.2,20.9,3.3,85,23.5,17.26
1999-06-15,25.8,21.1,2.6,87,21.8,13.56
1999-06-16,24.1,20.4,3.1,92,22.3,10.59
1999-06-17,22.5,20.5,10.6,94,23.9,6.17
1999-06-18,22.2,20.2,18.5,96,23.7,7.05
1999-06-19,23.3,20.6,12.8,94,23.8,7.79
1999-06-20,25.1,20.4,3.0,86,30.9,17.12
1999-06-21,25.1,20.4,4.4,86,31.5,18.53
1999-06-22,25.5,20.6,2.3,83,33.1,19.05
1999-06-23,23.3,20.4,3.8,89,26.1,9.54
1999-06-24,24.5,20.4,3.6,90,26.8,14.76
1999-06-25,25.4,20.5,0.8,86,23.7,14.41
1999-06-26,26.5,20.6,1.8,83,24.1,19.36
1999-06-27,25.7,20.7,1.4,86,21.4,15.18
1999-06-28,26.0,20.4,1.6,85,21.0,15.93
1999-06-29,26.4,20.5,2.0,83,19.9,18.04
1999-06-30,26.8,20.7,0.6,81,19.4,17.87
1999-07-01,27.1,20.4,0.1,80,22.0,19.69
1999-07-02,26.1,20.5,1.2,82,24.4,18.48
1999-07-03,26.6,20.3,1.1,83,21.8,17.91
1999-07-04,27.0,21.0,1.0,82,20.3,18.22
1999-07-05,27.7,21.1,1.2,82,14.9,17.73
1999-07-06,27.1,21.5,13.5,85,17.2,14.83
1999-07-07,25.4,20.7,4.9,89,17.4,12.69
1999-07-08,26.5,20.8,2.4,86,19.0,15.38
1999-07-09,26.3,21.1,1.9,87,21.3,16.85
1999-07-10,24.7,20.7,10.9,90,29.2,12.74
1999-07-11,26.2,21.0,0.8,84,23.1,17.39
1999-07-12,26.1,20.7,0.8,83,25.1,18.43
1999-07-13,25.2,20.1,4.9,88,24.9,13.86
1999-07-14,25.0,20.2,1.1,87,27.4,13.22
1999-07-15,23.6,20.1,19.7,95,21.3,8.54
1999-07-16,21.9,20.2,43.0,97,28.7,4.62
1999-07-17,23.4,20.4,25.3,94,28.9,9.26
1999-07-18,24.5,20.7,3.4,87,30.4,14.71
1999-07-19,23.8,20.3,5.7,89,29.5,12.06
1999-07-20,23.9,20.3,7.1,89,31.2,12.07
1999-07-21,23.8,20.3,7.9,92,28.1,10.09
1999-07-22,22.8,20.2,20.7,95,29.1,7.39
1999-07-23,22.8,20.2,13.8,95,30.7,8.86
1999-07-24,23.8,19.8,7.9,91,32.0,14.19
1999-07-25,23.9,19.6,14.1,94,30.3,11.8
1999-07-26,24.9,20.0,7.2,90,30.7,15.31
1999-07-27,23.9,20.0,9.0,89,30.0,14.21
1999-07-28,23.8,20.1,3.1,87,33.5,12.18
1999-07-29,24.9,20.3,1.0,84,32.5,16.62
1999-07-30,25.1,20.3,1.2,84,30.4,17.52
1999-07-31,25.7,20.8,1.5,84,27.0,17.86
1999-08-01,25.7,20.8,2.6,86,27.8,14.37
1999-08-02,24.1,20.4,2.2,88,25.6,12.86
1999-08-03,24.5,20.1,0.5,87,25.5,10.84
1999-08-04,25.0,20.0,1.6,88,27.8,13.95
1999-08-05,24.9,20.0,2.6,88,29.7,14.56
1999-08-06,23.3,19.7,7.3,92,28.7,7.26
1999-08-07,23.4,20.1,5.9,90,31.1,11.97
1999-08-08,23.5,20.1,3.0,91,28.6,8.32
1999-08-09,23.5,20.5,1.3,92,28.7,8.04
1999-08-10,25.0,20.3,1.7,90,26.0,11.89
1999-08-11,26.5,21.1,1.2,83,22.7,16.21
1999-08-12,26.2,21.0,0.5,82,22.1,17.41
1999-08-13,24.3,20.4,0.1,84,24.8,13.11
1999-08-14,25.3,20.4,1.1,84,24.3,14.79
1999-08-15,27.2,20.2,1.9,82,16.9,18.19
1999-08-16,26.7,20.9,2.7,85,16.9,16.37
1999-08-17,26.9,20.4,1.1,84,12.3,15.72
1999-08-18,26.9,19.8,0.4,82,12.3,18.4
1999-08-19,27.5,20.0,0.0,81,14.8,19.24
1999-08-20,26.6,20.2,0.4,80,13.4,17.07
1999-08-21,26.8,19.4,0.1,81,19.5,18.0
1999-08-22,26.4,20.1,1.0,81,16.6,16.53
1999-08-23,26.6,20.3,1.3,83,17.3,17.2
1999-08-24,27.4,20.0,3.6,85,17.0,18.44
1999-08-25,26.1,20.4,2.0,83,20.2,16.65
1999-08-26,25.7,20.5,1.2,87,23.3,15.12
1999-08-27,25.7,20.3,1.6,86,20.6,15.15
1999-08-28,24.7,20.3,6.8,88,19.1,11.67
1999-08-29,26.2,20.3,1.8,84,18.3,16.57
1999-08-30,26.6,20.3,0.9,84,19.1,16.93
1999-08-31,27.0,20.6,1.7,84,18.1,15.64
1999-09-01,26.9,20.0,1.2,81,20.0,17.67
1999-09-02,25.8,20.3,1.6,84,21.0,18.33
1999-09-03,25.7,19.9,0.8,84,24.9,17.84
1999-09-04,25.4,19.9,1.4,84,23.8,17.72
1999-09-05,25.4,19.7,1.4,84,22.8,17.81
1999-09-06,24.9,20.2,1.1,86,21.7,16.96
1999-09-07,25.9,20.1,1.5,83,18.4,16.34
1999-09-08,25.8,20.6,1.9,82,19.6,16.17
1999-09-09,24.3,19.1,8.7,89,18.5,10.23
1999-09-10,23.5,19.8,5.8,90,15.2,9.59
1999-09-11,25.3,19.7,1.3,88,20.8,14.95
1999-09-12,25.7,20.1,0.7,84,19.5,14.91
1999-09-13,25.6,20.0,1.2,84,22.0,16.62
1999-09-14,25.6,20.0,1.1,83,20.6,15.91
1999-09-15,26.3,19.9,0.4,83,20.6,17.5
1999-09-16,26.9,20.1,0.3,81,19.1,18.05
1999-09-17,26.9,19.9,0.2,80,19.1,17.78
1999-09-18,27.2,19.0,0.0,80,18.1,19.23
1999-09-19,27.6,19.3,0.0,79,15.5,19.6
1999-09-20,28.8,18.8,0.0,76,13.9,24.4
1999-09-21,28.5,19.0,0.0,76,14.9,22.11
1999-09-22,29.0,19.0,0.0,76,14.8,21.75
1999-09-23,29.2,18.7,0.0,76,16.2,21.21
1999-09-24,29.4,18.9,0.0,76,14.5,23.59
1999-09-25,29.5,19.8,0.1,80,15.1,19.4
1999-09-26,29.3,20.9,1.2,78,11.7,18.84
1999-09-27,27.8,21.1,2.8,82,13.6,13.5
1999-09-28,27.7,21.4,4.1,86,18.1,13.92
1999-09-29,28.0,21.0,4.2,81,13.2,17.17
1999-09-30,26.9,20.6,7.1,86,11.9,12.8
1999-10-01,28.1,19.5,19.3,87,11.0,17.25
1999-10-02,27.0,20.6,6.3,85,11.9,16.1
1999-10-03,26.5,20.5,9.8,87,9.4,12.98
1999-10-04,26.0,20.3,18.9,88,7.8,13.07
1999-10-05,28.1,19.9,10.1,86,11.5,18.53
1999-10-06,26.7,20.6,4.7,87,17.8,13.07
1999-10-07,27.2,20.8,9.0,86,10.6,16.16
1999-10-08,27.3,20.3,2.9,82,17.8,17.5
1999-10-09,28.1,20.7,9.2,84,20.5,18.87
1999-10-10,27.8,19.5,1.4,82,10.9,19.61
1999-10-11,27.6,20.1,1.8,86,6.3,18.44
1999-10-12,27.4,19.8,5.6,86,11.5,17.09
1999-10-13,26.8,20.2,4.0,85,9.7,15.25
1999-10-14,27.7,19.9,5.9,86,8.7,18.29
1999-10-15,27.2,19.2,1.4,81,12.7,19.51
1999-10-16,26.8,20.3,0.1,81,15.9,13.76
1999-10-17,27.7,19.5,2.4,82,10.6,19.02
1999-10-18,27.9,19.0,0.0,79,10.2,20.27
1999-10-19,27.8,15.9,0.0,66,11.5,23.5
1999-10-20,28.0,17.6,0.0,62,17.7,21.77
1999-10-21,28.1,19.4,0.0,60,15.7,20.15
1999-10-22,26.8,19.2,0.2,67,15.6,17.72
1999-10-23,27.8,19.3,0.0,64,12.5,20.2
1999-10-24,28.4,17.9,0.0,59,14.7,21.5
1999-10-25,27.7,18.8,0.0,65,11.2,19.88
1999-10-26,27.7,20.3,1.6,78,9.7,16.17
1999-10-27,28.2,19.2,6.2,84,13.2,17.01
1999-10-28,27.7,20.0,6.1,86,10.8,15.94
1999-10-29,28.0,18.8,0.0,74,11.4,21.24
1999-10-30,28.2,19.5,0.0,73,13.2,21.45
1999-10-31,28.5,17.3,0.0,67,12.2,22.4
1999-11-01,28.9,17.6,0.0,68,9.5,22.33
1999-11-02,29.5,18.1,0.0,60,12.7,22.54
1999-11-03,29.2,18.4,0.0,63,10.1,21.48
1999-11-04,29.7,17.3,0.0,68,14.2,21.42
1999-11-05,30.2,19.5,0.0,67,11.7,17.99
1999-11-06,28.9,21.6,0.1,66,15.2,16.91
1999-11-07,29.0,20.1,0.0,62,12.7,16.03
1999-11-08,28.9,21.1,0.0,58,9.0,14.34
1999-11-09,29.0,21.2,0.0,54,9.6,16.03
1999-11-10,29.8,17.3,0.0,48,14.1,21.76
1999-11-11,28.9,17.2,0.0,47,7.9,21.12
1999-11-12,29.1,18.4,0.0,49,13.4,21.1
1999-11-13,28.7,16.3,0.0,43,15.1,21.68
1999-11-14,28.8,16.1,0.0,36,17.8,21.9
1999-11-15,28.2,15.8,0.0,42,20.1,21.72
1999-11-16,28.3,15.7,0.0,39,17.7,21.85
1999-11-17,28.9,15.9,0.0,39,17.3,21.36
1999-11-18,28.8,17.0,0.0,35,18.2,21.56
1999-11-19,28.1,15.8,0.0,38,16.4,21.24
1999-11-20,28.3,16.6,0.0,42,18.7,19.22
1999-11-21,26.8,18.2,0.0,47,19.1,13.71
1999-11-22,26.7,18.5,0.0,62,22.0,13.96
1999-11-23,23.3,18.2,0.0,76,22.8,5.55
1999-11-24,26.7,18.5,0.0,69,16.7,12.58
1999-11-25,28.9,17.3,0.0,62,14.5,19.78
1999-11-26,29.4,17.5,0.0,56,14.5,19.76
1999-11-27,29.1,16.7,0.0,53,17.1,20.46
1999-11-28,29.3,17.0,0.0,54,17.0,19.56
1999-11-29,28.8,18.4,0.0,64,21.3,15.76
1999-11-30,29.1,19.2,0.0,60,19.7,16.28
1999-12-01,29.2,18.9,0.0,61,21.3,17.71
1999-12-02,28.8,16.3,0.0,54,15.2,20.44
1999-12-03,28.0,15.4,0.0,43,15.8,20.84
1999-12-04,27.8,14.7,0.0,47,14.0,20.64
1999-12-05,27.8,15.2,0.0,47,12.6,20.63
1999-12-06,27.8,15.0,0.0,43,11.9,20.51
1999-12-07,28.0,15.6,0.0,47,12.4,20.32
1999-12-08,27.5,13.8,0.0,61,11.2,19.97
1999-12-09,27.7,14.3,0.0,59,8.5,18.55
1999-12-10,27.9,18.4,0.0,43,16.9,19.35
1999-12-11,26.5,15.8,0.0,42,18.0,20.24
1999-12-12,26.8,14.0,0.0,42,17.4,20.6
1999-12-13,28.7,15.0,0.0,49,14.4,19.02
1999-12-14,29.3,17.1,0.0,55,13.1,19.5
1999-12-15,28.8,17.0,0.0,44,14.3,20.36
1999-12-16,28.7,14.6,0.0,41,13.4,20.46
1999-12-17,28.1,14.9,0.0,43,14.1,20.12
1999-12-18,28.0,14.6,0.0,43,14.6,20.38
1999-12-19,27.7,13.9,0.0,39,16.4,20.25
1999-12-20,26.6,13.5,0.0,45,18.4,20.29
1999-12-21,27.9,14.2,0.0,48,18.1,20.26
1999-12-22,25.7,18.4,0.0,62,20.2,11.07
1999-12-23,28.0,18.9,0.3,64,19.7,14.4
1999-12-24,28.5,16.0,0.0,48,19.4,20.13
1999-12-25,28.0,14.9,0.0,56,14.3,18.64
1999-12-26,28.6,16.4,0.0,52,12.8,19.3
1999-12-27,29.0,16.5,0.0,52,16.6,19.49
1999-12-28,28.5,16.9,0.0,53,19.5,19.59
1999-12-29,27.9,16.1,0.0,54,18.1,19.82
1999-12-30,27.5,15.4,0.0,53,12.3,19.45
1999-12-31,27.4,15.7,0.0,49,14.0,19.57
2000-01-01,27.1,15.8,0.0,51,17.2,19.3
2000-01-02,27.0,16.0,0.0,54,16.0,19.62
2000-01-03,27.0,16.4,0.0,49,14.9,19.39
2000-01-04,27.3,14.9,0.0,50,11.9,19.98
2000-01-05,27.6,15.7,0.0,49,14.4,19.89
2000-01-06,27.3,15.4,0.0,51,18.4,20.39
2000-01-07,27.6,15.7,0.0,41,17.8,20.64
2000-01-08,28.3,15.3,0.0,46,14.5,20.53
2000-01-09,29.1,16.3,0.0,49,14.6,20.54
2000-01-10,29.9,15.9,0.0,47,14.1,20.64
2000-01-11,29.6,18.6,0.0,50,14.5,18.63
2000-01-12,29.1,18.8,0.4,70,11.0,17.81
2000-01-13,29.0,18.6,0.1,63,8.6,16.68
2000-01-14,29.7,18.9,0.0,58,11.8,17.14
2000-01-15,29.9,18.7,0.0,60,10.7,18.99
2000-01-16,31.4,19.2,0.0,48,10.9,19.67
2000-01-17,31.6,18.7,0.0,40,15.3,21.15
2000-01-18,31.0,16.5,0.0,32,17.8,21.53
2000-01-19,30.9,16.8,0.0,38,14.1,21.16
2000-01-20,30.7,16.1,0.0,38,9.5,21.49
2000-01-21,31.6,15.9,0.0,43,8.8,21.53
2000-01-22,31.6,16.9,0.0,38,9.2,21.79
2000-01-23,30.2,16.9,0.0,39,10.6,21.97
2000-01-24,29.9,15.1,0.0,37,13.5,22.1
2000-01-25,29.8,16.4,0.0,40,12.9,21.77
2000-01-26,28.4,17.6,0.0,44,15.5,20.34
2000-01-27,29.0,16.6,0.0,40,17.3,21.98
2000-01-28,28.9,16.3,0.0,44,17.1,21.99
2000-01-29,29.5,15.5,0.0,39,15.9,22.28
2000-01-30,30.7,16.8,0.0,36,14.3,22.42
2000-01-31,30.1,14.9,0.0,36,9.5,22.65
2000-02-01,30.5,14.4,0.0,36,11.8,22.89
2000-02-02,30.2,15.5,0.0,55,11.2,22.54
2000-02-03,30.3,15.3,0.0,52,7.9,22.31
2000-02-04,31.2,15.7,0.0,49,15.0,22.09
2000-02-05,30.8,17.2,0.0,56,15.1,22.5
2000-02-06,29.3,14.1,0.0,52,11.3,23.35
2000-02-07,29.1,13.8,0.0,64,13.5,22.63
2000-02-08,29.2,14.3,0.0,59,14.2,22.67
2000-02-09,28.6,12.9,0.0,53,8.7,23.1
2000-02-10,30.2,14.1,0.0,61,14.6,23.01
2000-02-11,28.6,16.0,0.0,66,17.4,19.15
2000-02-12,28.4,14.8,0.0,61,11.0,21.9
2000-02-13,29.8,14.8,0.0,54,12.8,19.27
2000-02-14,29.9,17.5,0.0,54,8.0,16.34
2000-02-15,30.6,18.9,0.0,44,15.3,21.44
2000-02-16,30.6,18.7,0.0,41,11.6,21.83
2000-02-17,31.6,19.5,0.0,44,12.6,23.37
2000-02-18,31.6,18.2,0.0,35,15.6,23.87
2000-02-19,31.3,15.5,0.0,43,14.8,24.47
2000-02-20,28.3,13.8,0.0,57,16.3,24.66
2000-02-21,27.2,13.3,0.0,60,12.1,24.13
2000-02-22,29.3,13.2,0.0,55,10.8,24.06
2000-02-23,31.0,15.9,0.0,51,14.8,22.35
2000-02-24,30.9,18.6,0.4,52,13.5,19.96
2000-02-25,29.7,17.4,0.0,62,14.6,20.21
2000-02-26,30.8,18.0,0.0,60,13.8,20.34
2000-02-27,30.9,19.4,0.0,60,19.6,20.55
2000-02-28,31.0,19.5,0.0,54,22.0,21.83
2000-02-29,31.9,18.7,0.0,43,18.9,25.0
2000-03-01,33.0,17.1,0.0,35,16.8,25.37
2000-03-02,34.1,17.4,0.0,33,8.9,25.6
2000-03-03,34.4,17.4,0.0,37,10.8,25.67
2000-03-04,34.2,18.3,0.0,27,14.0,25.83
2000-03-05,33.3,17.1,0.0,29,12.7,25.92
2000-03-06,32.6,18.7,0.0,35,19.5,25.87
2000-03-07,31.9,16.5,0.0,49,19.1,25.14
2000-03-08,31.8,17.4,0.0,46,14.4,24.97
2000-03-09,33.1,18.6,0.0,35,15.9,25.9
2000-03-10,33.0,17.6,0.0,36,13.4,25.96
2000-03-11,34.0,18.0,0.0,33,15.2,26.23
2000-03-12,34.5,17.6,0.0,41,20.2,26.3
2000-03-13,32.5,17.4,0.0,54,18.1,25.77
2000-03-14,33.0,17.4,0.0,43,16.2,26.16
2000-03-15,33.0,18.4,0.0,33,14.5,26.43
2000-03-16,33.4,18.1,0.0,30,11.9,26.59
2000-03-17,34.3,18.5,0.0,32,13.4,26.77
2000-03-18,34.3,17.5,0.0,45,13.3,26.55
2000-03-19,34.9,18.5,0.0,40,14.0,26.77
2000-03-20,35.4,20.0,0.0,38,12.6,25.79
2000-03-21,34.5,19.9,0.0,50,17.4,26.18
2000-03-22,34.1,20.7,0.0,48,10.4,24.41
2000-03-23,34.4,19.7,0.0,45,10.2,25.2
2000-03-24,35.0,21.0,0.0,36,15.2,25.19
2000-03-25,35.1,20.1,0.0,28,16.8,26.91
2000-03-26,34.0,20.7,0.0,35,11.9,23.66
2000-03-27,33.9,21.4,0.0,37,8.8,22.2
2000-03-28,33.1,22.8,0.0,49,8.9,20.28
2000-03-29,34.4,22.9,0.0,47,11.9,22.82
2000-03-30,35.1,22.3,0.0,59,12.9,24.12
2000-03-31,36.4,21.5,0.0,53,13.0,25.69
2000-04-01,36.4,21.4,0.0,45,19.1,27.25
2000-04-02,35.1,21.6,0.0,59,15.2,23.93
2000-04-03,35.0,22.6,0.0,64,19.6,22.26
2000-04-04,33.5,23.3,0.0,66,18.7,21.21
2000-04-05,34.8,23.5,0.0,62,18.5,22.41
2000-04-06,34.6,21.4,0.0,52,11.2,21.06
2000-04-07,35.3,21.7,0.0,59,13.9,22.98
2000-04-08,34.3,22.3,0.0,62,14.8,22.98
2000-04-09,36.8,22.4,0.4,63,20.4,23.32
2000-04-10,37.2,21.8,0.0,59,18.4,25.12
2000-04-11,37.8,21.2,0.0,58,19.9,26.07
2000-04-12,36.8,21.2,0.0,62,21.7,26.79
2000-04-13,35.6,20.7,0.0,62,21.5,26.42
2000-04-14,34.5,20.5,0.1,64,18.4,26.01
2000-04-15,34.8,21.3,0.2,62,17.9,25.35
2000-04-16,34.6,21.3,0.9,65,13.9,23.97
2000-04-17,34.8,21.4,0.1,62,16.7,22.87
2000-04-18,34.7,22.2,2.7,67,10.4,23.62
2000-04-19,35.7,22.1,0.0,55,14.8,24.63
2000-04-20,34.3,22.5,0.0,64,16.4,23.36
2000-04-21,34.2,22.3,0.6,71,20.4,23.44
2000-04-22,35.1,21.9,0.2,65,18.6,24.71
2000-04-23,36.3,22.2,0.6,61,18.3,23.99
2000-04-24,35.6,22.4,0.0,64,21.1,24.21
2000-04-25,36.1,20.6,0.0,55,19.8,27.61
2000-04-26,36.6,20.0,0.0,55,21.1,27.11
2000-04-27,37.2,20.3,0.0,58,21.7,26.64
2000-04-28,37.9,21.5,0.0,61,21.8,26.74
2000-04-29,36.9,21.6,0.0,61,20.7,26.61
2000-04-30,39.4,20.8,0.0,54,18.6,27.42
2000-05-01,38.2,21.3,0.3,60,20.9,25.71
2000-05-02,38.3,21.3,0.0,60,22.7,25.89
2000-05-03,35.6,20.7,0.9,62,22.5,26.31
2000-05-04,35.9,21.6,0.2,61,17.6,26.3
2000-05-05,36.7,21.8,0.8,64,22.2,25.65
2000-05-06,31.2,21.6,3.5,72,13.4,21.83
2000-05-07,32.0,22.7,5.2,76,17.7,21.51
2000-05-08,31.7,21.9,4.5,71,13.6,21.0
2000-05-09,32.8,21.2,0.0,65,15.3,25.68
2000-05-10,33.3,20.7,0.0,62,18.6,25.11
2000-05-11,33.2,20.4,0.0,64,19.8,25.63
2000-05-12,32.6,20.5,0.0,64,18.9,25.92
2000-05-13,33.0,20.4,0.0,62,19.1,26.81
2000-05-14,33.3,19.9,0.0,64,19.7,25.37
2000-05-15,32.8,21.2,0.6,70,23.5,22.95
2000-05-16,29.8,22.0,0.5,76,23.8,17.99
2000-05-17,30.6,21.5,0.6,76,27.0,20.4
2000-05-18,27.1,20.9,2.0,84,26.3,14.23
2000-05-19,28.8,21.2,2.2,80,24.9,20.11
2000-05-20,30.7,21.5,0.0,74,23.9,21.92
2000-05-21,31.6,21.9,0.2,73,20.6,20.79
2000-05-22,31.1,22.0,3.3,75,20.2,20.18
2000-05-23,30.2,22.2,2.3,78,18.1,16.75
2000-05-24,31.2,22.3,2.1,77,19.3,19.72
2000-05-25,31.0,22.3,0.9,78,18.5,17.87
2000-05-26,30.4,22.1,3.9,80,17.6,17.7
2000-05-27,26.8,21.9,5.2,84,16.9,11.74
2000-05-28,28.3,21.3,0.3,81,22.0,18.2
2000-05-29,29.6,21.2,0.3,75,20.8,19.93
2000-05-30,28.9,21.8,1.6,77,20.1,17.63
2000-05-31,30.3,21.8,0.4,72,19.4,20.36
2000-06-01,29.2,21.8,11.2,82,21.4,15.36
2000-06-02,25.0,20.3,8.3,88,20.5,11.08
2000-06-03,28.4,21.4,3.1,82,18.2,17.19
2000-06-04,26.8,21.5,7.6,87,16.8,11.75
2000-06-05,26.0,21.3,8.2,91,21.4,10.94
2000-06-06,25.0,21.3,6.1,93,23.6,9.14
2000-06-07,23.5,21.0,34.8,96,27.1,5.94
2000-06-08,25.6,20.7,6.2,88,32.1,14.22
2000-06-09,25.9,20.9,3.5,88,26.2,14.35
2000-06-10,25.8,20.8,4.2,88,23.3,11.6
2000-06-11,24.4,21.2,2.4,92,16.8,6.42
2000-06-12,25.0,21.4,1.3,87,21.2,9.77
2000-06-13,26.7,20.6,0.1,84,24.2,17.48
2000-06-14,26.9,20.8,1.6,83,24.8,17.69
2000-06-15,27.2,21.2,0.2,79,23.4,19.89
2000-06-16,26.7,21.3,0.4,80,23.4,18.69
2000-06-17,26.6,21.1,1.3,82,26.0,19.05
2000-06-18,26.2,20.9,1.0,83,22.2,16.11
2000-06-19,26.2,21.2,0.7,86,21.0,13.16
2000-06-20,27.7,21.1,0.4,82,19.2,17.22
2000-06-21,28.9,21.2,0.1,77,20.5,19.46
2000-06-22,28.4,21.6,1.8,80,20.8,18.99
2000-06-23,28.7,21.2,0.0,75,20.5,21.15
2000-06-24,28.4,20.8,0.5,76,21.3,19.87
2000-06-25,28.3,21.2,0.3,76,22.2,20.76
2000-06-26,27.3,21.1,1.4,80,22.3,19.81
2000-06-27,27.3,21.1,0.7,80,22.0,16.02
2000-06-28,26.0,20.7,2.6,83,22.0,15.34
2000-06-29,23.3,19.7,20.2,94,22.0,6.79
2000-06-30,20.9,19.7,32.9,96,25.3,4.1
2000-07-01,25.9,19.7,4.5,85,25.2,17.45
2000-07-02,25.6,20.2,2.2,88,24.4,16.88
2000-07-03,24.8,20.6,6.1,88,20.4,11.64
2000-07-04,25.7,19.9,10.8,90,19.9,11.04
2000-07-05,25.1,21.1,14.0,89,20.3,12.79
2000-07-06,24.9,20.6,14.2,92,18.2,10.2
2000-07-07,23.1,20.2,12.5,95,20.5,6.49
2000-07-08,23.0,20.1,10.1,93,23.4,7.86
2000-07-09,21.8,20.3,18.3,93,25.9,5.49
2000-07-10,21.8,20.3,21.4,95,23.9,4.84
2000-07-11,23.0,20.6,17.4,94,26.4,7.76
2000-07-12,21.3,20.0,25.0,96,25.9,3.65
2000-07-13,21.7,20.4,7.0,94,28.8,5.3
2000-07-14,24.1,20.2,2.7,90,32.0,11.4
2000-07-15,25.0,20.3,2.6,86,29.5,17.9
2000-07-16,24.3,20.3,1.8,85,29.2,14.58
2000-07-17,24.5,20.5,1.6,86,32.9,13.92
2000-07-18,24.3,20.6,2.8,85,33.2,16.27
2000-07-19,24.6,20.8,2.1,84,30.0,16.2
2000-07-20,25.2,20.4,1.8,86,24.6,14.81
2000-07-21,26.0,20.2,0.3,83,22.5,18.4
2000-07-22,27.2,20.0,0.0,79,18.9,19.56
2000-07-23,26.9,19.8,0.9,80,16.9,18.69
2000-07-24,27.0,20.2,0.1,79,17.7,19.88
2000-07-25,26.5,19.9,1.6,81,17.7,18.72
2000-07-26,26.7,20.1,0.5,81,18.4,17.63
2000-07-27,26.1,20.1,0.8,81,21.3,18.27
2000-07-28,27.4,19.9,0.5,81,17.3,19.02
2000-07-29,27.4,20.1,0.1,80,15.9,17.98
2000-07-30,27.1,19.9,0.1,80,14.8,17.78
2000-07-31,28.5,19.6,0.0,78,16.7,21.75
2000-08-01,28.3,19.6,0.0,76,15.0,20.31
2000-08-02,28.9,19.5,0.0,76,13.5,22.76
2000-08-03,28.7,19.7,0.0,75,13.0,22.42
2000-08-04,28.3,20.4,5.2,80,12.8,20.76
2000-08-05,29.0,20.5,5.0,81,13.4,20.15
2000-08-06,28.0,20.8,12.7,85,10.8,18.09
2000-08-07,26.7,21.1,3.7,87,13.7,14.27
2000-08-08,24.1,20.2,17.2,94,14.8,8.11
2000-08-09,23.9,20.2,5.2,92,20.5,8.55
2000-08-10,20.3,18.8,21.1,98,17.8,3.54
2000-08-11,21.3,18.8,13.7,97,26.6,3.51
2000-08-12,26.0,20.3,1.2,87,25.2,17.88
2000-08-13,26.5,20.7,0.0,84,16.7,17.11
2000-08-14,27.4,20.5,0.3,81,10.8,15.02
2000-08-15,26.4,20.9,1.7,85,17.1,15.85
2000-08-16,25.9,20.3,1.1,85,17.9,15.8
2000-08-17,25.8,20.6,1.3,85,19.5,15.43
2000-08-18,25.5,20.6,3.9,85,22.4,14.47
2000-08-19,25.6,20.3,1.3,88,26.7,16.3
2000-08-20,23.3,20.1,2.7,91,23.3,11.09
2000-08-21,21.6,20.1,6.4,96,20.6,5.55
2000-08-22,24.2,20.7,3.1,89,24.9,10.08
2000-08-23,22.9,20.2,12.1,94,22.7,6.92
2000-08-24,23.7,20.5,7.7,92,22.8,7.89
2000-08-25,23.5,20.5,13.2,94,27.3,8.02
2000-08-26,24.0,20.6,7.4,91,28.4,11.48
2000-08-27,24.3,20.4,3.4,88,29.3,14.08
2000-08-28,24.9,20.5,1.8,87,27.4,14.14
2000-08-29,24.4,20.1,2.0,87,25.7,13.29
2000-08-30,24.6,20.3,0.7,86,26.3,15.06
2000-08-31,24.6,20.2,2.4,87,25.1,16.31
2000-09-01,23.3,20.1,4.7,89,25.8,12.75
2000-09-02,24.5,20.1,2.7,86,27.5,16.61
2000-09-03,24.9,20.5,1.6,85,23.8,14.99
2000-09-04,25.7,20.7,2.1,84,21.0,17.9
2000-09-05,26.0,20.4,1.3,85,20.4,15.73
2000-09-06,26.1,20.4,1.8,83,18.1,17.23
2000-09-07,26.2,20.2,1.3,83,18.1,17.55
2000-09-08,27.6,19.1,0.0,81,13.4,18.31
2000-09-09,26.5,19.9,1.6,83,16.6,17.05
2000-09-10,26.8,20.1,0.2,80,16.1,17.68
2000-09-11,26.6,19.5,2.0,83,14.1,17.51
2000-09-12,27.0,19.2,0.0,81,12.6,19.56
2000-09-13,27.8,19.5,0.2,78,8.6,19.82
2000-09-14,28.2,19.2,0.4,78,10.2,20.62
2000-09-15,28.5,20.5,0.6,80,12.0,20.61
2000-09-16,28.3,21.1,0.2,81,11.8,20.2
2000-09-17,28.1,20.6,0.3,80,9.9,17.82
2000-09-18,26.0,20.7,39.1,90,12.4,12.31
2000-09-19,27.7,20.6,17.3,89,11.2,15.42
2000-09-20,28.7,20.1,4.9,85,9.5,19.85
2000-09-21,28.3,20.2,9.0,88,10.0,18.13
2000-09-22,28.4,20.0,7.7,87,8.8,20.06
2000-09-23,28.1,20.4,0.0,80,18.9,19.12
2000-09-24,28.4,19.8,0.3,81,14.1,19.81
2000-09-25,28.3,19.8,0.5,78,10.3,21.39
2000-09-26,28.4,20.8,6.0,81,11.7,20.74
2000-09-27,28.4,20.7,14.0,86,13.4,18.78
2000-09-28,27.3,20.2,12.9,88,9.3,15.62
2000-09-29,25.6,20.1,4.8,85,11.7,14.25
2000-09-30,26.3,20.8,9.4,88,11.8,13.87
2000-10-01,27.7,20.6,4.9,86,9.7,17.68
2000-10-02,28.2,20.2,0.0,80,12.5,19.02
2000-10-03,26.9,20.3,3.0,85,9.2,16.3
2000-10-04,27.4,19.5,9.1,85,8.2,19.21
2000-10-05,27.2,19.9,0.5,84,12.2,19.8
2000-10-06,27.5,19.7,2.8,85,12.2,19.58
2000-10-07,27.0,19.8,5.4,86,11.4,17.41
2000-10-08,27.5,19.8,5.2,87,13.7,17.8
2000-10-09,25.4,20.2,13.3,90,11.2,12.67
2000-10-10,26.2,20.7,8.2,89,10.9,13.59
2000-10-11,27.1,20.1,8.7,88,13.0,16.69
2000-10-12,27.1,20.4,4.0,87,12.5,15.87
2000-10-13,26.1,20.5,2.9,87,11.7,14.4
2000-10-14,27.5,20.6,9.9,86,8.3,14.73
2000-10-15,28.9,19.3,0.6,82,7.9,19.81
2000-10-16,29.6,20.0,0.0,69,12.6,21.56
2000-10-17,28.3,19.2,0.0,64,9.4,21.07
2000-10-18,27.9,17.1,1.2,65,12.5,19.72
2000-10-19,24.9,19.1,2.5,76,6.7,14.05
2000-10-20,24.8,20.2,6.5,92,6.4,8.06
2000-10-21,27.0,20.2,2.8,91,8.2,13.75
2000-10-22,27.0,20.5,1.2,89,7.7,14.42
2000-10-23,27.7,20.3,0.4,81,8.5,17.06
2000-10-24,27.0,20.0,0.0,78,8.5,17.18
2000-10-25,28.6,18.2,0.0,71,9.3,20.52
2000-10-26,29.1,16.5,0.0,64,10.8,20.62
2000-10-27,28.9,17.8,0.0,68,8.2,22.04
2000-10-28,28.3,17.6,0.0,71,8.4,22.16
2000-10-29,28.5,18.9,0.0,74,8.4,21.6
2000-10-30,28.7,17.8,0.0,70,7.3,22.39
2000-10-31,27.9,19.5,0.0,65,9.9,18.61
2000-11-01,26.7,18.2,0.0,63,10.5,17.52
2000-11-02,26.6,17.3,0.0,66,14.9,15.72
2000-11-03,27.6,18.7,0.3,72,17.3,18.76
2000-11-04,27.5,19.4,0.2,78,15.7,16.49
2000-11-05,28.3,19.2,0.0,72,10.9,18.86
2000-11-06,27.7,19.4,0.9,76,7.3,16.49
2000-11-07,28.6,19.3,0.0,68,14.2,19.25
2000-11-08,28.4,18.5,0.0,56,16.4,20.29
2000-11-09,26.9,17.3,0.0,61,18.5,17.82
2000-11-10,28.0,18.2,0.0,64,18.4,18.73
2000-11-11,28.4,18.7,0.0,57,17.9,21.45
2000-11-12,28.2,17.2,0.0,63,14.0,20.82
2000-11-13,27.9,15.9,0.0,52,16.8,21.82
2000-11-14,27.1,14.8,0.0,53,17.8,20.76
2000-11-15,27.9,15.4,0.0,54,16.9,21.42
2000-11-16,27.5,16.1,0.0,56,19.2,21.18
2000-11-17,27.9,15.9,0.0,56,20.0,21.49
2000-11-18,27.4,14.9,0.0,58,15.9,21.44
2000-11-19,27.9,15.4,0.0,58,11.5,18.51
2000-11-20,28.1,16.9,0.0,59,8.3,17.0
2000-11-21,28.8,16.6,0.0,55,8.7,17.93
2000-11-22,29.1,17.4,0.0,55,14.5,20.39
2000-11-23,28.5,19.8,0.0,69,21.7,15.89
2000-11-24,29.1,19.8,0.0,65,17.3,18.69
2000-11-25,29.5,17.7,0.0,47,15.9,20.88
2000-11-26,29.7,15.8,0.0,44,11.3,20.78
2000-11-27,29.1,16.7,0.0,47,9.7,20.59
2000-11-28,28.9,18.1,0.0,46,8.4,20.42
2000-11-29,29.4,16.1,0.0,42,17.1,20.72
2000-11-30,27.6,19.0,0.0,61,19.8,12.81
2000-12-01,27.5,20.5,0.4,70,23.7,14.21
2000-12-02,26.1,20.1,0.3,74,22.7,13.74
2000-12-03,27.3,19.6,0.0,67,23.4,13.79
2000-12-04,28.9,19.0,0.0,61,14.2,18.58
2000-12-05,29.0,16.2,0.0,41,13.0,20.44
2000-12-06,29.0,12.8,0.0,35,16.0,21.01
2000-12-07,28.0,12.8,0.0,38,18.6,20.73
2000-12-08,27.9,14.1,0.0,45,19.8,20.59
2000-12-09,28.2,13.7,0.0,47,18.0,20.58
2000-12-10,28.2,13.0,0.0,45,15.9,20.71
2000-12-11,28.1,12.2,0.0,44,15.6,20.63
2000-12-12,28.5,12.4,0.0,40,15.2,20.66
2000-12-13,28.5,12.6,0.0,39,16.8,20.53
2000-12-14,28.4,12.6,0.0,38,15.0,20.59
2000-12-15,28.0,12.7,0.0,37,15.3,20.57
2000-12-16,27.7,13.6,0.0,39,18.9,20.48
2000-12-17,27.4,14.3,0.0,37,21.7,20.71
2000-12-18,26.9,12.1,0.0,42,14.8,20.46
2000-12-19,28.4,11.9,0.0,38,17.2,20.7
2000-12-20,28.6,13.2,0.0,35,17.6,20.27
2000-12-21,28.6,13.5,0.0,43,18.9,20.58
2000-12-22,28.8,12.6,0.0,48,13.8,20.33
2000-12-23,29.4,13.8,0.0,43,17.2,20.46
2000-12-24,29.2,13.1,0.0,44,14.4,20.42
2000-12-25,29.5,12.7,0.0,42,14.1,20.53
2000-12-26,29.6,13.7,0.0,33,14.8,20.72
2000-12-27,28.9,14.3,0.0,39,17.7,20.34
2000-12-28,28.3,14.5,0.0,47,20.2,20.25
2000-12-29,27.7,16.8,0.3,56,19.9,14.48
2000-12-30,26.5,18.9,0.2,66,18.8,13.29
2000-12-31,27.1,19.4,1.0,73,18.1,14.4
2001-01-01,25.4,18.7,0.3,81,15.8,13.44
2001-01-02,27.7,16.3,0.0,66,8.3,18.58
2001-01-03,28.3,18.5,0.0,62,17.5,15.87
2001-01-04,27.4,18.5,0.2,62,18.9,14.83
2001-01-05,28.8,18.3,0.0,55,15.3,19.08
2001-01-06,28.4,17.0,0.0,45,13.9,19.97
2001-01-07,28.4,15.4,0.0,40,9.8,20.34
2001-01-08,27.8,15.5,0.0,44,8.6,20.31
2001-01-09,28.5,14.4,0.0,47,10.6,20.61
2001-01-10,29.5,14.9,0.0,49,10.7,20.49
2001-01-11,29.6,15.9,0.0,57,13.3,17.71
2001-01-12,29.4,16.9,0.0,63,11.4,15.73
2001-01-13,30.1,19.7,0.0,54,14.1,16.71
2001-01-14,30.0,19.2,0.0,48,13.0,16.68
2001-01-15,29.8,18.4,0.0,49,12.9,18.59
2001-01-16,29.9,17.5,0.0,46,10.0,19.99
2001-01-17,29.5,19.1,0.0,42,16.6,20.92
2001-01-18,29.0,16.6,0.0,37,19.9,21.85
2001-01-19,29.8,15.7,0.0,42,19.8,21.67
2001-01-20,29.2,16.8,0.0,44,19.5,21.34
2001-01-21,29.2,15.9,0.0,42,17.0,21.57
2001-01-22,28.9,14.4,0.0,37,9.0,21.86
2001-01-23,29.6,14.4,0.0,38,9.5,21.36
2001-01-24,30.4,15.5,0.0,37,16.9,22.15
2001-01-25,29.9,17.2,0.0,41,12.6,21.78
2001-01-26,29.8,16.5,0.0,35,13.8,22.27
2001-01-27,29.6,15.6,0.0,26,12.6,22.62
2001-01-28,29.6,13.8,0.0,30,12.1,22.08
2001-01-29,30.0,15.7,0.0,30,14.1,21.35
2001-01-30,30.1,15.6,0.0,31,11.2,21.44
2001-01-31,30.6,14.1,0.0,34,12.4,22.51
2001-02-01,30.7,15.7,0.0,40,10.7,21.24
2001-02-02,31.0,17.0,0.0,51,9.8,20.61
2001-02-03,32.1,17.3,0.0,58,15.5,20.92
2001-02-04,32.1,18.8,0.0,62,13.8,20.63
2001-02-05,31.9,18.6,0.0,50,10.5,22.33
2001-02-06,32.4,19.3,0.0,33,14.6,22.8
2001-02-07,32.5,17.8,0.0,31,11.5,23.37
2001-02-08,32.2,18.3,0.0,27,15.0,23.56
2001-02-09,31.6,15.8,0.0,22,11.1,24.23
2001-02-10,31.8,13.4,0.0,30,8.8,24.22
2001-02-11,32.0,14.6,0.0,34,9.7,24.2
2001-02-12,32.6,15.6,0.0,30,13.1,24.33
2001-02-13,31.9,15.7,0.0,31,10.9,24.09
2001-02-14,31.5,15.7,0.0,51,8.4,23.6
2001-02-15,31.2,15.6,0.0,45,11.2,23.82
2001-02-16,30.9,16.5,0.0,35,11.6,23.92
2001-02-17,31.4,16.1,0.0,39,10.2,23.76
2001-02-18,32.3,18.0,0.0,42,11.9,23.68
2001-02-19,32.4,19.8,0.0,39,11.5,23.41
2001-02-20,33.1,20.0,0.0,37,11.6,24.01
2001-02-21,33.0,18.2,0.0,45,10.8,24.13
2001-02-22,33.1,19.1,0.0,37,14.8,24.18
2001-02-23,33.3,19.6,0.0,33,12.1,24.61
2001-02-24,33.6,20.0,0.0,37,11.4,24.65
2001-02-25,33.4,18.0,0.0,59,14.9,24.49
2001-02-26,33.6,16.5,0.0,47,15.7,24.98
2001-02-27,33.7,15.5,0.0,42,12.7,25.23
2001-02-28,33.3,17.3,0.0,53,14.1,24.88
2001-03-01,33.1,18.3,0.0,48,11.8,24.35
2001-03-02,33.1,19.7,0.0,51,8.8,23.4
2001-03-03,33.0,18.5,0.0,48,12.7,24.89
2001-03-04,31.5,18.0,0.0,62,14.9,23.12
2001-03-05,32.0,18.7,0.0,48,11.6,23.53
2001-03-06,32.6,19.2,0.0,38,18.4,23.6
2001-03-07,31.7,18.6,0.0,28,13.8,25.11
2001-03-08,32.4,17.4,0.0,33,17.0,25.48
2001-03-09,31.5,17.3,0.0,39,19.9,24.99
2001-03-10,30.9,15.7,0.0,49,16.6,25.16
2001-03-11,31.3,16.3,0.0,47,16.7,22.45
2001-03-12,30.2,17.0,0.0,51,15.9,20.83
2001-03-13,31.6,17.7,0.0,45,16.3,23.41
2001-03-14,31.8,17.2,0.0,48,15.8,22.45
2001-03-15,31.6,19.2,0.0,49,16.6,19.08
2001-03-16,33.1,19.4,0.0,49,15.5,22.06
2001-03-17,33.8,20.6,0.0,39,16.2,21.14
2001-03-18,35.1,21.1,0.0,34,15.7,23.72
2001-03-19,34.4,20.8,0.0,50,19.4,23.35
2001-03-20,34.7,21.8,0.0,56,19.7,21.92
2001-03-21,33.8,20.6,0.0,59,20.3,20.88
2001-03-22,34.4,19.8,0.0,54,16.6,25.02
2001-03-23,34.9,19.8,0.0,43,17.3,26.24
2001-03-24,35.2,18.4,0.0,46,18.9,26.81
2001-03-25,34.5,17.5,0.0,48,18.1,27.42
2001-03-26,34.6,19.1,0.0,58,17.6,26.46
2001-03-27,34.6,19.6,0.0,57,17.9,26.2
2001-03-28,35.8,20.6,0.0,44,18.8,26.27
2001-03-29,36.0,19.0,0.0,41,20.2,27.08
2001-03-30,33.7,19.2,0.0,51,19.1,26.85
2001-03-31,34.5,18.8,0.0,43,14.0,27.04
2001-04-01,35.7,20.9,0.0,32,16.0,27.38
2001-04-02,36.2,20.9,0.0,37,14.1,27.16
2001-04-03,34.1,21.1,1.2,53,9.3,23.79
2001-04-04,34.8,23.4,0.6,53,11.3,22.14
2001-04-05,35.2,22.7,0.0,52,16.9,23.23
2001-04-06,36.3,22.5,0.0,49,12.2,24.3
2001-04-07,36.7,22.0,0.0,51,12.4,26.42
2001-04-08,36.1,21.9,0.3,61,16.0,24.3
2001-04-09,35.0,22.3,1.6,60,10.1,22.98
2001-04-10,35.2,23.0,0.5,60,15.8,21.4
2001-04-11,34.8,23.4,1.8,56,10.7,22.15
2001-04-12,32.0,22.7,3.0,60,8.7,21.12
2001-04-13,29.8,20.4,5.0,78,12.0,18.9
2001-04-14,30.2,20.5,5.9,76,14.4,20.1
2001-04-15,29.9,20.7,1.0,79,12.5,19.87
2001-04-16,31.6,21.6,0.0,69,18.2,22.15
2001-04-17,31.7,19.8,0.0,62,14.9,26.52
2001-04-18,32.3,18.6,0.0,56,13.1,27.42
2001-04-19,33.3,19.3,0.0,59,18.7,26.25
2001-04-20,34.9,19.8,0.0,56,18.7,26.62
2001-04-21,35.9,22.0,0.0,60,15.7,23.07
2001-04-22,33.9,22.4,0.1,67,10.4,22.31
2001-04-23,33.3,22.8,0.3,67,12.9,20.03
2001-04-24,33.4,23.7,0.0,64,14.8,21.34
2001-04-25,33.4,22.9,0.0,64,15.3,20.78
2001-04-26,33.7,22.0,1.9,68,13.8,21.9
2001-04-27,35.8,22.4,0.0,59,18.1,23.52
2001-04-28,34.0,22.1,0.6,69,16.5,22.01
2001-04-29,36.7,23.3,0.0,60,18.5,25.68
2001-04-30,36.0,22.2,0.0,57,17.2,24.63
2001-05-01,36.1,22.7,0.0,57,17.7,23.35
2001-05-02,35.3,22.6,1.9,66,18.4,23.17
2001-05-03,34.5,23.0,0.4,68,18.7,24.04
2001-05-04,36.1,22.7,0.0,59,19.6,25.7
2001-05-05,36.3,22.4,0.0,56,20.7,26.15
2001-05-06,35.2,22.4,0.3,63,20.0,24.25
2001-05-07,34.6,21.3,0.1,60,21.0,26.07
2001-05-08,35.8,21.5,0.0,60,19.6,26.75
2001-05-09,35.7,20.7,0.0,60,19.5,27.21
2001-05-10,35.9,21.2,0.0,58,18.5,26.77
2001-05-11,37.0,20.9,0.0,59,18.8,27.19
2001-05-12,36.9,21.1,0.0,61,22.6,27.37
2001-05-13,35.0,20.7,0.0,62,21.2,27.27
2001-05-14,34.5,20.6,0.0,58,17.6,27.56
2001-05-15,34.5,20.9,0.2,61,15.9,26.2
2001-05-16,34.9,20.6,0.0,59,18.4,26.47
2001-05-17,34.1,20.6,0.0,60,19.5,25.53
2001-05-18,32.8,21.2,0.5,62,20.3,24.35
2001-05-19,32.1,21.1,0.0,68,19.5,22.95
2001-05-20,30.6,21.7,0.9,71,18.7,18.76
2001-05-21,31.7,21.8,2.3,74,18.8,19.52
2001-05-22,29.5,21.5,0.5,75,22.5,16.9
2001-05-23,28.3,21.6,0.8,78,24.5,18.1
2001-05-24,28.4,21.2,0.4,79,28.3,19.05
2001-05-25,27.5,21.3,1.9,83,27.3,17.47
2001-05-26,30.2,21.3,1.2,77,24.5,21.45
2001-05-27,29.3,21.3,0.6,78,20.9,20.04
2001-05-28,28.3,21.6,2.6,81,25.7,18.18
2001-05-29,28.2,21.2,0.6,81,23.9,14.82
2001-05-30,29.9,20.9,0.1,75,22.1,19.65
2001-05-31,30.7,21.0,0.5,72,18.4,20.82
2001-06-01,31.5,21.3,0.2,70,20.9,21.83
2001-06-02,32.5,20.4,0.0,65,17.8,24.99
2001-06-03,32.4,20.5,0.4,66,22.3,22.7
2001-06-04,30.1,22.1,0.8,71,18.1,12.7
2001-06-05,29.0,21.8,1.0,78,21.4,16.49
2001-06-06,28.7,21.5,2.2,81,18.9,18.55
2001-06-07,29.7,21.5,4.1,80,19.3,17.6
2001-06-08,26.9,21.1,1.5,83,24.1,16.62
2001-06-09,24.9,20.9,8.5,90,25.6,11.28
2001-06-10,27.2,21.1,2.0,85,26.1,16.12
2001-06-11,26.1,21.0,7.3,92,25.3,10.21
2001-06-12,25.3,20.7,3.8,89,27.6,12.63
2001-06-13,25.0,20.7,4.4,91,27.6,10.9
2001-06-14,23.4,19.9,7.1,95,28.8,7.01
2001-06-15,24.7,20.5,4.4,90,31.1,14.72
2001-06-16,25.9,20.5,2.2,88,32.2,17.69
2001-06-17,27.2,20.7,1.6,85,30.8,16.83
2001-06-18,27.0,20.6,1.2,84,27.1,15.32
2001-06-19,27.3,21.6,0.8,81,25.4,19.25
2001-06-20,26.9,21.4,1.5,82,27.8,18.18
2001-06-21,26.8,21.9,2.5,82,29.0,19.98
2001-06-22,28.1,21.6,0.1,78,28.2,19.88
2001-06-23,28.4,22.0,0.5,80,27.8,20.88
2001-06-24,27.8,21.9,0.1,79,25.7,19.03
2001-06-25,28.1,21.8,0.0,78,25.6,19.46
2001-06-26,27.9,21.4,0.5,78,29.4,18.73
2001-06-27,26.7,21.2,1.6,83,27.4,17.27
2001-06-28,26.1,20.9,1.0,84,26.3,14.25
2001-06-29,26.1,20.8,0.7,85,24.1,13.42
2001-06-30,25.7,20.7,0.9,83,25.4,13.95
2001-07-01,24.3,20.6,3.4,90,23.8,10.09
2001-07-02,25.8,20.5,3.3,84,26.4,16.66
2001-07-03,25.7,20.2,2.6,86,30.7,15.91
2001-07-04,23.0,20.4,7.7,91,28.9,9.62
2001-07-05,25.0,20.5,2.4,87,26.8,13.67
2001-07-06,26.6,20.8,3.2,85,29.9,17.74
2001-07-07,25.7,20.8,3.2,87,32.3,14.24
2001-07-08,24.9,20.9,6.0,87,32.8,14.26
2001-07-09,23.4,20.5,8.8,90,30.3,10.39
2001-07-10,25.0,20.5,4.9,88,30.3,14.37
2001-07-11,25.5,20.5,2.1,85,27.8,15.67
2001-07-12,25.7,20.3,1.8,85,26.9,17.5
2001-07-13,24.8,20.0,2.5,87,22.8,12.49
2001-07-14,25.9,20.1,2.0,84,22.3,14.39
2001-07-15,27.2,19.9,0.0,78,25.4,16.94
2001-07-16,25.5,20.6,0.3,83,26.8,16.3
2001-07-17,24.0,20.9,3.7,88,26.8,12.59
2001-07-18,25.8,20.7,2.6,81,27.8,18.41
2001-07-19,24.9,20.6,1.9,83,25.8,14.41
2001-07-20,26.1,20.6,1.3,82,25.3,17.23
2001-07-21,26.3,20.3,0.7,81,23.7,18.06
2001-07-22,26.3,20.4,0.6,82,23.2,18.21
2001-07-23,25.9,20.7,1.7,84,22.7,16.22
2001-07-24,25.2,20.4,1.3,87,23.7,14.68
2001-07-25,26.2,20.9,2.6,84,22.3,15.47
2001-07-26,26.4,20.7,0.8,83,19.4,15.25
2001-07-27,26.9,21.0,1.7,83,20.2,15.17
2001-07-28,27.4,21.0,1.2,83,20.6,18.09
2001-07-29,26.4,20.8,1.8,81,23.2,18.24
2001-07-30,27.3,20.7,2.4,82,19.8,15.62
2001-07-31,26.9,20.8,2.6,81,16.2,16.52
2001-08-01,26.5,20.7,5.7,88,16.2,12.01
2001-08-02,25.2,20.8,4.8,87,18.8,10.64
2001-08-03,24.0,20.4,6.7,90,18.9,8.55
2001-08-04,23.3,19.7,5.1,94,20.3,7.28
2001-08-05,24.0,19.8,8.9,90,24.1,10.84
2001-08-06,25.8,20.3,1.1,83,24.8,16.45
2001-08-07,26.1,20.2,0.9,83,21.3,16.3
2001-08-08,24.9,20.5,3.6,87,23.6,14.35
2001-08-09,26.7,20.8,3.6,84,21.0,14.73
2001-08-10,26.6,21.1,4.5,84,19.1,15.16
2001-08-11,25.0,20.8,0.6,86,21.6,11.19
2001-08-12,25.6,20.5,1.0,86,24.7,15.77
2001-08-13,25.1,20.4,1.3,86,22.1,15.34
2001-08-14,24.7,20.3,0.6,85,26.2,13.84
2001-08-15,25.5,20.7,2.8,85,28.7,15.74
2001-08-16,25.2,20.6,2.0,86,29.7,15.93
2001-08-17,24.3,20.6,1.6,86,27.2,11.42
2001-08-18,23.9,20.2,5.6,88,27.8,13.01
2001-08-19,25.5,20.1,1.5,84,29.2,18.7
2001-08-20,24.6,20.4,1.2,87,23.5,9.97
2001-08-21,24.3,20.3,0.9,87,23.4,9.17
2001-08-22,26.4,20.3,0.7,84,24.8,15.75
2001-08-23,26.0,20.6,1.1,85,24.9,15.46
2001-08-24,25.2,20.8,4.3,87,21.3,15.05
2001-08-25,25.7,20.7,1.1,84,20.2,12.67
2001-08-26,27.7,20.9,5.1,82,17.2,15.86
2001-08-27,27.6,21.0,0.8,81,19.9,17.65
2001-08-28,25.7,20.5,1.7,82,24.5,17.52
2001-08-29,25.9,20.4,1.7,82,23.9,18.12
2001-08-30,26.0,19.7,0.5,81,23.7,15.21
2001-08-31,25.9,20.3,1.3,79,21.5,15.13
2001-09-01,26.4,20.6,0.9,79,19.1,16.09
2001-09-02,26.8,20.4,1.0,79,16.9,16.93
2001-09-03,27.7,20.4,0.0,77,15.7,17.33
2001-09-04,27.2,19.6,0.0,79,16.1,15.34
2001-09-05,26.3,19.4,0.0,79,18.5,16.27
2001-09-06,26.9,19.7,0.0,77,16.5,15.13
2001-09-07,27.6,19.4,1.1,79,12.3,17.87
2001-09-08,28.5,19.7,0.1,78,12.7,19.64
2001-09-09,28.5,20.4,0.0,76,15.0,20.14
2001-09-10,28.8,19.8,0.0,76,17.8,18.12
2001-09-11,28.6,20.2,0.0,74,15.4,17.41
2001-09-12,29.5,19.4,0.0,73,15.8,23.38
2001-09-13,30.3,20.0,0.0,72,16.9,23.22
2001-09-14,30.4,19.2,0.0,69,16.6,23.35
2001-09-15,30.0,20.6,5.3,74,10.1,20.57
2001-09-16,29.5,20.9,6.2,81,16.3,18.46
2001-09-17,27.1,21.3,13.8,88,10.6,13.06
2001-09-18,26.6,21.2,6.0,88,14.6,11.58
2001-09-19,27.8,20.3,0.5,83,16.5,18.1
2001-09-20,26.8,20.1,1.9,84,16.1,16.54
2001-09-21,27.9,20.3,4.4,84,15.4,16.3
2001-09-22,28.1,20.5,7.3,85,14.4,15.75
2001-09-23,26.5,20.5,7.7,86,14.1,15.56
2001-09-24,27.2,20.6,3.0,83,17.1,16.27
2001-09-25,28.1,19.8,0.0,79,16.3,20.71
2001-09-26,26.7,20.8,3.7,84,14.5,15.08
2001-09-27,26.4,20.5,18.3,89,13.4,11.12
2001-09-28,25.3,20.4,31.3,92,9.2,7.77
2001-09-29,28.6,19.7,7.2,87,12.6,16.06
2001-09-30,27.2,21.1,1.2,84,16.9,11.05
2001-10-01,27.5,21.4,1.0,85,20.0,13.61
2001-10-02,27.7,21.0,0.0,79,19.5,19.05
2001-10-03,27.5,20.2,0.0,79,16.6,17.03
2001-10-04,27.2,20.4,0.0,79,13.9,15.33
2001-10-05,27.0,20.1,0.2,81,14.9,14.71
2001-10-06,24.7,20.9,6.4,91,12.6,6.99
2001-10-07,24.1,20.6,16.5,94,11.5,6.56
2001-10-08,25.9,20.5,1.9,87,16.1,14.61
2001-10-09,25.8,20.5,1.2,85,13.7,11.93
2001-10-10,26.9,19.5,0.9,84,14.0,14.96
2001-10-11,26.7,21.0,4.8,86,14.0,15.23
2001-10-12,26.8,21.2,2.5,85,13.6,15.32
2001-10-13,26.8,20.9,11.5,86,12.4,12.35
2001-10-14,27.9,20.0,1.5,85,8.0,13.38
2001-10-15,28.3,20.3,2.9,86,10.9,16.46
2001-10-16,27.6,21.0,0.0,78,14.5,14.22
2001-10-17,23.0,19.7,30.1,86,14.9,3.85
2001-10-18,23.6,19.3,22.1,93,11.2,5.89
2001-10-19,27.3,19.2,3.4,86,11.0,16.11
2001-10-20,27.8,20.2,2.1,85,9.7,16.7
2001-10-21,28.6,19.7,0.1,75,17.4,20.15
2001-10-22,27.8,16.4,0.0,67,19.1,23.73
2001-10-23,27.7,15.9,0.0,64,21.6,23.78
2001-10-24,27.8,15.5,0.0,65,16.6,22.23
2001-10-25,27.4,20.6,0.1,74,12.2,16.66
2001-10-26,28.1,17.9,0.0,59,16.1,23.22
2001-10-27,28.2,14.7,0.0,59,14.7,23.1
2001-10-28,29.4,16.0,0.0,55,14.9,23.34
2001-10-29,29.6,16.9,0.0,55,10.3,22.92
2001-10-30,30.2,16.7,0.0,69,8.4,22.27
2001-10-31,29.4,17.5,0.0,65,9.0,20.31
2001-11-01,30.2,17.5,0.0,59,13.4,21.23
2001-11-02,30.8,16.6,0.0,56,15.2,20.36
2001-11-03,30.1,18.3,0.0,58,11.0,20.86
2001-11-04,30.7,17.1,0.0,52,10.0,21.94
2001-11-05,31.6,18.6,0.0,54,11.5,19.86
2001-11-06,29.7,20.7,10.1,75,16.2,16.69
2001-11-07,28.7,20.3,0.9,74,15.6,15.52
2001-11-08,30.6,19.4,0.0,62,17.0,19.8
2001-11-09,30.3,18.8,0.0,46,15.8,21.93
2001-11-10,29.7,19.5,0.0,43,16.3,21.46
2001-11-11,29.0,17.4,0.0,48,15.0,20.52
2001-11-12,29.7,20.1,0.0,46,15.6,18.94
2001-11-13,29.4,18.4,0.0,52,16.4,19.51
2001-11-14,29.5,18.4,0.0,51,12.3,16.92
2001-11-15,29.7,19.0,0.0,67,9.5,14.37
2001-11-16,29.2,20.8,6.3,78,8.8,14.65
2001-11-17,29.3,19.8,0.0,70,12.2,17.62
2001-11-18,30.2,19.6,0.0,63,16.6,19.26
2001-11-19,30.1,19.0,0.0,61,17.2,18.35
2001-11-20,30.4,19.2,0.0,55,18.0,19.36
2001-11-21,30.1,17.7,0.0,50,17.5,21.1
2001-11-22,29.7,17.6,0.0,53,15.0,16.22
2001-11-23,29.0,18.9,0.0,56,11.9,16.51
2001-11-24,28.6,20.2,0.0,53,12.3,16.87
2001-11-25,28.0,19.4,0.0,53,13.8,15.75
2001-11-26,27.9,18.5,0.0,51,10.7,16.39
2001-11-27,28.2,20.4,0.0,47,14.0,16.38
2001-11-28,28.3,18.9,0.0,53,10.6,17.29
2001-11-29,26.7,18.0,0.2,59,15.6,14.23
2001-11-30,28.5,17.3,0.0,38,19.1,20.76
2001-12-01,26.6,18.9,0.0,59,23.9,12.66
2001-12-02,29.5,18.8,0.0,57,15.4,17.75
2001-12-03,29.9,15.9,0.0,46,15.5,20.37
2001-12-04,30.3,14.6,0.0,42,15.1,20.71
2001-12-05,30.2,13.7,0.0,41,13.0,20.69
2001-12-06,30.3,16.2,0.0,38,12.7,20.52
2001-12-07,29.3,14.2,0.0,43,14.8,20.51
2001-12-08,28.9,14.0,0.0,41,11.3,20.4
2001-12-09,29.2,14.3,0.0,42,15.2,20.38
2001-12-10,29.2,13.7,0.0,40,13.8,20.51
2001-12-11,29.2,13.7,0.0,39,17.3,20.52
2001-12-12,29.6,13.4,0.0,39,15.6,20.36
2001-12-13,29.6,14.1,0.0,39,14.9,20.14
2001-12-14,28.8,14.7,0.0,43,14.4,19.11
2001-12-15,28.3,14.9,0.0,48,10.3,19.39
2001-12-16,28.7,15.6,0.0,47,15.8,19.9
2001-12-17,28.9,14.8,0.0,45,20.6,20.2
2001-12-18,29.0,17.2,0.0,47,19.3,18.97
2001-12-19,28.7,17.1,0.0,49,18.7,19.58
2001-12-20,27.8,16.1,0.0,49,20.5,19.77
2001-12-21,27.8,17.4,0.0,53,19.8,17.32
2001-12-22,28.6,17.8,0.0,56,19.7,17.85
2001-12-23,26.9,17.6,0.0,67,18.2,13.55
2001-12-24,27.9,17.9,0.0,66,15.9,16.82
2001-12-25,28.3,18.3,0.8,67,17.8,17.19
2001-12-26,26.9,18.6,0.3,67,13.9,14.94
2001-12-27,29.0,18.1,0.0,59,16.8,18.06
2001-12-28,29.0,16.7,0.0,51,15.9,19.93
2001-12-29,29.2,16.9,0.0,50,15.2,19.27
2001-12-30,27.9,16.9,0.0,53,13.6,17.9
2001-12-31,28.0,16.3,0.0,52,15.5,19.54
2002-01-01,27.5,16.0,0.0,52,20.5,20.08
2002-01-02,26.8,15.8,0.0,50,22.4,20.35
2002-01-03,26.6,14.8,0.0,51,20.9,20.52
2002-01-04,27.3,15.4,0.0,52,17.3,19.64
2002-01-05,28.1,17.0,0.0,59,15.8,17.79
2002-01-06,28.8,17.8,0.0,56,11.3,18.81
2002-01-07,27.9,17.6,0.8,62,12.5,15.66
2002-01-08,28.4,17.9,0.1,65,19.1,16.77
2002-01-09,26.6,19.0,0.5,68,19.0,13.45
2002-01-10,28.1,17.4,0.0,61,18.4,18.51
2002-01-11,28.1,15.8,0.0,53,15.8,20.08
2002-01-12,29.1,15.2,0.0,45,12.5,21.04
2002-01-13,29.4,14.1,0.0,38,15.6,21.36
2002-01-14,29.9,13.1,0.0,38,14.0,21.46
2002-01-15,29.3,14.1,0.0,37,8.7,21.47
2002-01-16,30.1,14.6,0.0,50,9.1,21.37
2002-01-17,30.0,16.2,0.0,38,9.8,21.67
2002-01-18,28.8,15.4,0.0,65,12.1,20.69
2002-01-19,28.4,15.2,0.0,59,11.6,20.26
2002-01-20,29.2,15.4,0.0,56,11.8,20.28
2002-01-21,30.5,16.3,0.0,49,11.9,21.1
2002-01-22,30.0,17.2,0.0,55,12.6,20.47
2002-01-23,30.5,16.7,0.0,56,11.6,20.48
2002-01-24,31.6,18.3,0.0,48,13.0,21.47
2002-01-25,31.6,16.9,0.0,32,11.1,22.41
2002-01-26,30.8,15.7,0.0,29,11.6,22.44
2002-01-27,30.0,13.4,0.0,46,16.6,22.85
2002-01-28,27.2,11.4,0.0,58,10.6,22.54
2002-01-29,27.5,11.8,0.0,54,10.9,22.48
2002-01-30,28.2,14.2,0.0,55,11.1,18.13
2002-01-31,29.4,17.5,0.0,49,18.5,22.06
2002-02-01,28.4,16.9,0.0,53,13.4,19.99
2002-02-02,28.0,18.0,0.0,54,15.1,17.61
2002-02-03,29.5,17.7,0.0,55,15.6,17.0
2002-02-04,29.3,19.3,0.0,54,15.1,17.67
2002-02-05,29.8,20.2,0.0,52,13.0,17.2
2002-02-06,30.1,21.1,0.0,55,9.5,18.49
2002-02-07,30.4,19.8,0.0,57,14.2,18.03
2002-02-08,29.8,19.6,0.0,49,10.4,17.66
2002-02-09,29.5,19.2,11.5,68,10.0,17.99
2002-02-10,28.6,18.9,6.5,76,10.7,18.28
2002-02-11,28.2,19.1,0.0,64,8.7,17.15
2002-02-12,29.8,17.9,0.0,61,12.6,20.98
2002-02-13,30.5,18.2,0.0,45,17.7,23.46
2002-02-14,30.6,18.1,0.0,43,17.7,23.58
2002-02-15,31.3,18.2,0.0,43,15.3,23.44
2002-02-16,31.6,17.0,0.0,38,11.0,23.73
2002-02-17,31.5,18.9,0.0,46,8.5,22.45
2002-02-18,32.0,18.0,0.0,45,12.2,23.93
2002-02-19,31.9,16.7,0.0,33,8.4,24.38
2002-02-20,32.2,15.8,0.0,41,9.4,24.15
2002-02-21,32.8,17.3,0.0,33,10.8,24.4
2002-02-22,33.0,17.0,0.0,26,17.9,24.63
2002-02-23,32.5,16.5,0.0,31,18.9,24.87
2002-02-24,33.1,17.8,0.0,24,13.7,25.03
2002-02-25,33.3,17.2,0.0,20,16.4,25.21
2002-02-26,33.4,17.3,0.0,18,14.8,25.37
2002-02-27,33.3,17.2,0.0,22,12.9,25.28
2002-02-28,33.4,17.3,0.0,34,8.3,25.06
2002-03-01,33.8,17.8,0.0,42,10.4,25.15
2002-03-02,33.5,18.1,0.0,50,10.5,24.71
2002-03-03,33.6,18.7,0.0,43,9.6,25.05
2002-03-04,34.2,20.4,0.0,35,8.2,25.23
2002-03-05,34.4,19.3,0.0,50,11.4,24.97
2002-03-06,33.9,20.8,0.0,58,20.2,22.69
2002-03-07,33.5,21.1,0.0,61,20.4,22.03
2002-03-08,32.7,19.2,0.0,47,14.4,25.14
2002-03-09,33.8,18.8,0.0,38,14.0,23.56
2002-03-10,34.0,21.2,0.0,38,9.6,22.17
2002-03-11,35.2,21.0,0.0,44,14.8,24.2
2002-03-12,35.7,23.0,0.0,30,14.8,25.02
2002-03-13,34.8,21.0,0.0,49,14.1,24.26
2002-03-14,32.7,21.2,0.0,63,14.0,21.94
2002-03-15,33.1,20.8,0.0,55,10.7,23.46
2002-03-16,33.2,20.9,0.0,58,10.5,22.8
2002-03-17,33.8,21.2,0.0,48,12.5,21.1
2002-03-18,34.7,22.2,0.0,32,19.1,24.86
2002-03-19,35.0,21.4,0.0,28,17.1,26.45
2002-03-20,34.5,20.1,0.0,26,13.0,26.74
2002-03-21,34.4,19.3,0.0,31,19.7,26.24
2002-03-22,32.7,20.3,0.0,62,15.9,20.4
2002-03-23,34.6,18.7,0.0,53,20.7,26.2
2002-03-24,35.0,17.8,0.0,48,18.2,26.78
2002-03-25,34.8,18.9,0.0,54,15.3,26.63
2002-03-26,34.6,19.6,0.0,52,16.9,25.87
2002-03-27,33.3,20.8,0.0,55,14.2,21.51
2002-03-28,34.2,20.4,0.0,53,17.4,24.34
2002-03-29,35.0,19.3,0.0,52,17.3,26.35
2002-03-30,36.0,20.0,0.0,47,18.2,26.9
2002-03-31,36.2,19.1,0.0,52,19.6,27.01
2002-04-01,36.5,20.1,0.0,62,23.6,25.68
2002-04-02,35.7,20.6,0.0,61,21.0,25.96
2002-04-03,34.7,20.0,0.0,62,19.0,26.69
2002-04-04,34.7,19.4,0.0,61,20.8,26.8
2002-04-05,34.6,20.2,0.2,59,16.1,25.12
2002-04-06,35.1,21.9,4.5,63,13.1,24.04
2002-04-07,33.1,21.3,8.8,71,15.1,22.31
2002-04-08,32.3,21.5,3.2,72,11.3,22.06
2002-04-09,32.6,21.9,0.0,64,11.9,22.79
2002-04-10,34.0,22.3,0.0,61,14.3,21.19
2002-04-11,34.2,22.7,0.0,58,15.3,22.09
2002-04-12,34.4,22.3,1.2,63,12.7,23.18
2002-04-13,33.2,23.1,0.6,64,11.3,22.11
2002-04-14,33.0,22.6,0.0,61,16.7,21.29
2002-04-15,34.5,22.2,1.3,63,16.4,23.77
2002-04-16,34.3,21.6,0.0,60,15.9,22.59
2002-04-17,34.6,22.0,0.0,61,15.7,22.48
2002-04-18,34.2,22.1,0.0,61,14.5,21.75
2002-04-19,35.5,22.6,0.0,61,15.2,23.64
2002-04-20,34.9,23.2,0.0,65,16.2,22.92
2002-04-21,35.5,23.0,1.0,66,10.5,20.93
2002-04-22,32.5,23.7,7.5,75,16.6,21.3
2002-04-23,34.7,22.6,0.0,60,12.2,23.57
2002-04-24,34.6,22.4,0.0,65,16.3,22.72
2002-04-25,36.0,22.6,0.0,60,17.6,23.63
2002-04-26,36.5,22.8,0.0,56,20.4,24.91
2002-04-27,36.0,22.4,0.0,55,14.8,24.16
2002-04-28,34.7,22.8,0.3,67,17.4,23.08
2002-04-29,35.1,23.0,0.1,65,21.1,24.6
2002-04-30,37.6,21.8,0.0,57,20.9,25.97
2002-05-01,35.0,21.9,0.0,62,13.0,24.08
2002-05-02,36.9,23.3,0.0,54,11.0,23.84
2002-05-03,37.7,23.3,0.0,55,12.5,26.63
2002-05-04,35.3,23.4,0.0,65,19.6,22.74
2002-05-05,33.8,23.4,5.8,73,17.8,19.05
2002-05-06,32.2,23.7,0.7,72,17.6,21.5
2002-05-07,34.9,22.6,4.5,70,18.2,24.25
2002-05-08,31.8,23.2,1.9,75,15.7,21.42
2002-05-09,31.1,23.3,1.1,74,16.9,21.25
2002-05-10,33.4,23.4,1.1,72,22.4,22.09
2002-05-11,33.4,23.7,0.2,70,22.1,22.72
2002-05-12,32.5,23.1,0.7,71,21.8,22.38
2002-05-13,32.9,23.2,0.8,70,22.7,22.97
2002-05-14,33.4,23.1,0.3,67,19.5,23.44
2002-05-15,33.8,22.8,3.8,70,15.5,21.9
2002-05-16,32.7,23.5,2.7,72,19.8,20.37
2002-05-17,30.7,22.2,0.2,69,21.6,20.68
2002-05-18,30.8,22.2,0.0,70,24.3,20.85
2002-05-19,30.3,22.2,0.0,71,26.7,21.75
2002-05-20,32.0,21.8,0.0,65,23.9,25.61
2002-05-21,32.1,21.5,0.0,63,20.5,25.72
2002-05-22,33.7,20.9,0.0,61,20.2,27.23
2002-05-23,34.2,20.8,0.0,62,20.2,26.54
2002-05-24,33.5,21.0,0.1,63,18.3,23.93
2002-05-25,35.0,22.5,1.1,64,17.1,23.38
2002-05-26,33.3,22.1,0.5,64,17.7,23.56
2002-05-27,32.6,22.0,0.7,70,22.0,22.98
2002-05-28,32.3,22.5,2.3,74,18.9,20.47
2002-05-29,32.2,22.5,1.2,74,18.9,19.56
2002-05-30,33.9,22.4,1.5,70,19.8,22.56
2002-05-31,31.2,23.2,5.0,72,16.2,18.71
2002-06-01,30.7,23.1,6.8,81,15.4,17.44
2002-06-02,25.7,21.4,17.0,90,12.5,8.33
2002-06-03,24.4,21.4,3.5,86,15.6,7.53
2002-06-04,28.2,21.7,0.5,76,14.7,14.68
2002-06-05,29.4,22.0,0.3,75,18.1,17.82
2002-06-06,30.9,20.7,0.0,70,16.9,23.2
2002-06-07,30.2,20.8,1.3,77,20.1,20.99
2002-06-08,30.9,22.1,0.9,78,18.9,21.03
2002-06-09,30.4,22.1,5.4,79,15.3,18.67
2002-06-10,28.2,22.4,13.2,84,12.0,13.55
2002-06-11,28.6,21.9,6.2,85,13.2,14.85
2002-06-12,29.2,22.0,4.6,82,15.9,17.74
2002-06-13,29.2,22.0,1.8,82,14.9,19.02
2002-06-14,28.3,22.0,8.8,85,21.5,16.29
2002-06-15,25.6,21.3,6.7,87,26.6,14.16
2002-06-16,24.0,20.6,11.2,96,24.1,9.08
2002-06-17,24.7,21.3,4.1,92,27.4,12.24
2002-06-18,25.0,21.2,5.1,91,26.0,10.83
2002-06-19,23.5,20.9,13.0,95,21.9,8.2
2002-06-20,26.0,21.1,3.2,89,27.0,15.56
2002-06-21,24.3,21.0,7.5,93,23.8,8.33
2002-06-22,24.7,21.0,5.6,93,25.4,11.01
2002-06-23,23.9,21.1,4.0,93,23.0,7.36
2002-06-24,26.1,21.3,0.6,87,31.4,14.61
2002-06-25,25.1,21.2,0.7,89,28.0,9.18
2002-06-26,23.7,20.8,1.6,92,26.6,7.75
2002-06-27,26.4,21.2,2.3,85,29.2,19.13
2002-06-28,27.3,21.3,0.9,82,24.3,19.28
2002-06-29,27.0,21.3,0.7,83,23.1,19.28
2002-06-30,26.7,21.2,0.9,82,23.0,15.21
2002-07-01,26.7,21.4,1.1,83,24.4,17.87
2002-07-02,27.2,21.6,0.4,81,24.4,17.8
2002-07-03,27.5,21.2,0.2,81,26.3,19.13
2002-07-04,26.6,21.5,1.3,83,27.9,17.53
2002-07-05,27.6,21.5,0.3,80,25.3,18.5
2002-07-06,27.7,21.3,0.3,79,24.1,18.87
2002-07-07,27.5,21.1,0.4,79,23.1,19.09
2002-07-08,27.3,21.1,0.6,79,24.3,20.15
2002-07-09,26.8,21.0,0.2,81,23.2,17.85
2002-07-10,26.6,20.7,1.5,80,24.3,18.54
2002-07-11,26.2,20.5,0.9,82,24.6,15.12
2002-07-12,27.1,21.1,2.3,80,23.1,17.87
2002-07-13,26.9,21.6,1.3,80,25.3,18.88
2002-07-14,25.8,21.3,1.5,80,23.8,15.4
2002-07-15,25.4,21.0,1.4,83,24.3,13.23
2002-07-16,26.5,21.0,3.1,83,25.4,15.99
2002-07-17,25.5,21.0,1.8,83,25.3,11.62
2002-07-18,24.4,20.6,3.0,87,22.7,9.04
2002-07-19,26.9,20.5,0.0,83,21.3,12.84
2002-07-20,27.7,20.5,1.0,78,22.1,19.83
2002-07-21,26.0,20.5,1.5,83,25.6,16.23
2002-07-22,25.3,20.4,4.5,87,23.7,14.36
2002-07-23,25.8,20.6,0.6,83,27.2,16.61
2002-07-24,26.0,20.6,0.1,81,26.6,15.2
2002-07-25,27.8,20.6,0.2,76,25.2,20.42
2002-07-26,26.0,20.4,0.7,79,24.8,16.84
2002-07-27,26.4,20.7,2.6,84,23.1,15.66
2002-07-28,27.5,20.9,1.6,81,20.5,16.99
2002-07-29,27.2,21.2,1.1,79,23.2,18.13
2002-07-30,27.7,21.3,1.0,78,21.4,17.58
2002-07-31,28.3,21.2,1.0,78,18.1,18.36
2002-08-01,27.1,21.3,2.8,85,15.6,14.04
2002-08-02,27.8,21.4,0.7,81,16.5,17.59
2002-08-03,27.0,21.1,6.4,84,18.7,14.71
2002-08-04,26.0,21.0,2.6,84,26.4,15.14
2002-08-05,25.0,20.7,6.0,88,24.5,10.05
2002-08-06,24.9,20.4,7.3,90,28.5,13.39
2002-08-07,24.6,20.1,3.6,90,28.4,11.56
2002-08-08,23.4,20.0,10.9,92,24.9,8.15
2002-08-09,21.2,19.6,38.8,95,24.2,2.99
2002-08-10,21.4,20.0,36.9,95,23.6,4.38
2002-08-11,23.8,20.0,13.5,92,28.0,10.11
2002-08-12,24.0,20.4,8.9,91,29.3,11.9
2002-08-13,23.7,20.6,6.8,89,31.3,12.64
2002-08-14,24.9,20.2,0.9,84,32.5,14.91
2002-08-15,24.6,20.7,1.2,85,31.4,15.15
2002-08-16,24.7,20.6,2.1,88,29.4,13.06
2002-08-17,24.4,20.5,2.5,87,31.0,13.69
2002-08-18,25.0,20.1,3.7,89,28.2,13.62
2002-08-19,24.6,20.3,1.1,86,29.9,14.79
2002-08-20,25.0,20.6,1.2,85,28.5,14.87
2002-08-21,25.2,20.3,0.3,84,23.8,13.46
2002-08-22,25.8,20.8,0.8,84,24.1,16.55
2002-08-23,25.0,20.4,0.5,84,24.0,12.89
2002-08-24,23.1,20.2,1.5,89,22.4,9.1
2002-08-25,24.3,19.9,1.2,87,23.9,15.35
2002-08-26,27.0,19.8,0.8,83,18.0,18.35
2002-08-27,27.6,19.7,0.1,79,12.6,20.65
2002-08-28,28.3,19.7,0.0,76,11.6,22.37
2002-08-29,27.5,19.2,0.0,78,14.8,18.89
2002-08-30,27.2,21.0,0.3,80,17.7,17.46
2002-08-31,27.2,21.0,0.8,80,19.7,17.43
2002-09-01,26.1,20.6,0.7,83,22.3,13.36
2002-09-02,24.5,20.2,12.7,90,20.3,9.55
2002-09-03,24.6,20.5,1.3,88,23.1,12.23
2002-09-04,25.3,20.4,1.4,86,22.4,15.72
2002-09-05,24.4,20.5,4.9,89,21.8,12.82
2002-09-06,25.3,20.3,0.9,88,22.1,13.96
2002-09-07,26.8,20.4,1.1,82,22.0,16.68
2002-09-08,26.9,20.0,0.0,81,20.3,18.38
2002-09-09,27.0,20.2,0.1,78,19.6,20.73
2002-09-10,26.7,18.7,0.1,77,17.8,21.34
2002-09-11,27.0,19.5,0.1,78,17.3,19.3
2002-09-12,27.2,19.7,0.2,78,17.0,19.8
2002-09-13,27.9,19.5,0.1,76,13.5,22.74
2002-09-14,28.9,18.9,0.0,76,12.7,21.77
2002-09-15,28.6,20.7,6.2,81,11.7,16.14
2002-09-16,27.3,20.2,6.9,84,16.5,13.83
2002-09-17,27.4,20.1,0.0,77,15.7,19.86
2002-09-18,28.0,18.8,0.1,77,11.9,21.27
2002-09-19,28.8,19.6,0.2,75,11.5,21.2
2002-09-20,29.4,19.8,0.0,73,11.7,21.88
2002-09-21,29.7,18.8,0.0,71,14.9,24.7
2002-09-22,29.8,18.8,0.0,73,17.8,23.76
2002-09-23,29.9,19.7,0.0,73,17.4,23.17
2002-09-24,30.0,19.2,0.0,73,17.0,22.68
2002-09-25,29.1,20.2,0.4,76,16.5,19.78
2002-09-26,30.6,19.6,0.0,70,16.2,21.09
2002-09-27,30.0,20.7,1.1,73,9.4,19.13
2002-09-28,27.2,20.8,3.6,82,7.6,8.59
2002-09-29,31.9,20.9,1.8,74,10.4,22.06
2002-09-30,30.6,21.1,0.2,66,14.6,18.44
2002-10-01,32.6,20.7,0.0,62,11.2,22.5
2002-10-02,31.6,21.2,0.6,68,13.8,21.21
2002-10-03,32.0,20.9,1.9,75,9.1,20.16
2002-10-04,32.4,22.1,1.0,74,13.7,20.82
2002-10-05,31.8,20.7,1.7,71,10.1,20.15
2002-10-06,33.6,21.6,0.0,60,13.8,22.27
2002-10-07,33.6,21.2,0.0,61,14.4,22.13
2002-10-08,31.1,21.9,2.6,69,13.4,17.76
2002-10-09,31.1,21.3,9.8,75,14.0,18.6
2002-10-10,27.8,21.2,8.6,85,16.1,13.34
2002-10-11,25.8,20.6,3.7,89,12.2,11.46
2002-10-12,24.5,20.7,5.1,94,10.0,6.79
2002-10-13,25.4,20.6,14.6,92,11.2,8.07
2002-10-14,25.0,20.3,5.1,89,9.3,8.4
2002-10-15,25.9,20.5,10.1,90,11.5,9.21
2002-10-16,23.9,20.8,1.0,92,17.6,8.29
2002-10-17,25.7,20.5,0.6,86,16.1,15.35
2002-10-18,26.7,20.2,8.0,87,14.0,14.53
2002-10-19,27.6,19.9,1.7,87,12.1,16.39
2002-10-20,28.0,19.7,0.2,80,9.3,19.03
2002-10-21,27.5,20.2,1.0,84,9.4,16.41
2002-10-22,29.2,19.4,0.0,69,12.2,20.71
2002-10-23,29.7,17.0,0.0,56,16.6,22.98
2002-10-24,29.8,17.2,0.0,52,14.8,23.27
2002-10-25,29.6,18.7,0.0,55,17.4,17.9
2002-10-26,29.4,20.5,0.0,53,18.9,18.38
2002-10-27,27.9,19.8,0.0,66,19.0,16.17
2002-10-28,29.3,19.9,0.0,68,18.4,16.53
2002-10-29,27.4,19.8,5.9,77,13.4,12.93
2002-10-30,27.8,19.7,3.5,79,17.1,15.81
2002-10-31,28.3,20.2,0.0,62,18.4,18.63
2002-11-01,29.1,17.9,0.0,61,20.1,21.51
2002-11-02,26.6,17.9,0.0,70,18.6,16.39
2002-11-03,28.6,19.0,0.0,65,16.7,18.89
2002-11-04,30.0,18.0,0.0,54,18.0,22.05
2002-11-05,30.2,17.1,0.0,54,15.6,22.02
2002-11-06,30.7,17.4,0.0,56,13.3,21.06
2002-11-07,30.7,18.9,0.0,54,13.0,19.81
2002-11-08,30.4,18.9,0.0,58,15.9,19.97
2002-11-09,28.3,19.9,1.2,67,19.6,15.73
2002-11-10,27.7,20.0,0.6,72,16.7,15.97
2002-11-11,27.9,19.5,0.5,71,12.2,15.79
2002-11-12,28.6,19.2,0.2,70,9.8,17.37
2002-11-13,30.4,17.9,0.0,61,11.2,18.52
2002-11-14,30.6,18.3,0.0,61,7.4,18.19
2002-11-15,30.8,21.4,0.0,50,14.8,15.44
2002-11-16,31.2,21.2,0.0,44,17.2,19.89
2002-11-17,30.6,18.8,0.0,34,19.3,20.99
2002-11-18,30.1,18.2,0.0,44,21.3,20.76
2002-11-19,30.4,18.1,0.0,48,18.5,19.2
2002-11-20,31.0,19.0,0.0,51,15.8,19.17
2002-11-21,31.5,19.9,0.0,51,14.8,19.27
2002-11-22,31.0,19.2,0.0,45,16.9,20.4
2002-11-23,30.4,17.4,0.0,52,7.1,19.96
2002-11-24,31.0,18.8,0.0,62,10.8,20.27
2002-11-25,31.6,18.4,0.0,56,9.2,20.45
2002-11-26,32.0,18.5,0.0,47,7.7,20.66
2002-11-27,32.3,16.8,0.0,35,12.7,20.91
2002-11-28,32.3,16.7,0.0,35,9.7,20.85
2002-11-29,31.0,16.7,0.0,34,15.6,20.74
2002-11-30,30.8,15.5,0.0,34,10.9,20.79
2002-12-01,31.0,16.8,0.0,34,9.7,20.66
2002-12-02,30.5,15.6,0.0,37,11.3,20.62
2002-12-03,30.2,16.0,0.0,45,12.7,20.15
2002-12-04,30.1,16.4,0.0,46,11.5,19.75
2002-12-05,30.3,18.1,0.0,45,14.5,19.97
2002-12-06,29.9,17.0,0.0,45,20.2,20.35
2002-12-07,29.7,18.2,0.0,57,19.4,17.54
2002-12-08,30.7,19.1,0.0,54,19.1,18.9
2002-12-09,30.1,17.6,0.0,45,22.6,18.6
2002-12-10,29.9,17.2,0.0,43,16.6,19.2
2002-12-11,30.0,17.1,0.0,46,16.8,19.14
2002-12-12,29.9,17.3,0.0,47,16.6,20.04
2002-12-13,29.0,16.6,0.0,46,21.0,18.74
2002-12-14,30.0,16.0,0.0,47,17.9,20.03
2002-12-15,30.5,17.1,0.0,46,21.2,19.84
2002-12-16,30.4,15.7,0.0,45,17.5,20.23
2002-12-17,30.3,15.7,0.0,43,16.8,20.1
2002-12-18,30.9,15.3,0.0,41,13.7,20.17
2002-12-19,30.9,15.0,0.0,35,14.4,20.07
2002-12-20,30.7,15.1,0.0,34,10.6,20.53
2002-12-21,30.6,15.3,0.0,34,12.3,20.3
2002-12-22,30.2,15.9,0.0,30,12.9,20.39
2002-12-23,29.7,15.6,0.0,33,14.7,20.25
2002-12-24,28.6,14.5,0.0,43,10.0,20.07
2002-12-25,28.8,15.5,0.0,52,9.8,19.78
2002-12-26,29.0,15.5,0.0,46,9.3,19.81
2002-12-27,29.1,17.2,0.0,45,11.8,19.47
2002-12-28,29.1,17.5,0.0,49,10.5,18.53
2002-12-29,28.1,16.3,0.0,65,15.9,15.97
2002-12-30,27.0,17.2,0.0,70,16.6,14.85
2002-12-31,27.4,14.4,0.0,60,13.8,19.44
2003-01-01,26.8,16.2,0.0,54,14.0,18.81
2003-01-02,28.2,16.1,0.0,57,14.2,17.9
2003-01-03,28.0,16.7,0.0,57,13.0,15.53
2003-01-04,27.7,16.8,0.0,54,13.6,16.76
2003-01-05,29.4,16.9,0.0,46,14.6,20.3
2003-01-06,29.8,17.1,0.0,47,15.3,20.14
2003-01-07,29.5,17.8,0.0,45,13.4,19.87
2003-01-08,29.6,17.9,0.0,44,12.1,19.66
2003-01-09,29.2,17.7,0.0,48,13.5,16.71
2003-01-10,29.0,18.5,0.0,51,15.2,17.1
2003-01-11,29.1,19.1,0.0,45,15.1,16.84
2003-01-12,28.3,19.9,0.0,44,16.6,14.55
2003-01-13,28.7,18.5,0.0,45,14.3,15.23
2003-01-14,29.3,19.2,0.0,46,18.7,18.49
2003-01-15,28.6,17.7,0.0,46,16.9,18.8
2003-01-16,27.8,18.3,0.0,47,17.1,18.14
2003-01-17,27.6,16.6,0.0,44,16.6,19.78
2003-01-18,28.9,17.7,0.0,44,16.2,19.94
2003-01-19,29.9,17.3,0.0,42,15.9,21.02
2003-01-20,30.4,17.0,0.0,49,10.9,20.01
2003-01-21,30.9,18.7,0.0,46,12.1,20.39
2003-01-22,31.4,17.2,0.0,39,9.4,20.98
2003-01-23,31.6,17.1,0.0,35,11.0,21.73
2003-01-24,31.1,16.8,0.0,48,11.2,21.0
2003-01-25,31.7,16.8,0.0,39,10.5,21.78
2003-01-26,31.6,19.7,0.0,36,15.6,21.38
2003-01-27,31.1,18.5,0.0,37,11.6,21.19
2003-01-28,31.5,17.9,0.0,42,9.8,21.77
2003-01-29,31.4,17.7,0.0,44,6.9,21.99
2003-01-30,31.4,17.1,0.0,32,7.9,22.26
2003-01-31,31.8,16.7,0.0,43,8.1,22.28
2003-02-01,32.1,17.1,0.0,59,13.1,21.95
2003-02-02,31.3,17.9,0.0,59,6.6,20.41
2003-02-03,32.1,19.0,0.3,55,12.2,20.9
2003-02-04,30.4,19.1,0.0,58,7.3,19.0
2003-02-05,30.7,20.8,0.0,50,13.2,18.35
2003-02-06,31.3,20.3,0.0,45,15.8,20.04
2003-02-07,31.5,18.9,0.0,42,12.0,21.09
2003-02-08,31.4,20.6,0.0,44,14.4,20.06
2003-02-09,31.9,20.4,0.0,34,11.6,22.15
2003-02-10,31.9,18.5,0.0,33,11.2,19.13
2003-02-11,32.7,19.1,0.0,38,13.6,21.89
2003-02-12,32.9,19.3,0.0,39,7.9,22.96
2003-02-13,33.6,20.2,0.0,41,17.4,22.44
2003-02-14,34.3,20.9,0.0,35,13.1,23.32
2003-02-15,33.2,19.7,0.0,43,14.8,20.83
2003-02-16,33.5,19.1,0.0,51,16.2,23.37
2003-02-17,33.7,19.2,0.0,40,18.4,23.55
2003-02-18,31.4,18.9,0.0,41,16.5,19.49
2003-02-19,31.5,17.7,0.0,51,17.6,22.74
2003-02-20,31.8,18.9,0.0,51,12.3,22.8
2003-02-21,33.0,21.0,0.8,37,15.0,22.35
2003-02-22,33.4,21.5,0.0,37,9.6,22.64
2003-02-23,33.4,21.1,0.0,40,10.8,22.53
2003-02-24,32.6,20.8,0.0,52,14.7,21.74
2003-02-25,34.1,20.4,0.0,61,18.4,23.69
2003-02-26,33.4,19.1,0.0,63,16.2,23.79
2003-02-27,34.5,20.2,0.0,49,14.5,24.18
2003-02-28,34.6,20.9,0.0,53,11.0,23.3
2003-03-01,32.2,20.7,0.0,65,18.7,20.31
2003-03-02,32.9,21.0,0.0,55,9.5,19.63
2003-03-03,33.1,22.1,0.0,51,9.1,17.41
2003-03-04,34.8,23.2,0.0,41,10.2,20.7
2003-03-05,35.1,23.3,0.0,38,15.4,23.19
2003-03-06,35.1,23.1,0.0,35,13.7,24.57
2003-03-07,34.7,21.9,0.0,43,12.9,23.67
2003-03-08,34.0,22.2,0.0,52,15.2,20.8
2003-03-09,33.8,21.4,0.0,56,13.2,20.82
2003-03-10,33.6,23.1,0.0,53,15.3,19.43
2003-03-11,34.0,21.4,0.0,46,15.8,21.72
2003-03-12,33.9,19.5,0.0,48,17.2,24.6
2003-03-13,34.6,19.6,0.0,52,18.5,24.53
2003-03-14,35.2,20.5,0.0,53,18.9,23.99
2003-03-15,33.7,22.2,0.0,48,18.9,21.14
2003-03-16,33.9,20.1,0.0,48,17.3,25.86
2003-03-17,33.1,20.5,0.0,38,14.4,23.32
2003-03-18,34.0,18.8,0.0,34,16.6,26.28
2003-03-19,34.7,18.8,0.0,42,13.7,25.41
2003-03-20,34.0,20.1,0.0,58,17.8,24.39
2003-03-21,33.4,20.6,0.2,57,8.8,21.73
2003-03-22,34.1,23.1,0.0,41,13.1,19.56
2003-03-23,35.2,22.0,0.0,39,10.2,22.84
2003-03-24,35.6,22.6,0.0,43,12.6,24.01
2003-03-25,35.4,23.0,1.4,49,17.4,23.69
2003-03-26,35.0,22.1,1.1,61,12.8,23.11
2003-03-27,35.7,22.9,0.0,57,17.8,24.26
2003-03-28,34.2,21.8,0.0,62,22.2,23.49
2003-03-29,36.0,19.8,0.0,55,16.4,25.61
2003-03-30,36.7,20.4,0.0,33,14.6,25.91
2003-03-31,37.3,23.0,0.0,40,17.7,26.99
2003-04-01,37.3,21.1,0.0,45,15.5,26.65
2003-04-02,36.1,20.9,0.0,57,23.2,25.66
2003-04-03,34.7,20.6,0.0,63,20.9,24.92
2003-04-04,34.0,20.2,0.1,64,18.7,25.19
2003-04-05,33.9,19.8,0.0,59,18.9,24.32
2003-04-06,34.6,19.9,0.0,51,9.9,20.7
2003-04-07,33.9,22.1,0.2,51,14.0,20.27
2003-04-08,34.7,21.0,1.7,56,15.3,22.16
2003-04-09,35.3,22.9,0.0,54,16.3,20.96
2003-04-10,34.3,22.8,0.8,65,14.5,21.54
2003-04-11,32.4,22.7,7.7,73,13.8,19.16
2003-04-12,33.9,21.7,1.4,68,12.4,23.19
2003-04-13,35.6,21.7,0.0,55,16.3,25.25
2003-04-14,36.5,21.3,0.0,50,16.5,26.19
2003-04-15,36.9,23.1,1.3,49,16.4,24.27
2003-04-16,36.3,23.6,1.4,59,13.8,22.73
2003-04-17,34.7,23.0,7.0,70,13.4,22.31
2003-04-18,34.8,23.0,0.7,70,17.5,22.83
2003-04-19,36.0,21.1,0.0,61,20.1,25.25
2003-04-20,35.7,21.5,0.0,59,15.0,24.84
2003-04-21,36.3,22.3,0.0,54,12.4,24.46
2003-04-22,35.6,22.6,3.1,55,13.8,23.11
2003-04-23,36.1,22.6,0.5,63,17.7,24.32
2003-04-24,34.3,22.6,4.1,69,14.8,22.35
2003-04-25,35.8,22.3,0.0,55,13.2,23.63
2003-04-26,35.4,23.2,1.8,63,14.4,23.62
2003-04-27,34.2,22.5,0.8,65,15.5,23.01
2003-04-28,36.1,22.3,0.0,62,18.1,24.15
2003-04-29,34.9,22.9,0.0,65,15.9,23.34
2003-04-30,34.9,22.9,0.2,65,19.4,23.28
2003-05-01,34.1,23.1,0.0,66,17.5,22.28
2003-05-02,34.5,23.1,0.0,66,20.1,22.85
2003-05-03,35.3,22.8,0.0,61,20.3,24.3
2003-05-04,35.2,21.8,0.0,63,18.9,24.54
2003-05-05,36.2,21.4,0.0,61,20.3,26.15
2003-05-06,34.9,22.3,0.4,61,18.6,23.45
2003-05-07,36.5,21.1,0.0,59,21.9,26.02
2003-05-08,37.0,19.5,0.0,52,18.9,27.89
2003-05-09,38.7,21.0,0.0,52,19.7,24.96
2003-05-10,37.5,22.9,0.0,54,14.4,23.55
2003-05-11,36.1,23.7,0.3,68,18.2,21.11
2003-05-12,36.1,23.5,0.0,67,21.9,23.24
2003-05-13,36.5,22.8,0.0,63,23.6,24.35
2003-05-14,35.4,22.2,0.0,63,21.0,24.08
2003-05-15,35.8,22.1,0.0,62,20.6,24.69
2003-05-16,35.4,22.8,0.0,66,24.6,24.49
2003-05-17,35.5,22.1,0.0,64,23.6,24.04
2003-05-18,34.7,22.0,0.0,64,21.7,25.65
2003-05-19,34.8,22.0,0.0,62,18.9,25.01
2003-05-20,35.1,22.3,0.0,62,21.0,24.61
2003-05-21,35.6,21.7,0.0,62,19.6,25.23
2003-05-22,34.2,22.6,0.0,63,17.3,24.08
2003-05-23,34.9,21.0,0.1,60,18.4,26.45
2003-05-24,35.0,21.6,0.0,61,17.0,25.21
2003-05-25,36.5,21.9,0.0,60,20.4,25.64
2003-05-26,36.7,21.4,0.0,58,20.4,25.8
2003-05-27,36.9,22.6,0.0,58,21.6,25.55
2003-05-28,35.0,22.9,0.0,60,18.1,23.16
2003-05-29,35.9,21.1,0.0,55,18.0,27.32
2003-05-30,35.5,20.5,0.0,60,21.0,25.7
2003-05-31,35.7,22.4,0.0,59,16.3,24.06
2003-06-01,35.5,22.9,2.2,63,15.8,23.56
2003-06-02,36.0,23.5,0.3,60,19.0,25.23
2003-06-03,34.7,22.9,1.2,63,18.9,20.66
2003-06-04,34.9,22.8,0.0,63,21.7,26.1
2003-06-05,33.8,21.5,0.0,65,21.1,25.46
2003-06-06,31.2,23.3,0.0,70,22.0,20.62
2003-06-07,32.8,23.0,1.0,72,19.6,19.14
2003-06-08,32.9,23.0,3.1,76,22.6,20.74
2003-06-09,33.0,22.7,5.2,77,22.7,20.24
2003-06-10,31.8,22.7,0.8,74,20.7,20.23
2003-06-11,30.9,22.6,0.1,74,22.7,20.38
2003-06-12,29.3,22.4,2.7,80,24.1,16.82
2003-06-13,29.3,22.3,0.9,80,23.7,16.71
2003-06-14,29.0,21.9,1.8,81,26.0,15.25
2003-06-15,26.0,21.1,9.2,86,24.0,13.65
2003-06-16,25.9,21.3,17.1,91,26.1,11.3
2003-06-17,26.2,21.2,2.5,88,25.1,16.09
2003-06-18,26.0,21.2,3.2,89,25.3,14.98
2003-06-19,25.4,20.5,12.0,93,24.0,10.36
2003-06-20,22.5,20.1,23.2,99,25.8,5.54
2003-06-21,24.6,20.0,6.7,94,27.9,9.47
2003-06-22,24.7,21.3,4.1,92,20.9,10.4
2003-06-23,26.3,20.9,1.0,87,25.2,13.85
2003-06-24,27.0,21.6,2.1,86,23.8,16.83
2003-06-25,26.1,20.8,3.2,89,20.9,15.59
2003-06-26,24.8,20.7,5.9,93,21.9,10.78
2003-06-27,25.5,20.9,4.3,89,23.6,12.51
2003-06-28,26.5,21.2,1.5,85,23.9,17.07
2003-06-29,25.9,21.1,2.1,87,25.3,15.61
2003-06-30,23.7,20.8,4.4,96,23.6,7.71
2003-07-01,25.1,20.3,3.7,93,18.9,10.1
2003-07-02,26.1,20.4,9.9,91,21.9,14.02
2003-07-03,25.3,20.7,3.2,90,25.4,12.95
2003-07-04,24.3,20.4,7.3,94,22.2,8.94
2003-07-05,23.5,20.4,15.1,94,20.6,8.9
2003-07-06,23.5,20.6,7.5,93,28.2,9.03
2003-07-07,23.1,20.5,12.9,93,25.4,8.03
2003-07-08,24.5,20.6,2.8,91,23.4,13.04
2003-07-09,25.1,20.7,7.4,91,21.1,12.84
2003-07-10,24.4,20.1,5.0,94,19.1,8.43
2003-07-11,23.5,20.2,5.7,94,20.0,7.77
2003-07-12,25.2,20.7,5.2,92,21.7,12.96
2003-07-13,25.7,21.0,3.1,90,21.5,13.86
2003-07-14,26.4,20.9,0.7,87,22.8,14.71
2003-07-15,23.8,20.6,6.1,92,21.2,8.07
2003-07-16,21.9,19.6,22.7,97,21.8,6.48
2003-07-17,24.4,20.1,11.5,95,21.3,10.11
2003-07-18,27.4,21.2,0.6,84,19.5,15.81
2003-07-19,27.0,21.3,5.6,88,19.5,12.72
2003-07-20,27.5,21.2,0.0,82,17.7,17.43
2003-07-21,26.7,21.6,0.1,86,20.5,16.74
2003-07-22,26.7,21.5,0.9,83,20.6,17.47
2003-07-23,26.3,21.1,3.0,88,25.2,14.22
2003-07-24,23.8,20.8,9.6,93,25.4,8.61
2003-07-25,23.4,20.7,9.6,91,27.6,9.75
2003-07-26,23.9,20.6,3.9,91,30.0,8.69
2003-07-27,24.2,20.9,6.5,91,30.1,11.53
2003-07-28,25.3,20.9,5.0,89,29.5,16.01
2003-07-29,26.1,20.9,1.4,85,24.7,18.62
2003-07-30,26.9,21.5,0.5,82,20.5,17.91
2003-07-31,27.1,20.9,1.5,82,17.9,16.3
2003-08-01,26.5,21.4,1.3,86,19.6,15.09
2003-08-02,25.3,21.0,0.9,87,17.7,15.47
2003-08-03,25.5,21.0,0.9,84,22.1,15.69
2003-08-04,25.9,20.5,5.1,88,22.7,15.83
2003-08-05,26.2,20.9,0.3,84,23.8,14.44
2003-08-06,26.1,20.8,1.1,84,22.5,15.42
2003-08-07,26.1,21.2,1.2,84,22.0,15.7
2003-08-08,25.8,21.0,0.1,84,21.6,14.91
2003-08-09,27.1,20.8,0.8,82,20.9,17.22
2003-08-10,26.4,21.1,0.6,84,20.4,17.41
2003-08-11,27.6,21.0,0.1,82,18.4,17.55
2003-08-12,27.2,21.3,0.5,82,19.9,18.2
2003-08-13,26.1,20.9,0.7,85,20.4,15.42
2003-08-14,26.5,20.8,0.4,83,21.8,16.13
2003-08-15,26.0,20.9,1.7,84,21.3,15.59
2003-08-16,26.6,20.8,0.3,82,21.3,17.99
2003-08-17,27.0,21.0,0.8,82,20.3,17.15
2003-08-18,26.9,20.9,1.1,83,20.5,15.49
2003-08-19,25.3,20.3,1.4,86,23.3,14.38
2003-08-20,24.6,20.1,3.4,90,25.9,9.45
2003-08-21,24.8,20.7,7.0,87,23.0,11.96
2003-08-22,25.6,20.9,12.1,90,22.2,11.84
2003-08-23,22.4,20.7,10.8,96,19.8,5.09
2003-08-24,25.3,20.6,1.1,87,25.8,16.21
2003-08-25,25.1,20.6,0.6,86,22.7,15.21
2003-08-26,24.9,20.5,1.7,86,21.7,12.78
2003-08-27,26.2,20.3,0.2,84,22.7,18.52
2003-08-28,24.5,20.4,1.4,87,22.2,13.82
2003-08-29,25.0,20.2,3.9,89,22.7,13.49
2003-08-30,25.5,20.3,1.1,87,21.4,15.65
2003-08-31,26.3,20.6,1.3,85,20.9,17.59
2003-09-01,25.2,20.4,1.2,85,22.1,16.14
2003-09-02,25.5,20.4,0.5,85,22.3,13.9
2003-09-03,25.9,20.7,1.5,85,25.0,16.47
2003-09-04,25.6,20.5,1.8,85,25.2,17.06
2003-09-05,25.2,20.5,1.8,86,21.1,15.92
2003-09-06,24.6,20.3,7.3,88,21.2,11.24
2003-09-07,25.3,20.2,1.2,85,22.3,15.18
2003-09-08,26.9,20.5,0.4,81,20.2,16.35
2003-09-09,26.9,20.3,0.1,82,19.7,17.94
2003-09-10,27.0,19.8,0.4,80,20.2,18.03
2003-09-11,26.3,19.9,1.1,80,20.9,17.14
2003-09-12,25.9,20.4,2.5,82,20.5,17.06
2003-09-13,25.3,20.0,1.2,83,19.2,16.32
2003-09-14,26.1,20.3,0.9,83,18.5,16.41
2003-09-15,26.7,20.2,0.8,84,20.9,17.63
2003-09-16,25.9,20.5,5.1,86,18.0,14.86
2003-09-17,26.9,20.6,3.5,88,14.6,16.12
2003-09-18,27.5,20.1,0.2,81,16.3,17.22
2003-09-19,27.8,19.9,0.0,78,17.8,19.14
2003-09-20,27.5,20.1,0.2,78,16.0,16.29
2003-09-21,27.6,20.0,0.0,79,16.8,19.39
2003-09-22,28.5,19.2,0.0,78,19.3,19.93
2003-09-23,27.6,19.4,0.0,78,18.4,19.12
2003-09-24,26.2,20.0,3.2,84,17.6,13.95
2003-09-25,27.3,20.3,1.9,83,15.7,15.8
2003-09-26,25.7,20.6,4.2,85,14.0,12.05
2003-09-27,26.1,20.0,4.5,86,20.8,11.97
2003-09-28,26.9,20.6,0.0,81,16.1,15.04
2003-09-29,28.4,19.9,0.0,79,14.8,19.67
2003-09-30,28.7,20.4,0.3,81,13.2,17.82
2003-10-01,29.4,20.2,5.8,84,8.3,18.49
2003-10-02,29.5,20.4,8.3,82,10.9,18.53
2003-10-03,28.7,20.6,23.4,85,13.8,14.92
2003-10-04,28.7,20.9,10.9,84,14.1,17.66
2003-10-05,28.5,20.3,3.9,86,10.9,17.31
2003-10-06,28.3,21.0,0.4,82,15.1,17.56
2003-10-07,28.2,21.6,3.7,83,16.2,16.34
2003-10-08,27.5,21.1,0.5,84,18.1,15.67
2003-10-09,26.3,20.0,0.7,84,16.2,16.65
2003-10-10,26.1,19.2,4.0,86,14.5,14.9
2003-10-11,27.2,20.7,3.6,86,13.4,15.13
2003-10-12,28.8,20.5,0.2,78,8.6,19.81
2003-10-13,28.9,19.3,0.0,72,12.7,20.89
2003-10-14,28.0,19.8,0.0,71,10.8,18.82
2003-10-15,28.9,19.7,1.2,75,8.4,19.89
2003-10-16,29.5,20.5,0.0,65,12.5,22.77
2003-10-17,29.8,19.0,0.0,68,9.4,23.69
2003-10-18,30.4,20.0,0.0,72,14.7,22.9
2003-10-19,28.7,20.4,1.4,82,14.7,19.26
2003-10-20,29.6,21.6,3.1,82,11.6,16.35
2003-10-21,27.2,21.2,10.7,83,9.1,12.08
2003-10-22,28.0,20.5,2.9,85,9.3,12.96
2003-10-23,28.5,21.1,0.5,82,13.1,16.73
2003-10-24,27.7,20.6,0.4,79,12.7,17.49
2003-10-25,27.3,19.8,0.0,75,12.7,17.78
2003-10-26,28.3,18.4,0.0,70,6.8,20.34
2003-10-27,28.3,18.2,0.0,67,7.6,21.65
2003-10-28,28.8,16.1,0.0,58,9.6,22.71
2003-10-29,28.6,16.8,0.0,54,7.5,18.5
2003-10-30,29.8,17.0,0.0,64,11.3,21.39
2003-10-31,29.2,19.7,3.1,77,8.9,18.22
2003-11-01,29.7,18.7,0.0,67,9.5,19.88
2003-11-02,30.9,18.4,0.0,62,12.2,20.43
2003-11-03,31.7,18.1,0.0,57,17.0,22.08
2003-11-04,29.9,18.3,0.0,58,13.7,19.49
2003-11-05,30.5,19.1,0.0,57,13.3,18.69
2003-11-06,30.0,19.0,0.0,61,12.8,18.08
2003-11-07,30.0,18.1,0.0,59,10.0,17.76
2003-11-08,29.2,21.3,2.0,64,13.3,15.21
2003-11-09,29.8,19.9,0.0,60,17.1,17.29
2003-11-10,30.3,20.6,0.0,54,19.5,20.52
2003-11-11,29.5,18.4,0.0,46,16.5,20.8
2003-11-12,28.9,18.3,0.0,51,17.5,19.74
2003-11-13,28.8,19.8,0.0,53,16.6,17.57
2003-11-14,27.4,18.3,0.1,63,18.6,16.14
2003-11-15,28.6,19.9,0.0,67,17.0,16.62
2003-11-16,30.3,19.7,0.0,58,10.9,18.24
2003-11-17,30.5,18.7,0.0,56,11.0,19.25
2003-11-18,30.7,19.8,0.0,51,14.7,20.48
2003-11-19,30.6,18.3,0.0,42,15.8,21.24
2003-11-20,30.2,17.2,0.0,44,18.4,21.49
2003-11-21,28.7,16.2,0.0,49,18.8,20.83
2003-11-22,24.8,17.1,0.2,54,16.3,7.12
2003-11-23,29.4,18.1,0.0,53,15.9,19.12
2003-11-24,29.1,16.8,0.0,50,15.2,20.93
2003-11-25,29.0,17.3,0.0,48,20.0,20.98
2003-11-26,30.0,15.7,0.0,46,15.5,21.05
2003-11-27,28.6,15.3,0.0,45,12.3,19.41
2003-11-28,29.4,15.0,0.0,46,15.1,20.62
2003-11-29,29.8,16.9,0.0,48,16.6,19.92
2003-11-30,29.7,17.9,0.0,48,18.1,19.87
2003-12-01,29.6,18.0,0.0,50,17.1,19.83
2003-12-02,29.1,16.8,0.0,49,14.8,19.99
2003-12-03,29.5,16.1,0.0,45,15.1,20.34
2003-12-04,29.0,15.7,0.0,40,16.6,20.47
2003-12-05,28.3,15.7,0.0,44,17.8,20.35
2003-12-06,29.1,15.8,0.0,39,19.3,20.71
2003-12-07,29.7,15.0,0.0,35,18.5,20.62
2003-12-08,29.0,15.2,0.0,32,15.9,20.6
2003-12-09,29.5,14.2,0.0,35,11.3,20.51
2003-12-10,29.6,15.0,0.0,38,11.3,20.25
2003-12-11,29.0,15.6,0.0,44,12.6,20.04
2003-12-12,29.1,16.4,0.0,52,15.9,19.96
2003-12-13,29.4,16.8,0.0,48,15.0,20.05
2003-12-14,29.6,15.2,0.0,38,19.9,20.37
2003-12-15,29.3,15.6,0.0,33,13.0,19.73
2003-12-16,29.1,13.6,0.0,32,10.3,20.69
2003-12-17,28.6,13.9,0.0,35,12.0,20.42
2003-12-18,28.3,14.3,0.0,37,12.6,20.29
2003-12-19,28.5,13.9,0.0,41,13.1,20.24
2003-12-20,28.4,15.1,0.0,37,12.8,20.2
2003-12-21,27.8,14.6,0.0,41,13.0,20.01
2003-12-22,26.8,15.5,0.0,38,16.3,20.16
2003-12-23,27.3,15.2,0.0,42,15.4,20.04
2003-12-24,27.7,15.5,0.0,51,16.4,18.21
2003-12-25,27.4,17.6,0.0,64,15.3,14.64
2003-12-26,28.1,18.7,0.3,67,17.1,13.54
2003-12-27,26.8,19.9,0.7,73,10.9,12.55
2003-12-28,28.6,18.6,0.0,65,11.9,16.53
2003-12-29,28.5,18.7,0.0,58,19.8,16.41
2003-12-30,28.1,17.5,0.0,60,21.6,17.49
2003-12-31,28.0,16.5,0.0,58,15.4,19.58
2004-01-01,28.3,16.9,0.0,52,10.0,18.91
2004-01-02,28.7,17.0,0.0,45,12.4,20.16
2004-01-03,28.7,14.6,0.0,43,10.5,20.5
2004-01-04,28.1,15.0,0.0,42,11.5,20.58
2004-01-05,27.5,14.8,0.0,47,13.7,20.06
2004-01-06,27.6,15.5,0.0,53,12.8,18.01
2004-01-07,25.6,17.9,0.1,60,17.3,14.18
2004-01-08,28.0,17.1,0.0,48,18.4,20.28
2004-01-09,26.9,15.7,0.0,45,23.4,20.97
2004-01-10,27.4,14.5,0.0,43,19.1,21.05
2004-01-11,28.0,14.5,0.0,43,16.2,21.11
2004-01-12,28.8,14.6,0.0,42,14.2,21.09
2004-01-13,28.9,14.4,0.0,41,14.9,21.25
2004-01-14,30.1,14.0,0.0,36,9.8,21.33
2004-01-15,30.6,14.6,0.0,36,11.5,21.33
2004-01-16,30.5,14.9,0.0,35,11.9,21.37
2004-01-17,29.4,15.9,0.0,36,8.1,21.45
2004-01-18,29.5,14.2,0.0,48,8.6,21.01
2004-01-19,30.2,16.1,0.0,55,8.7,21.15
2004-01-20,30.2,15.0,0.0,54,11.8,21.28
2004-01-21,28.5,16.8,0.0,71,10.2,17.96
2004-01-22,27.8,15.5,0.3,69,15.8,17.25
2004-01-23,28.2,17.9,0.2,66,11.6,17.46
2004-01-24,29.1,17.2,0.0,52,12.0,19.51
2004-01-25,30.0,16.2,0.0,56,17.4,21.43
2004-01-26,28.3,13.9,0.0,64,12.7,21.52
2004-01-27,29.6,13.8,0.0,57,8.4,21.9
2004-01-28,29.5,15.7,0.0,63,14.5,19.13
2004-01-29,29.0,16.1,0.0,65,13.2,20.03
2004-01-30,28.3,16.4,0.0,68,12.9,19.68
2004-01-31,28.4,15.7,0.0,67,16.5,21.04
2004-02-01,28.8,14.2,0.0,56,8.6,22.15
2004-02-02,27.3,17.4,0.1,51,12.1,15.54
2004-02-03,29.9,18.9,0.0,58,13.8,19.45
2004-02-04,30.6,18.8,0.0,52,15.5,19.94
2004-02-05,30.9,18.7,0.0,48,14.9,20.92
2004-02-06,31.2,19.4,0.0,34,17.6,22.77
2004-02-07,30.6,15.7,0.0,36,11.8,22.89
2004-02-08,30.6,16.1,0.0,29,13.2,23.2
2004-02-09,30.4,15.8,0.0,27,12.9,23.5
2004-02-10,30.9,15.3,0.0,35,11.4,23.34
2004-02-11,31.6,15.7,0.0,39,8.7,23.31
2004-02-12,31.5,16.3,0.0,39,12.9,23.4
2004-02-13,31.3,16.9,0.0,36,16.6,23.41
2004-02-14,30.3,18.6,0.0,35,16.8,23.09
2004-02-15,30.8,17.8,0.0,33,13.5,23.55
2004-02-16,31.3,17.4,0.0,29,11.6,23.78
2004-02-17,31.7,17.9,0.0,31,13.3,23.94
2004-02-18,31.4,16.3,0.0,39,10.8,23.98
2004-02-19,31.6,18.0,0.0,58,15.1,23.01
2004-02-20,33.1,18.5,0.0,39,12.0,24.16
2004-02-21,33.7,19.4,0.0,36,13.5,24.19
2004-02-22,33.3,19.7,0.0,31,17.4,24.28
2004-02-23,33.3,18.4,0.0,29,9.2,24.68
2004-02-24,33.9,17.7,0.0,42,9.4,24.7
2004-02-25,34.3,18.2,0.0,33,9.8,24.92
2004-02-26,34.1,17.6,0.0,46,12.0,24.7
2004-02-27,33.6,18.8,0.0,61,17.3,23.85
2004-02-28,33.2,19.6,0.0,57,15.1,24.07
2004-02-29,34.5,19.5,0.0,43,10.9,24.67
2004-03-01,34.4,20.3,0.0,45,11.2,24.53
2004-03-02,34.7,19.5,0.0,46,10.5,24.73
2004-03-03,35.0,19.5,0.0,43,11.2,24.62
2004-03-04,34.8,20.4,0.0,38,12.6,24.72
2004-03-05,35.7,19.8,0.0,31,10.8,25.71
2004-03-06,36.0,20.1,0.0,51,9.5,25.61
2004-03-07,36.6,21.1,0.0,47,10.0,24.54
2004-03-08,36.1,21.8,0.0,37,13.9,25.47
2004-03-09,34.2,20.7,0.0,35,15.5,25.93
2004-03-10,33.6,18.9,0.0,31,10.7,25.84
2004-03-11,34.3,18.8,0.0,39,9.7,25.69
2004-03-12,35.2,19.9,0.0,43,12.0,25.09
2004-03-13,36.0,19.7,0.0,33,16.4,25.84
2004-03-14,36.4,20.4,0.0,39,21.3,26.1
2004-03-15,36.8,22.4,0.0,25,15.8,26.51
2004-03-16,36.8,19.6,0.0,38,10.1,26.59
2004-03-17,36.4,20.6,0.0,53,13.0,26.05
2004-03-18,38.1,20.6,0.0,48,15.2,26.04
2004-03-19,37.8,21.5,0.0,52,11.5,26.31
2004-03-20,37.2,21.7,0.0,56,19.1,26.03
2004-03-21,36.5,21.4,0.0,57,17.9,25.65
2004-03-22,37.1,21.0,0.0,54,19.0,26.37
2004-03-23,36.2,20.9,0.0,63,23.1,25.32
2004-03-24,35.9,22.0,0.0,62,23.7,22.84
2004-03-25,36.4,21.3,0.0,60,21.3,24.57
2004-03-26,36.1,19.3,0.0,53,19.2,25.56
2004-03-27,35.3,21.7,0.0,38,13.8,21.28
2004-03-28,34.6,20.9,0.0,55,15.1,22.2
2004-03-29,34.7,21.1,0.0,64,20.2,23.39
2004-03-30,34.3,21.9,0.1,65,21.9,23.35
2004-03-31,35.1,21.0,0.0,54,22.0,25.36
2004-04-01,35.6,20.9,0.0,57,22.1,25.87
2004-04-02,36.0,20.4,0.0,54,17.0,23.54
2004-04-03,35.9,21.6,0.4,55,11.6,23.64
2004-04-04,34.7,21.9,19.1,68,10.5,20.66
2004-04-05,33.0,21.0,0.0,68,13.2,23.89
2004-04-06,32.6,22.2,4.5,73,17.2,22.02
2004-04-07,33.2,21.1,0.1,65,17.1,25.47
2004-04-08,33.5,19.1,0.0,59,17.8,26.81
2004-04-09,34.7,18.7,0.0,53,14.5,27.65
2004-04-10,35.0,19.9,0.0,50,15.2,26.39
2004-04-11,37.3,20.8,0.0,46,19.5,27.16
2004-04-12,38.6,21.1,0.0,46,14.0,27.14
2004-04-13,36.2,21.5,0.0,62,22.9,23.04
2004-04-14,37.1,21.7,0.0,60,22.1,24.73
2004-04-15,36.9,21.4,0.0,62,21.9,25.99
2004-04-16,36.1,21.4,0.0,60,20.4,26.78
2004-04-17,37.0,20.4,0.0,61,19.8,26.54
2004-04-18,36.6,20.2,0.0,54,19.9,27.39
2004-04-19,37.2,19.6,0.0,48,16.6,27.65
2004-04-20,37.7,21.8,0.0,49,20.7,26.69
2004-04-21,38.0,22.1,0.4,62,23.1,23.74
2004-04-22,35.9,22.0,0.0,64,16.6,24.04
2004-04-23,36.1,22.4,0.0,60,21.7,24.2
2004-04-24,35.9,21.3,0.0,59,20.4,24.33
2004-04-25,35.2,22.5,0.0,54,9.5,23.52
2004-04-26,34.8,23.0,0.1,62,16.9,21.71
2004-04-27,33.1,22.4,2.5,69,19.2,22.56
2004-04-28,36.2,21.1,0.0,60,18.7,25.01
2004-04-29,36.1,21.2,0.0,58,18.3,24.41
2004-04-30,34.4,22.1,0.0,64,10.7,22.57
2004-05-01,35.6,23.6,0.0,53,9.5,21.38
2004-05-02,36.0,23.3,0.0,54,11.3,22.36
2004-05-03,35.1,24.9,0.8,53,16.7,19.05
2004-05-04,28.9,24.4,0.9,56,25.7,10.52
2004-05-05,32.1,22.2,3.3,64,23.4,17.74
2004-05-06,30.5,22.3,8.1,76,23.2,14.98
2004-05-07,31.3,22.6,13.3,77,24.5,17.86
2004-05-08,31.6,22.0,4.2,73,20.7,21.59
2004-05-09,29.2,22.3,2.6,77,20.5,17.78
2004-05-10,29.4,22.0,0.1,76,21.1,20.28
2004-05-11,31.8,21.6,0.3,75,19.7,23.05
2004-05-12,31.6,21.4,0.2,70,17.7,23.87
2004-05-13,32.4,21.9,0.1,70,18.9,22.42
2004-05-14,31.4,22.2,3.0,76,17.7,18.48
2004-05-15,31.2,22.6,9.9,80,24.1,18.26
2004-05-16,27.9,22.0,13.2,86,19.1,12.5
2004-05-17,26.8,21.8,3.6,84,16.9,11.69
2004-05-18,28.3,21.4,0.6,81,21.6,17.16
2004-05-19,27.6,21.3,4.0,86,25.1,15.01
2004-05-20,29.0,21.0,0.0,76,24.4,20.39
2004-05-21,29.1,21.0,0.3,76,20.7,20.28
2004-05-22,30.3,21.5,0.3,75,19.8,21.34
2004-05-23,30.4,21.5,0.6,76,20.9,22.36
2004-05-24,30.0,21.8,0.8,76,16.3,20.68
2004-05-25,29.5,22.0,0.5,75,15.7,19.3
2004-05-26,32.8,21.5,0.0,67,18.8,24.37
2004-05-27,32.9,21.6,4.6,73,19.8,22.26
2004-05-28,33.6,22.1,0.7,69,19.0,23.01
2004-05-29,33.0,22.8,13.2,77,12.3,22.56
2004-05-30,29.4,22.2,8.7,82,16.7,16.43
2004-05-31,30.7,21.8,10.1,82,15.0,20.12
2004-06-01,30.0,22.8,3.3,79,16.4,19.09
2004-06-02,30.2,22.2,20.8,83,17.2,20.23
2004-06-03,29.3,22.8,6.7,80,16.7,17.92
2004-06-04,29.6,22.1,4.1,81,15.8,18.45
2004-06-05,29.2,21.9,4.9,82,16.7,15.54
2004-06-06,28.0,21.9,5.1,84,14.6,15.16
2004-06-07,27.9,21.7,1.9,82,18.1,19.01
2004-06-08,25.9,21.1,6.9,89,25.6,15.39
2004-06-09,23.9,20.7,16.2,94,24.4,9.46
2004-06-10,23.7,20.6,6.7,92,23.5,8.52
2004-06-11,25.3,20.5,3.0,87,26.9,18.0
2004-06-12,25.1,20.8,2.9,88,24.1,12.51
2004-06-13,25.4,20.8,14.5,93,28.5,10.07
2004-06-14,25.7,20.9,8.5,90,34.0,15.88
2004-06-15,25.4,21.1,10.1,89,35.3,15.4
2004-06-16,24.4,20.9,8.9,90,35.3,13.95
2004-06-17,24.3,20.6,6.5,90,35.4,14.8
2004-06-18,22.8,20.8,7.9,92,28.6,8.24
2004-06-19,25.2,20.9,0.0,87,28.1,11.11
2004-06-20,26.5,21.2,0.7,82,27.0,19.72
2004-06-21,27.1,21.1,0.0,81,26.4,18.8
2004-06-22,26.7,21.1,0.9,81,23.6,19.02
2004-06-23,27.1,20.7,0.1,79,21.0,18.45
2004-06-24,27.3,20.7,0.5,81,23.9,20.8
2004-06-25,26.1,20.6,1.3,81,22.4,17.19
2004-06-26,24.8,20.8,0.6,88,21.8,12.67
2004-06-27,25.6,21.2,2.1,84,20.2,16.43
2004-06-28,26.9,21.1,3.1,84,19.2,17.47
2004-06-29,27.3,20.8,1.1,80,22.6,19.58
2004-06-30,26.4,20.9,0.1,82,23.8,18.17
2004-07-01,26.2,21.0,2.3,84,26.4,19.21
2004-07-02,26.7,20.9,0.5,82,23.5,17.34
2004-07-03,26.6,21.0,1.9,83,19.2,12.45
2004-07-04,26.8,21.0,0.7,82,21.7,16.3
2004-07-05,26.5,20.4,1.3,84,22.8,16.71
2004-07-06,28.4,20.9,0.1,79,19.2,19.71
2004-07-07,28.1,21.0,0.5,79,15.0,17.19
2004-07-08,27.8,21.0,0.9,81,15.2,17.92
2004-07-09,28.1,21.1,4.5,83,16.2,16.29
2004-07-10,27.0,21.0,9.5,83,17.3,14.7
2004-07-11,26.3,21.1,2.9,84,19.6,16.51
2004-07-12,25.4,20.7,4.4,88,20.5,12.6
2004-07-13,27.1,20.5,2.3,82,21.5,17.1
2004-07-14,27.2,20.4,1.4,81,19.6,16.92
2004-07-15,26.2,20.6,1.7,83,20.2,14.45
2004-07-16,26.1,20.9,3.9,86,18.6,15.33
2004-07-17,26.6,20.8,2.4,87,20.6,15.8
2004-07-18,27.1,20.8,1.3,84,21.7,16.79
2004-07-19,26.6,20.9,1.8,83,17.6,16.7
2004-07-20,26.4,20.9,1.4,85,20.3,17.2
2004-07-21,26.2,20.7,0.2,83,22.5,15.57
2004-07-22,25.9,20.6,0.6,81,22.1,13.99
2004-07-23,26.9,20.8,0.6,82,23.1,16.25
2004-07-24,25.1,20.5,0.9,84,18.3,11.09
2004-07-25,22.5,20.3,4.7,92,19.8,7.59
2004-07-26,24.3,20.2,8.6,94,20.9,8.23
2004-07-27,24.9,20.5,2.9,87,23.9,11.94
2004-07-28,23.6,20.2,8.8,92,22.7,7.53
2004-07-29,21.6,20.0,10.2,95,21.7,5.88
2004-07-30,22.7,19.9,6.7,93,21.0,8.34
2004-07-31,24.5,20.0,9.2,91,23.5,12.32
2004-08-01,24.7,20.0,7.8,87,29.9,14.15
2004-08-02,22.4,19.1,12.8,92,28.2,6.89
2004-08-03,21.7,19.9,13.5,92,29.0,5.95
2004-08-04,22.8,20.4,12.7,91,27.8,7.55
2004-08-05,23.7,20.3,13.4,91,29.0,9.69
2004-08-06,24.6,20.3,3.6,87,29.4,16.67
2004-08-07,24.8,20.5,1.5,85,28.4,16.39
2004-08-08,24.3,20.4,1.4,85,28.9,13.35
2004-08-09,25.2,20.2,0.6,85,26.3,14.62
2004-08-10,24.9,20.4,1.2,85,26.4,15.87
2004-08-11,24.3,20.2,3.6,87,28.1,15.11
2004-08-12,23.4,20.4,8.4,90,27.3,11.13
2004-08-13,24.3,20.5,7.9,88,25.2,12.37
2004-08-14,24.2,20.3,2.1,85,29.0,16.37
2004-08-15,25.4,20.5,2.9,86,30.6,17.16
2004-08-16,24.5,20.7,1.9,86,26.0,13.96
2004-08-17,25.4,20.5,2.0,87,26.8,16.84
2004-08-18,25.8,20.5,0.8,85,23.5,16.45
2004-08-19,25.1,20.3,2.5,86,24.8,15.86
2004-08-20,25.3,20.2,0.2,82,27.1,16.52
2004-08-21,24.9,19.7,0.3,82,27.4,15.49
2004-08-22,24.6,20.3,0.4,84,26.7,14.93
2004-08-23,25.3,20.1,0.6,84,25.7,15.98
2004-08-24,25.2,20.2,0.2,83,26.7,17.19
2004-08-25,26.0,19.9,1.1,82,21.6,16.78
2004-08-26,26.2,20.4,1.3,81,20.5,17.18
2004-08-27,26.5,19.7,0.2,80,22.5,15.4
2004-08-28,26.6,19.9,0.3,80,18.8,16.16
2004-08-29,26.8,19.4,0.0,80,17.3,13.36
2004-08-30,27.5,19.4,0.0,78,17.8,16.81
2004-08-31,27.0,18.1,0.0,79,18.9,20.56
2004-09-01,27.3,19.8,0.7,79,16.0,19.08
2004-09-02,27.8,18.7,0.0,77,12.8,20.06
2004-09-03,28.3,19.6,0.0,76,13.0,19.41
2004-09-04,27.1,19.9,0.0,77,10.5,14.51
2004-09-05,23.9,20.2,7.0,89,10.3,6.96
2004-09-06,25.0,19.4,4.7,88,10.4,11.8
2004-09-07,25.6,19.7,3.0,87,18.0,14.8
2004-09-08,26.2,20.1,0.9,84,18.6,15.55
2004-09-09,25.3,20.4,4.9,89,20.1,11.75
2004-09-10,22.9,19.9,8.9,93,14.8,8.36
2004-09-11,23.9,19.6,4.5,88,18.0,9.43
2004-09-12,26.0,20.1,0.6,82,17.3,16.51
2004-09-13,27.0,20.4,1.8,84,12.6,16.73
2004-09-14,28.5,19.7,0.0,80,15.1,21.5
2004-09-15,27.1,19.2,0.7,82,14.4,19.0
2004-09-16,27.6,19.5,1.2,83,14.2,19.22
2004-09-17,27.6,19.4,0.1,79,11.3,20.23
2004-09-18,28.0,19.6,0.0,80,13.8,20.49
2004-09-19,28.5,20.1,0.2,80,18.2,20.56
2004-09-20,26.6,20.8,2.8,84,13.7,12.42
2004-09-21,27.1,20.9,12.6,88,15.7,12.01
2004-09-22,24.6,20.7,35.7,92,15.0,8.59
2004-09-23,27.3,20.2,0.0,81,11.9,16.56
2004-09-24,28.1,19.6,23.2,87,7.9,20.35
2004-09-25,26.9,20.2,20.5,87,15.0,16.33
2004-09-26,27.8,19.4,10.3,84,12.0,17.86
2004-09-27,28.2,19.8,8.5,83,14.8,20.97
2004-09-28,28.6,19.8,3.9,82,12.3,21.25
2004-09-29,27.4,20.1,21.7,87,15.1,17.83
2004-09-30,27.2,19.1,0.9,83,15.6,20.82
2004-10-01,27.5,19.7,0.3,83,12.8,19.72
2004-10-02,27.4,21.0,0.7,83,14.9,17.4
2004-10-03,26.7,20.4,7.8,87,16.0,12.25
2004-10-04,26.4,20.3,8.5,87,16.1,13.96
2004-10-05,26.0,19.7,0.7,84,17.2,14.13
2004-10-06,25.5,19.6,0.0,81,15.3,14.59
2004-10-07,26.6,18.8,0.0,80,13.8,18.62
2004-10-08,26.6,18.2,0.0,79,14.0,20.22
2004-10-09,27.7,15.0,0.0,78,10.6,23.68
2004-10-10,27.7,18.6,0.0,80,10.2,19.86
2004-10-11,28.5,19.3,0.0,79,11.9,21.06
2004-10-12,28.4,19.0,0.0,77,8.1,21.61
2004-10-13,27.9,19.9,0.1,81,8.4,19.24
2004-10-14,28.2,20.9,0.9,82,10.9,15.18
2004-10-15,28.3,20.1,0.0,72,14.7,19.0
2004-10-16,29.0,19.3,0.0,62,14.7,22.73
2004-10-17,29.0,17.2,0.0,56,17.9,23.75
2004-10-18,28.8,17.4,0.0,56,14.1,22.88
2004-10-19,28.5,19.4,0.0,67,14.1,20.62
2004-10-20,29.4,18.7,0.0,62,14.7,21.77
2004-10-21,29.3,18.8,0.0,55,15.2,20.29
2004-10-22,29.5,20.2,0.4,67,18.0,18.16
2004-10-23,29.2,20.8,0.0,64,17.9,19.11
2004-10-24,29.0,20.3,0.0,65,18.4,18.94
2004-10-25,29.1,20.5,0.0,59,19.2,19.99
2004-10-26,29.4,19.2,0.0,59,19.2,20.68
2004-10-27,29.5,20.0,0.2,65,17.3,20.43
2004-10-28,28.8,19.7,0.0,60,14.4,18.06
2004-10-29,28.9,19.5,0.2,63,17.4,18.99
2004-10-30,28.4,19.9,0.0,70,19.1,17.16
2004-10-31,26.4,20.5,0.2,71,23.4,10.21
2004-11-01,27.1,19.9,1.5,74,18.7,11.12
2004-11-02,28.5,19.2,3.0,74,19.6,16.06
2004-11-03,29.5,19.6,0.0,61,15.3,20.81
2004-11-04,29.4,19.3,0.0,50,20.7,21.74
2004-11-05,27.8,15.9,0.0,40,17.9,19.08
2004-11-06,24.2,19.3,1.4,64,14.8,8.68
2004-11-07,27.4,18.5,0.8,76,19.4,12.77
2004-11-08,27.6,20.4,10.1,80,17.7,12.57
2004-11-09,28.0,19.2,0.0,72,13.7,15.39
2004-11-10,29.1,19.5,0.0,68,11.4,17.47
2004-11-11,29.9,18.5,1.1,71,11.2,18.98
2004-11-12,29.7,20.0,0.0,68,13.4,18.51
2004-11-13,30.1,19.7,0.0,60,14.0,18.15
2004-11-14,30.6,17.5,0.0,50,18.8,20.73
2004-11-15,31.1,16.4,0.0,47,15.5,21.36
2004-11-16,31.4,17.4,0.0,50,12.6,18.44
2004-11-17,31.0,18.4,0.0,54,8.9,17.57
2004-11-18,30.5,19.5,0.0,57,11.2,17.51
2004-11-19,31.0,19.3,0.0,46,15.6,20.65
2004-11-20,30.6,16.3,0.0,40,16.5,21.01
2004-11-21,30.3,16.1,0.0,41,18.0,21.05
2004-11-22,29.5,16.1,0.0,42,15.2,21.01
2004-11-23,29.1,16.4,0.0,41,14.1,20.84
2004-11-24,29.5,16.7,0.0,40,16.9,21.01
2004-11-25,28.7,16.1,0.0,39,21.1,21.09
2004-11-26,28.9,16.4,0.0,53,18.8,20.26
2004-11-27,29.6,19.1,0.0,56,22.7,18.4
2004-11-28,29.3,17.4,0.0,42,21.5,20.45
2004-11-29,28.6,15.9,0.0,34,20.1,20.82
2004-11-30,28.6,14.4,0.0,38,13.7,20.71
2004-12-01,28.3,14.4,0.0,37,12.8,20.62
2004-12-02,28.4,15.9,0.0,42,15.1,20.21
2004-12-03,28.6,16.2,0.0,46,17.2,20.2
2004-12-04,28.7,15.6,0.0,39,19.2,20.49
2004-12-05,29.5,14.6,0.0,39,16.2,20.59
2004-12-06,29.0,14.3,0.0,35,15.5,20.65
2004-12-07,29.6,14.1,0.0,35,19.3,20.69
2004-12-08,29.2,16.2,0.0,47,18.6,20.1
2004-12-09,29.9,16.0,0.0,46,17.0,20.27
2004-12-10,30.1,15.7,0.0,39,18.7,20.37
2004-12-11,28.7,15.9,0.0,47,20.7,20.22
2004-12-12,28.7,16.0,0.0,49,20.9,20.25
2004-12-13,28.5,16.1,0.0,48,18.2,20.2
2004-12-14,29.3,16.1,0.0,46,19.6,20.17
2004-12-15,29.5,16.1,0.0,44,17.5,19.88
2004-12-16,30.4,15.4,0.0,46,17.4,20.29
2004-12-17,30.2,14.4,0.0,43,15.5,20.2
2004-12-18,29.8,14.2,0.0,40,15.6,20.35
2004-12-19,29.3,13.9,0.0,37,10.4,20.24
2004-12-20,29.2,12.8,0.0,49,11.3,20.41
2004-12-21,29.3,13.2,0.0,57,10.1,20.22
2004-12-22,28.7,14.5,0.0,60,9.0,19.72
2004-12-23,29.3,14.5,0.0,52,9.5,20.15
2004-12-24,29.3,15.9,0.0,38,14.8,20.18
2004-12-25,28.9,15.5,0.0,42,16.3,20.16
2004-12-26,28.7,15.6,0.0,42,16.2,20.29
2004-12-27,28.8,16.1,0.0,44,16.9,20.29
2004-12-28,28.5,15.8,0.0,47,15.7,20.23
2004-12-29,28.9,16.6,0.0,54,16.0,19.7
2004-12-30,28.9,16.9,0.0,53,15.2,19.55
2004-12-31,29.7,17.0,0.0,49,8.7,18.41
2005-01-01,29.5,17.4,0.0,66,11.6,17.46
2005-01-02,29.3,19.2,0.0,62,9.7,17.08
2005-01-03,29.3,19.2,0.0,61,8.2,16.52
2005-01-04,30.5,18.8,0.0,56,16.4,19.57
2005-01-05,30.3,18.5,0.0,46,14.4,19.13
2005-01-06,30.4,17.7,0.0,43,14.0,20.37
2005-01-07,30.5,17.5,0.0,39,11.0,20.64
2005-01-08,29.9,16.3,0.0,40,14.1,20.59
2005-01-09,30.3,16.1,0.0,41,8.6,20.78
2005-01-10,30.4,18.0,0.0,42,11.2,20.89
2005-01-11,29.2,16.3,0.0,43,10.9,21.0
2005-01-12,30.4,15.4,0.0,37,10.7,21.46
2005-01-13,29.7,15.6,0.0,34,11.3,21.47
2005-01-14,29.8,15.5,0.0,41,11.2,21.43
2005-01-15,29.9,15.7,0.0,41,12.3,21.11
2005-01-16,29.6,15.5,0.0,51,13.0,20.67
2005-01-17,29.0,15.8,0.0,58,11.3,20.42
2005-01-18,28.7,15.9,0.0,45,8.9,20.99
2005-01-19,29.4,16.1,0.0,44,14.1,20.99
2005-01-20,28.7,18.9,0.0,54,18.8,16.88
2005-01-21,29.9,18.6,0.0,48,17.4,20.99
2005-01-22,30.3,18.8,0.0,54,14.8,18.24
2005-01-23,29.3,19.0,0.0,63,12.2,17.17
2005-01-24,30.1,17.2,0.0,47,8.6,21.19
2005-01-25,30.5,17.0,0.0,51,13.0,18.7
2005-01-26,30.1,17.1,0.0,50,13.2,19.5
2005-01-27,29.3,16.1,0.0,55,15.0,18.75
2005-01-28,28.3,17.9,0.8,69,12.1,18.45
2005-01-29,28.8,16.2,0.0,62,17.3,21.06
2005-01-30,28.2,15.2,0.0,63,15.1,20.44
2005-01-31,26.1,16.3,0.0,63,9.8,15.74
2005-02-01,27.4,16.7,0.0,55,16.7,18.18
2005-02-02,28.6,17.3,0.0,53,17.3,18.77
2005-02-03,29.6,19.1,0.0,52,13.2,17.95
2005-02-04,29.5,19.7,0.0,56,10.4,15.57
2005-02-05,31.1,17.6,0.0,53,15.0,19.84
2005-02-06,29.3,18.8,0.0,56,10.7,16.26
2005-02-07,32.1,18.7,0.0,48,13.6,21.99
2005-02-08,32.6,16.5,0.0,35,14.4,23.26
2005-02-09,32.2,16.6,0.0,35,17.1,23.78
2005-02-10,32.5,17.2,0.0,31,18.3,23.82
2005-02-11,32.3,17.3,0.0,30,14.4,23.76
2005-02-12,32.8,17.2,0.0,31,13.2,23.55
2005-02-13,34.0,18.0,0.0,28,14.8,23.91
2005-02-14,33.8,16.9,0.0,28,9.1,23.81
2005-02-15,34.8,19.2,0.0,34,13.4,23.74
2005-02-16,34.4,17.8,0.0,37,13.8,24.13
2005-02-17,33.3,17.7,0.0,48,14.8,23.76
2005-02-18,32.6,16.9,0.0,48,14.6,23.94
2005-02-19,32.0,17.2,0.0,45,13.3,23.79
2005-02-20,31.9,17.1,0.0,41,14.0,23.95
2005-02-21,30.3,16.4,0.0,45,17.1,24.08
2005-02-22,29.9,15.8,0.0,49,12.1,24.34
2005-02-23,31.5,16.6,0.0,47,12.6,23.93
2005-02-24,31.7,17.5,0.0,46,12.6,23.21
2005-02-25,32.8,18.7,0.0,42,11.3,23.93
2005-02-26,33.0,20.7,0.0,42,7.5,22.74
2005-02-27,33.5,20.6,0.0,45,15.1,23.62
2005-02-28,33.7,18.8,0.0,52,15.5,24.66
2005-03-01,33.4,18.8,0.0,46,13.7,24.68
2005-03-02,33.1,19.6,0.0,41,9.7,25.07
2005-03-03,33.4,18.7,0.0,53,12.0,25.12
2005-03-04,33.0,18.2,0.0,59,16.3,24.62
2005-03-05,33.1,19.0,0.0,57,14.6,24.38
2005-03-06,33.0,20.4,0.4,50,16.5,23.52
2005-03-07,31.8,20.7,0.7,54,10.7,19.88
2005-03-08,31.2,20.9,2.5,60,13.6,21.13
2005-03-09,31.3,20.7,0.0,55,14.8,19.9
2005-03-10,31.8,19.7,0.0,50,14.8,21.96
2005-03-11,33.0,17.4,0.0,38,13.9,26.11
2005-03-12,33.4,17.2,0.0,40,15.8,26.14
2005-03-13,33.5,18.9,0.0,39,17.1,25.65
2005-03-14,34.4,20.8,0.0,31,11.9,26.11
2005-03-15,34.8,19.4,0.0,30,11.5,26.62
2005-03-16,35.3,18.2,0.0,37,9.2,26.47
2005-03-17,35.1,20.5,0.0,44,13.1,25.43
2005-03-18,35.6,20.3,0.0,44,13.3,25.47
2005-03-19,35.4,20.7,0.0,48,11.9,25.69
2005-03-20,35.7,20.9,0.0,51,11.7,25.14
2005-03-21,35.3,20.6,0.0,58,15.6,24.2
2005-03-22,35.3,23.2,0.0,47,19.0,23.32
2005-03-23,34.7,19.9,0.0,43,21.5,26.39
2005-03-24,34.1,18.6,0.0,36,12.3,27.54
2005-03-25,34.4,16.8,0.0,54,17.9,27.06
2005-03-26,36.1,19.8,0.0,51,13.0,26.72
2005-03-27,36.7,20.2,0.0,38,12.2,27.2
2005-03-28,37.6,22.5,0.0,37,20.0,26.73
2005-03-29,35.9,19.5,0.0,50,20.9,26.42
2005-03-30,35.9,19.0,0.0,54,18.8,26.89
2005-03-31,34.8,19.6,0.0,58,18.3,26.76
2005-04-01,35.4,18.2,0.0,58,19.9,26.62
2005-04-02,37.0,19.8,0.0,51,12.0,26.81
2005-04-03,35.1,21.4,0.0,49,13.9,20.79
2005-04-04,36.5,23.1,0.0,38,17.4,23.83
2005-04-05,36.3,22.9,0.0,37,17.7,24.01
2005-04-06,35.2,23.3,0.0,46,15.3,24.03
2005-04-07,33.3,23.0,0.0,65,18.9,20.35
2005-04-08,33.4,23.5,0.4,67,20.7,19.68
2005-04-09,36.4,19.9,0.0,54,19.9,26.01
2005-04-10,36.5,19.2,0.0,45,16.8,27.61
2005-04-11,36.9,19.3,0.0,51,14.0,25.52
2005-04-12,34.4,21.4,3.9,61,9.7,21.51
2005-04-13,33.0,22.1,10.6,74,15.0,20.49
2005-04-14,31.1,21.5,7.7,78,13.2,21.43
2005-04-15,31.9,21.6,5.7,76,13.6,22.47
2005-04-16,31.1,22.1,2.7,75,7.3,21.48
2005-04-17,33.3,23.1,0.9,65,8.8,23.86
2005-04-18,34.8,22.4,2.5,60,9.0,24.95
2005-04-19,34.8,22.2,0.0,55,8.2,25.91
2005-04-20,35.2,22.4,1.1,65,15.1,25.08
2005-04-21,33.9,21.1,5.4,71,17.8,23.66
2005-04-22,33.5,22.6,0.9,71,16.1,23.4
2005-04-23,33.0,21.5,2.2,70,13.5,24.04
2005-04-24,32.7,22.5,0.7,74,13.0,19.02
2005-04-25,33.4,23.3,1.6,68,9.4,22.45
2005-04-26,34.4,22.7,2.2,65,12.6,24.78
2005-04-27,33.7,22.7,0.1,67,17.0,24.12
2005-04-28,34.7,21.9,0.0,63,16.8,24.72
2005-04-29,36.2,19.9,0.0,57,16.7,27.52
2005-04-30,36.1,20.4,0.0,42,17.3,27.89
2005-05-01,34.2,20.3,0.0,53,16.9,27.67
2005-05-02,35.9,19.9,0.0,60,18.4,26.26
2005-05-03,33.7,22.1,0.2,65,18.4,22.5
2005-05-04,32.6,22.1,0.1,69,18.4,21.43
2005-05-05,32.7,22.0,0.0,62,18.0,23.11
2005-05-06,33.2,20.9,0.0,58,18.0,24.12
2005-05-07,34.2,21.0,0.1,58,20.5,23.91
2005-05-08,35.4,20.7,0.0,55,21.3,23.32
2005-05-09,34.5,21.2,0.3,62,19.1,23.92
2005-05-10,34.4,21.8,0.6,64,19.1,24.16
2005-05-11,33.8,22.0,0.1,62,15.8,21.55
2005-05-12,36.0,22.7,0.6,61,17.6,23.41
2005-05-13,35.6,22.9,0.1,61,20.5,22.8
2005-05-14,37.5,20.8,0.0,47,18.5,26.94
2005-05-15,37.8,19.9,0.0,56,21.1,27.52
2005-05-16,37.2,20.6,0.0,60,23.2,27.58
2005-05-17,37.9,21.1,0.0,59,24.4,26.47
2005-05-18,37.3,21.6,0.0,56,20.7,26.83
2005-05-19,39.8,21.7,0.0,52,20.0,26.14
2005-05-20,37.8,22.8,0.0,57,18.6,22.55
2005-05-21,35.7,23.4,0.0,62,20.1,22.5
2005-05-22,35.8,23.5,2.7,66,17.0,22.77
2005-05-23,36.4,23.3,0.6,63,17.7,25.05
2005-05-24,35.4,23.0,1.4,66,17.9,23.07
2005-05-25,36.4,23.2,0.0,62,14.4,24.22
2005-05-26,33.7,24.2,1.3,69,17.1,22.26
2005-05-27,32.7,23.1,0.4,67,16.1,19.65
2005-05-28,32.6,22.8,0.3,65,15.3,18.89
2005-05-29,33.0,22.9,9.1,70,11.3,22.34
2005-05-30,30.1,22.1,13.0,81,17.1,17.56
2005-05-31,31.5,22.9,1.7,77,17.9,19.94
2005-06-01,30.0,22.5,11.5,83,14.1,17.55
2005-06-02,29.5,22.5,5.9,81,18.5,17.96
2005-06-03,31.9,21.9,0.0,71,16.9,24.63
2005-06-04,32.8,22.5,0.1,68,14.7,25.71
2005-06-05,30.8,22.7,2.8,71,14.6,22.2
2005-06-06,30.3,22.8,6.1,78,15.2,20.36
2005-06-07,29.5,22.9,9.2,83,18.3,16.78
2005-06-08,29.5,22.4,1.8,82,15.5,18.84
2005-06-09,29.6,22.3,1.4,78,19.9,17.99
2005-06-10,29.1,22.6,1.3,80,19.2,19.23
2005-06-11,29.6,22.3,1.7,80,20.7,21.06
2005-06-12,29.6,22.3,0.7,79,18.1,21.74
2005-06-13,31.2,22.2,0.4,77,21.0,22.31
2005-06-14,29.9,22.4,0.6,77,15.8,20.01
2005-06-15,30.0,21.7,0.4,76,16.4,22.4
2005-06-16,29.7,22.0,0.4,76,16.3,20.52
2005-06-17,29.2,22.2,0.9,80,24.0,18.44
2005-06-18,23.0,21.1,8.9,95,29.7,8.79
2005-06-19,25.7,21.0,23.6,91,27.6,14.95
2005-06-20,24.9,21.3,17.8,92,27.4,11.21
2005-06-21,25.8,20.9,8.9,93,21.0,10.64
2005-06-22,25.5,20.9,3.5,88,23.8,11.87
2005-06-23,25.3,20.8,1.1,90,24.6,10.79
2005-06-24,26.2,21.2,3.9,87,25.2,14.64
2005-06-25,25.6,21.3,1.9,88,26.2,14.49
2005-06-26,25.3,20.7,2.7,90,28.3,13.42
2005-06-27,25.1,20.5,6.9,90,32.6,14.86
2005-06-28,23.4,20.1,17.5,96,26.3,7.42
2005-06-29,23.5,20.6,12.7,94,29.4,10.45
2005-06-30,24.4,20.8,7.8,91,30.1,12.84
2005-07-01,24.4,20.6,9.4,91,30.6,12.58
2005-07-02,24.8,20.8,4.4,87,31.1,15.88
2005-07-03,24.1,20.5,4.9,91,29.6,11.88
2005-07-04,24.2,20.8,7.7,92,30.4,10.47
2005-07-05,25.0,20.9,4.7,89,32.0,14.79
2005-07-06,25.0,21.3,2.1,88,29.1,14.3
2005-07-07,26.9,21.5,0.4,83,24.5,17.43
2005-07-08,27.2,21.3,1.3,81,22.3,17.07
2005-07-09,23.9,21.5,3.3,90,22.7,7.15
2005-07-10,25.3,20.8,0.2,89,22.5,9.68
2005-07-11,25.8,20.7,0.9,88,21.6,14.35
2005-07-12,25.1,21.0,1.7,89,22.0,11.58
2005-07-13,27.7,21.2,4.4,83,16.0,17.64
2005-07-14,28.4,21.4,4.3,83,15.1,18.19
2005-07-15,27.4,20.9,2.2,83,12.4,15.78
2005-07-16,26.8,20.9,9.5,87,10.5,12.31
2005-07-17,24.7,20.8,10.6,92,9.0,9.07
2005-07-18,27.2,21.0,4.0,86,13.8,17.12
2005-07-19,27.0,21.2,11.1,86,15.6,14.64
2005-07-20,26.4,21.6,10.8,86,20.2,14.14
2005-07-21,25.9,21.1,3.0,88,22.5,14.02
2005-07-22,25.1,20.5,4.4,92,23.4,10.93
2005-07-23,24.0,20.6,5.8,93,21.6,7.51
2005-07-24,22.6,20.4,9.5,96,24.4,7.79
2005-07-25,22.7,19.7,19.6,95,26.8,5.76
2005-07-26,21.8,19.8,26.8,97,28.5,4.7
2005-07-27,22.2,20.5,17.1,95,25.7,4.34
2005-07-28,24.4,20.6,6.1,88,30.2,12.67
2005-07-29,24.1,20.3,6.4,88,30.2,13.25
2005-07-30,24.6,20.4,4.9,87,31.7,15.16
2005-07-31,24.7,20.8,4.1,88,31.0,13.28
2005-08-01,23.4,20.4,14.6,91,35.5,9.04
2005-08-02,23.9,20.3,9.1,89,36.1,13.13
2005-08-03,23.7,20.0,6.5,90,27.5,12.41
2005-08-04,23.4,20.7,4.3,88,27.6,12.72
2005-08-05,24.5,20.5,3.9,88,30.9,13.94
2005-08-06,24.2,20.1,3.4,87,30.9,14.15
2005-08-07,24.0,20.4,3.7,89,27.4,9.78
2005-08-08,23.0,20.6,21.5,93,26.9,8.67
2005-08-09,24.9,20.1,6.2,87,24.4,16.05
2005-08-10,25.7,20.4,1.4,86,24.6,15.69
2005-08-11,25.5,20.7,1.7,83,29.4,17.39
2005-08-12,25.6,21.0,1.9,84,28.8,16.85
2005-08-13,25.7,20.5,2.6,86,22.4,15.98
2005-08-14,25.3,20.5,1.7,86,22.4,14.4
2005-08-15,24.8,20.8,1.6,86,25.8,13.87
2005-08-16,24.7,20.2,3.5,89,26.7,14.31
2005-08-17,24.3,20.4,2.1,89,22.0,10.74
2005-08-18,25.2,20.5,1.4,85,24.7,15.81
2005-08-19,24.7,20.3,2.0,88,21.7,12.83
2005-08-20,24.6,20.0,0.7,86,21.9,13.31
2005-08-21,25.4,20.4,0.9,85,19.9,16.99
2005-08-22,26.3,20.1,0.6,81,17.8,17.72
2005-08-23,26.8,19.9,1.6,83,12.7,19.23
2005-08-24,27.1,20.3,1.3,84,13.0,18.94
2005-08-25,25.8,20.6,9.5,87,17.0,15.88
2005-08-26,26.9,19.8,0.8,81,13.6,18.4
2005-08-27,27.1,19.6,1.1,83,13.0,18.96
2005-08-28,28.1,19.6,2.4,83,12.7,21.09
2005-08-29,27.9,20.4,3.6,85,12.2,18.78
2005-08-30,28.6,20.6,7.3,85,11.9,18.27
2005-08-31,25.4,20.9,4.8,90,10.2,10.27
2005-09-01,27.3,20.6,9.9,87,10.5,16.11
2005-09-02,27.9,20.8,20.2,90,12.3,14.7
2005-09-03,27.0,21.3,19.2,89,11.6,11.95
2005-09-04,27.5,21.3,17.8,88,16.0,13.89
2005-09-05,25.1,21.1,1.8,91,19.5,11.88
2005-09-06,26.6,20.0,0.3,82,13.4,13.88
2005-09-07,27.3,20.7,0.3,83,11.8,14.39
2005-09-08,26.5,21.6,19.7,91,13.2,9.9
2005-09-09,25.7,20.9,7.3,90,17.8,12.15
2005-09-10,25.6,21.1,1.1,86,22.6,15.15
2005-09-11,24.8,20.6,3.3,87,29.8,16.26
2005-09-12,24.7,20.3,3.9,88,31.2,14.26
2005-09-13,24.4,20.7,3.3,88,27.7,14.77
2005-09-14,24.7,20.6,4.5,89,27.2,14.39
2005-09-15,24.7,20.3,1.6,88,26.6,15.11
2005-09-16,24.9,20.0,1.7,87,25.3,16.36
2005-09-17,25.7,20.0,0.5,85,22.6,17.4
2005-09-18,25.8,20.0,0.9,83,24.5,16.97
2005-09-19,24.2,20.2,2.1,86,29.3,14.75
2005-09-20,23.6,20.4,1.2,86,30.3,10.59
2005-09-21,23.8,20.5,3.5,91,27.5,7.95
2005-09-22,23.9,20.8,1.2,90,29.5,10.93
2005-09-23,25.0,20.6,0.7,88,21.4,12.41
2005-09-24,24.9,20.2,0.0,86,16.4,12.02
2005-09-25,26.7,20.0,0.1,81,14.0,17.94
2005-09-26,26.8,19.1,0.0,80,11.5,19.35
2005-09-27,27.6,19.6,0.6,83,10.5,19.5
2005-09-28,26.6,20.0,4.8,85,8.2,15.94
2005-09-29,23.8,19.9,4.3,88,9.8,7.68
2005-09-30,26.9,19.7,0.0,81,13.3,19.44
2005-10-01,27.6,18.6,0.0,78,9.0,20.98
2005-10-02,26.6,20.1,4.8,85,10.2,16.86
2005-10-03,25.8,20.2,7.9,89,12.5,13.24
2005-10-04,26.9,19.7,0.2,86,6.6,16.77
2005-10-05,28.1,19.8,0.0,83,7.1,18.18
2005-10-06,28.4,19.9,0.0,74,10.8,21.49
2005-10-07,28.6,19.3,0.0,71,9.4,21.23
2005-10-08,28.7,20.0,3.4,81,11.8,19.83
2005-10-09,28.7,19.3,0.0,74,14.1,21.11
2005-10-10,28.9,17.8,0.0,61,13.7,20.79
2005-10-11,28.5,20.0,17.2,80,18.8,19.0
2005-10-12,27.5,20.1,12.7,87,15.3,15.04
2005-10-13,27.5,20.4,24.1,88,14.6,14.78
2005-10-14,24.1,20.5,17.5,93,15.4,6.24
2005-10-15,26.2,20.6,4.6,89,14.8,12.61
2005-10-16,27.7,19.4,0.0,82,14.9,17.69
2005-10-17,27.5,19.1,4.3,86,12.1,18.46
2005-10-18,27.4,20.3,15.5,86,8.0,16.3
2005-10-19,27.1,19.5,6.0,88,11.3,16.56
2005-10-20,27.9,19.4,0.0,78,11.8,20.62
2005-10-21,27.8,19.0,0.0,70,12.1,21.86
2005-10-22,27.5,17.7,0.0,64,12.7,22.5
2005-10-23,27.1,16.7,0.0,60,13.3,22.46
2005-10-24,27.3,18.0,0.0,64,7.4,19.96
2005-10-25,28.0,18.1,0.0,76,9.0,20.08
2005-10-26,27.4,18.5,7.5,83,7.0,16.61
2005-10-27,26.8,19.7,3.4,84,10.6,15.19
2005-10-28,23.9,19.0,1.2,77,11.1,5.9
2005-10-29,25.6,19.7,3.7,77,15.6,11.24
2005-10-30,24.5,20.2,0.1,69,12.6,10.33
2005-10-31,27.2,20.4,0.0,77,13.2,14.12
2005-11-01,27.0,20.3,1.3,82,5.4,14.52
2005-11-02,26.1,19.3,0.1,83,8.0,14.31
2005-11-03,27.5,19.2,0.0,77,13.5,19.11
2005-11-04,27.2,17.3,0.0,60,18.4,22.04
2005-11-05,27.1,16.6,0.0,57,17.6,21.64
2005-11-06,26.7,18.0,0.0,74,18.5,17.96
2005-11-07,26.2,18.6,0.7,78,19.5,16.66
2005-11-08,26.8,16.9,0.0,63,16.3,21.21
2005-11-09,26.6,15.9,0.0,56,16.5,21.2
2005-11-10,27.5,15.4,0.0,59,14.8,21.83
2005-11-11,27.3,13.0,0.0,60,13.2,22.04
2005-11-12,28.0,14.9,0.0,57,15.0,22.04
2005-11-13,27.6,11.8,0.0,55,14.7,21.91
2005-11-14,27.8,11.9,0.0,53,15.4,21.87
2005-11-15,28.5,13.0,0.0,52,14.3,21.92
2005-11-16,28.7,12.3,0.0,49,16.0,21.99
2005-11-17,28.3,12.5,0.0,47,16.3,21.82
2005-11-18,29.0,12.8,0.0,46,16.2,21.71
2005-11-19,28.8,13.3,0.0,47,14.6,21.43
2005-11-20,29.1,13.6,0.0,45,17.7,21.45
2005-11-21,29.3,15.4,0.0,42,21.7,20.14
2005-11-22,29.3,18.2,0.0,53,25.3,17.98
2005-11-23,27.0,19.7,0.0,70,24.7,10.76
2005-11-24,27.8,19.6,0.0,68,26.4,14.34
2005-11-25,25.5,19.8,0.1,71,23.9,10.41
2005-11-26,27.4,19.3,0.0,58,16.1,14.61
2005-11-27,27.9,15.6,0.0,53,12.6,17.6
2005-11-28,28.6,16.1,0.0,54,17.6,20.14
2005-11-29,28.5,15.0,0.0,54,13.0,19.65
2005-11-30,28.4,15.6,0.0,53,8.4,19.6
2005-12-01,29.7,16.8,0.0,63,9.2,18.79
2005-12-02,28.6,17.2,0.0,60,14.2,15.0
2005-12-03,27.7,20.7,0.0,62,21.6,13.05
2005-12-04,27.9,20.7,0.5,68,22.4,14.07
2005-12-05,29.3,19.6,0.0,63,20.2,17.45
2005-12-06,28.8,18.7,0.0,57,15.2,16.03
2005-12-07,30.5,18.5,0.0,49,14.0,19.48
2005-12-08,29.7,16.5,0.0,35,12.0,20.2
2005-12-09,29.3,13.5,0.0,33,9.8,20.65
2005-12-10,29.9,13.1,0.0,35,10.1,20.46
2005-12-11,29.9,16.7,0.0,51,12.6,18.91
2005-12-12,28.7,17.9,0.0,62,18.0,16.5
2005-12-13,27.8,18.3,0.0,61,17.7,13.12
2005-12-14,29.6,17.5,0.0,46,14.2,19.17
2005-12-15,29.4,15.7,0.0,36,15.1,19.96
2005-12-16,29.4,14.4,0.0,39,14.6,19.91
2005-12-17,29.0,15.1,0.0,28,15.7,20.56
2005-12-18,29.5,14.2,0.0,39,12.6,20.07
2005-12-19,29.5,14.7,0.0,42,10.2,19.93
2005-12-20,29.8,14.9,0.0,49,9.8,19.81
2005-12-21,29.6,15.8,0.0,52,9.2,18.58
2005-12-22,29.3,17.4,0.0,49,12.8,19.64
2005-12-23,28.0,15.0,0.0,58,10.9,19.83
2005-12-24,28.8,14.3,0.0,54,7.3,19.87
2005-12-25,27.4,17.7,0.0,54,18.4,16.91
2005-12-26,27.3,17.1,0.0,44,13.1,19.72
2005-12-27,27.9,14.1,0.0,39,11.5,20.41
2005-12-28,28.5,12.8,0.0,37,11.2,20.62
2005-12-29,28.5,13.2,0.0,43,10.1,20.49
2005-12-30,28.6,13.2,0.0,44,13.0,20.49
2005-12-31,28.0,14.1,0.0,46,18.1,20.35
2006-01-01,28.2,14.3,0.0,48,16.2,20.48
2006-01-02,28.4,14.6,0.0,48,14.0,20.2
2006-01-03,28.5,13.9,0.0,50,11.6,20.37
2006-01-04,28.6,15.4,0.0,48,15.2,20.23
2006-01-05,28.8,15.4,0.0,47,15.5,20.27
2006-01-06,28.3,16.3,0.0,48,17.3,19.56
2006-01-07,28.9,16.0,0.0,43,18.9,20.23
2006-01-08,29.3,17.2,0.0,55,16.5,19.0
2006-01-09,30.4,19.0,0.0,53,14.8,19.45
2006-01-10,30.1,18.8,0.0,54,16.5,20.15
2006-01-11,29.4,17.4,0.0,53,14.5,20.26
2006-01-12,30.3,16.4,0.0,48,13.1,20.85
2006-01-13,30.9,15.3,0.0,46,11.9,20.94
2006-01-14,30.9,16.5,0.0,44,13.4,19.9
2006-01-15,31.1,16.9,0.0,38,17.1,20.49
2006-01-16,31.1,15.9,0.0,39,10.5,20.8
2006-01-17,31.5,15.9,0.0,41,7.1,21.29
2006-01-18,32.0,16.6,0.0,38,11.4,21.47
2006-01-19,32.0,17.2,0.0,36,15.6,21.39
2006-01-20,32.1,16.7,0.0,37,14.9,21.61
2006-01-21,32.0,17.1,0.0,35,10.2,21.69
2006-01-22,30.9,15.5,0.0,46,11.2,21.23
2006-01-23,30.6,16.4,0.0,37,10.6,21.96
2006-01-24,29.0,15.3,0.0,32,15.1,22.24
2006-01-25,28.0,15.2,0.0,31,18.3,22.32
2006-01-26,27.4,14.2,0.0,30,15.9,22.43
2006-01-27,27.8,14.6,0.0,35,18.6,22.04
2006-01-28,28.7,15.0,0.0,37,16.0,22.35
2006-01-29,29.6,13.7,0.0,25,13.0,22.99
2006-01-30,30.1,13.7,0.0,31,13.1,22.81
2006-01-31,30.3,14.3,0.0,32,15.9,22.79
2006-02-01,30.4,14.0,0.0,35,18.0,23.0
2006-02-02,30.9,15.7,0.0,38,17.7,22.87
2006-02-03,30.3,15.9,0.0,39,21.3,22.9
2006-02-04,30.7,16.4,0.0,41,15.9,22.74
2006-02-05,31.0,17.2,0.0,33,17.2,22.91
2006-02-06,31.0,15.1,0.0,29,16.4,23.57
2006-02-07,30.9,15.4,0.0,25,15.9,23.67
2006-02-08,30.1,15.3,0.0,33,10.4,23.38
2006-02-09,30.0,16.1,0.0,29,12.4,23.3
2006-02-10,29.9,15.0,0.0,29,11.9,23.43
2006-02-11,29.9,15.6,0.0,32,19.1,23.67
2006-02-12,29.9,15.5,0.0,30,20.2,23.93
2006-02-13,30.6,14.1,0.0,31,17.7,23.95
2006-02-14,31.0,14.5,0.0,30,10.1,24.11
2006-02-15,31.8,15.5,0.0,33,7.1,24.08
2006-02-16,32.5,15.9,0.0,45,8.4,23.72
2006-02-17,33.4,17.5,0.0,56,8.2,23.34
2006-02-18,34.1,18.2,0.0,49,14.6,23.55
2006-02-19,33.7,18.9,0.0,30,10.9,24.12
2006-02-20,34.6,18.0,0.0,29,14.3,24.43
2006-02-21,34.1,18.3,0.0,29,12.0,24.34
2006-02-22,33.8,18.1,0.0,36,11.9,24.45
2006-02-23,34.5,19.4,0.0,21,16.8,24.75
2006-02-24,34.7,17.7,0.0,20,19.8,25.02
2006-02-25,34.3,17.9,0.0,21,15.1,25.33
2006-02-26,33.8,16.2,0.0,49,11.3,24.63
2006-02-27,33.6,17.1,0.0,54,8.7,23.81
2006-02-28,34.0,19.7,0.0,61,18.3,23.3
2006-03-01,33.2,20.0,0.0,63,18.4,21.19
2006-03-02,33.8,19.7,0.0,62,16.6,23.46
2006-03-03,32.6,21.3,0.0,62,18.4,20.21
2006-03-04,33.5,20.4,0.0,62,17.7,23.61
2006-03-05,33.6,19.7,0.0,49,12.1,25.09
2006-03-06,33.0,18.8,0.0,29,14.5,25.56
2006-03-07,33.3,18.0,0.0,27,17.2,25.73
2006-03-08,33.1,17.9,0.0,31,14.2,24.5
2006-03-09,31.9,19.1,0.0,52,16.8,22.0
2006-03-10,27.7,19.6,4.0,66,17.4,19.15
2006-03-11,29.9,16.5,0.0,55,19.7,26.04
2006-03-12,29.5,13.8,0.0,56,11.0,26.34
2006-03-13,31.6,15.9,0.0,63,19.1,25.96
2006-03-14,30.4,16.6,0.0,64,18.5,25.55
2006-03-15,31.1,17.1,0.0,60,17.6,25.54
2006-03-16,30.9,17.1,0.0,60,17.9,25.4
2006-03-17,32.4,16.0,0.0,55,15.1,26.21
2006-03-18,33.0,16.7,0.0,54,8.0,26.25
2006-03-19,33.9,20.8,0.0,47,14.2,23.75
2006-03-20,33.8,21.5,0.0,49,9.4,23.04
2006-03-21,36.0,22.7,0.0,48,10.5,25.24
2006-03-22,35.3,22.4,0.0,48,16.5,22.62
2006-03-23,36.4,22.8,0.0,37,19.4,25.89
2006-03-24,36.3,20.6,0.0,53,13.1,26.14
2006-03-25,36.0,20.1,0.0,54,19.0,24.83
2006-03-26,35.1,21.4,0.0,59,20.7,22.0
2006-03-27,34.2,21.4,0.0,46,15.8,22.44
2006-03-28,35.9,19.1,0.0,36,14.8,25.79
2006-03-29,35.9,22.3,0.0,40,13.1,22.41
2006-03-30,35.1,20.6,0.0,58,14.8,22.15
2006-03-31,33.2,21.0,0.0,63,15.6,20.64
2006-04-01,32.7,22.4,0.0,62,14.8,20.49
2006-04-02,33.5,22.3,0.0,57,18.4,20.22
2006-04-03,36.2,21.1,0.0,46,15.9,26.28
2006-04-04,36.2,20.6,0.0,34,14.0,27.16
2006-04-05,36.8,19.7,0.0,44,14.2,26.26
2006-04-06,36.4,20.8,0.0,57,22.7,24.33
2006-04-07,35.5,21.7,0.0,59,19.8,21.67
2006-04-08,37.1,21.2,0.0,55,20.3,25.33
2006-04-09,37.5,20.5,0.0,56,21.3,26.9
2006-04-10,35.9,21.1,0.0,59,20.4,23.42
2006-04-11,35.6,21.4,0.0,61,19.5,24.86
2006-04-12,35.8,21.1,0.0,60,19.8,25.44
2006-04-13,35.7,22.1,0.0,56,20.8,23.95
2006-04-14,36.4,21.0,0.0,54,16.3,25.06
2006-04-15,34.8,21.8,0.0,63,18.1,24.0
2006-04-16,32.9,22.1,4.5,72,17.6,21.42
2006-04-17,32.5,20.8,0.3,66,18.4,23.36
2006-04-18,34.0,20.4,0.0,52,12.8,27.81
2006-04-19,34.2,19.1,0.0,55,13.5,26.42
2006-04-20,34.5,19.8,0.0,53,11.4,24.56
2006-04-21,34.3,21.6,0.0,52,13.0,22.15
2006-04-22,33.5,22.2,0.0,55,15.8,20.39
2006-04-23,34.2,23.1,0.0,52,13.5,20.07
2006-04-24,36.2,23.9,0.0,48,15.0,21.0
2006-04-25,36.3,21.9,0.0,55,23.2,24.94
2006-04-26,36.5,21.3,0.0,55,19.8,26.78
2006-04-27,37.1,20.9,0.0,56,19.1,25.28
2006-04-28,37.4,20.8,0.0,57,22.4,25.93
2006-04-29,36.4,20.1,0.0,58,21.5,25.94
2006-04-30,35.7,20.6,0.0,59,20.3,25.09
2006-05-01,36.5,20.8,0.0,57,17.6,23.92
2006-05-02,38.1,23.8,0.0,53,19.5,22.57
2006-05-03,35.1,22.4,1.5,65,12.5,22.69
2006-05-04,35.7,24.0,3.6,67,12.7,22.97
2006-05-05,34.0,23.5,2.6,72,15.3,22.15
2006-05-06,34.4,22.1,1.5,67,15.3,23.84
2006-05-07,33.9,22.0,1.6,69,15.9,23.97
2006-05-08,35.1,21.8,0.4,69,15.5,25.27
2006-05-09,35.4,22.7,0.6,68,18.7,24.56
2006-05-10,31.6,22.6,0.0,73,15.6,18.29
2006-05-11,35.6,22.1,0.0,62,19.7,24.13
2006-05-12,36.0,21.9,0.0,62,19.1,26.23
2006-05-13,35.8,21.1,0.0,65,19.6,25.93
2006-05-14,36.1,21.1,0.0,62,21.0,25.54
2006-05-15,36.6,21.0,0.0,60,20.4,26.85
2006-05-16,37.8,21.4,0.0,59,19.6,26.51
2006-05-17,36.1,22.5,0.0,63,22.5,24.81
2006-05-18,36.8,22.0,0.0,61,22.1,25.22
2006-05-19,33.3,22.6,0.0,62,20.6,23.39
2006-05-20,33.8,21.5,0.0,62,20.9,24.8
2006-05-21,34.4,21.3,0.0,60,23.0,27.08
2006-05-22,32.7,21.8,0.1,67,19.8,23.16
2006-05-23,33.3,22.2,0.5,69,21.9,23.34
2006-05-24,32.2,22.1,4.2,71,19.4,20.96
2006-05-25,30.2,22.3,0.9,72,21.3,19.93
2006-05-26,30.8,21.9,4.7,79,20.3,17.73
2006-05-27,29.2,21.7,24.3,90,15.2,12.14
2006-05-28,26.6,21.7,17.7,91,15.3,10.24
2006-05-29,27.7,20.6,29.2,90,30.6,12.0
2006-05-30,22.9,20.8,71.7,95,25.0,3.72
2006-05-31,23.4,20.1,30.0,94,24.8,7.55
2006-06-01,21.9,20.5,18.9,96,27.6,5.27
2006-06-02,21.9,20.2,31.5,98,23.8,3.52
2006-06-03,24.1,20.1,20.4,97,25.8,7.48
2006-06-04,24.2,20.0,10.5,93,22.3,8.82
2006-06-05,24.4,20.8,5.2,95,17.0,8.06
2006-06-06,27.4,20.7,0.6,83,18.1,17.77
2006-06-07,27.4,20.9,0.4,81,17.8,20.06
2006-06-08,28.3,20.9,0.1,79,15.8,20.85
2006-06-09,27.9,20.1,0.9,82,15.6,20.47
2006-06-10,26.5,21.2,1.0,85,16.9,18.15
2006-06-11,27.9,21.0,1.2,81,16.3,19.6
2006-06-12,27.6,21.1,0.5,80,16.8,17.87
2006-06-13,27.9,20.6,0.0,78,14.9,18.81
2006-06-14,28.3,20.9,0.6,81,13.3,21.29
2006-06-15,29.4,21.4,2.7,82,14.2,20.74
2006-06-16,28.2,21.7,6.7,85,15.8,16.37
2006-06-17,28.3,20.9,4.6,84,14.8,18.4
2006-06-18,29.4,21.3,1.0,81,12.0,22.05
2006-06-19,29.8,21.9,8.1,84,16.6,19.63
2006-06-20,28.3,21.8,26.3,88,12.9,13.38
2006-06-21,29.1,21.3,8.2,86,17.5,16.58
2006-06-22,28.9,21.5,6.3,84,10.7,18.27
2006-06-23,27.7,21.2,5.9,87,14.7,15.65
2006-06-24,24.6,21.2,8.1,95,25.8,9.05
2006-06-25,23.1,21.0,15.2,95,25.8,8.62
2006-06-26,24.9,21.2,9.1,92,29.8,14.26
2006-06-27,25.5,21.1,4.1,90,26.3,13.87
2006-06-28,25.2,21.2,4.8,89,24.6,14.08
2006-06-29,25.6,21.2,2.1,89,28.1,14.41
2006-06-30,25.3,21.1,2.0,87,30.9,14.25
2006-07-01,24.8,21.1,6.8,88,31.0,14.45
2006-07-02,25.0,21.4,12.8,89,34.6,13.2
2006-07-03,24.7,21.3,8.4,89,33.0,13.39
2006-07-04,24.1,21.0,5.9,89,36.0,8.44
2006-07-05,24.4,20.6,6.9,89,35.1,15.48
2006-07-06,24.9,20.5,3.6,87,30.1,16.19
2006-07-07,25.4,20.6,3.2,86,22.1,17.33
2006-07-08,26.3,21.1,0.6,85,25.3,16.39
2006-07-09,25.2,21.1,1.3,86,27.7,17.04
2006-07-10,25.9,21.0,2.0,85,28.9,18.45
2006-07-11,25.1,21.0,2.6,86,29.2,15.85
2006-07-12,25.4,21.0,2.8,86,29.3,16.12
2006-07-13,24.9,21.0,3.9,87,24.7,15.04
2006-07-14,25.3,20.9,2.4,86,28.2,16.94
2006-07-15,26.0,21.5,1.8,85,30.2,18.37
2006-07-16,25.5,21.2,1.1,84,29.7,18.69
2006-07-17,25.8,20.7,1.4,85,30.1,18.64
2006-07-18,24.5,20.6,2.4,87,31.0,15.95
2006-07-19,24.9,20.2,1.6,88,29.7,14.72
2006-07-20,25.2,20.4,1.1,86,28.1,14.52
2006-07-21,24.5,20.5,2.3,87,27.9,14.27
2006-07-22,24.5,20.6,5.2,88,30.4,15.01
2006-07-23,24.0,20.4,4.9,90,25.4,12.82
2006-07-24,25.8,20.5,1.1,85,23.2,16.22
2006-07-25,25.9,20.3,4.2,85,20.9,14.85
2006-07-26,26.4,21.0,0.7,83,25.6,17.53
2006-07-27,23.2,20.3,10.0,91,25.1,11.25
2006-07-28,23.7,20.3,5.1,89,30.4,10.96
2006-07-29,22.6,20.3,17.1,92,26.9,7.68
2006-07-30,23.1,20.1,10.5,91,27.0,8.13
2006-07-31,24.0,20.3,3.8,88,28.8,12.85
2006-08-01,25.1,20.4,3.5,87,29.2,17.23
2006-08-02,25.0,20.1,1.1,82,28.8,17.3
2006-08-03,24.1,20.4,0.5,84,31.1,11.72
2006-08-04,21.6,20.4,15.0,95,22.3,4.95
2006-08-05,21.7,20.3,9.8,95,21.6,5.23
2006-08-06,23.3,20.2,8.8,94,22.1,7.84
2006-08-07,23.0,20.3,5.9,94,25.0,8.44
2006-08-08,23.2,20.3,7.2,94,21.9,8.09
2006-08-09,24.6,20.2,3.7,89,27.4,14.36
2006-08-10,24.2,20.5,14.0,91,26.0,11.42
2006-08-11,24.7,20.5,7.4,89,28.8,15.83
2006-08-12,24.8,20.6,3.2,89,26.9,13.03
2006-08-13,23.4,20.7,3.6,92,26.7,9.21
2006-08-14,25.1,20.7,3.9,87,29.9,16.22
2006-08-15,24.3,20.4,5.1,89,28.6,13.73
2006-08-16,25.4,20.9,5.8,88,31.5,14.65
2006-08-17,22.1,20.5,7.3,93,23.9,7.35
2006-08-18,25.4,20.4,1.7,87,25.9,16.77
2006-08-19,25.7,20.4,0.4,85,21.7,16.49
2006-08-20,25.8,20.7,0.0,85,18.4,12.74
2006-08-21,27.0,20.8,0.4,81,18.5,16.35
2006-08-22,27.1,20.7,0.5,80,19.1,17.99
2006-08-23,26.3,20.6,0.9,82,17.8,15.81
2006-08-24,25.7,20.6,0.0,82,19.1,12.65
2006-08-25,27.2,20.4,0.0,79,14.1,16.37
2006-08-26,26.9,20.2,1.1,81,17.6,17.78
2006-08-27,25.7,20.1,0.6,82,22.5,16.19
2006-08-28,25.4,20.1,2.0,83,22.9,16.11
2006-08-29,25.2,20.3,1.3,84,21.7,14.32
2006-08-30,26.0,20.6,1.6,84,20.1,16.66
2006-08-31,26.5,20.3,0.5,81,18.8,15.71
2006-09-01,26.1,20.3,0.3,82,20.9,16.73
2006-09-02,27.8,19.4,0.0,79,12.8,19.68
2006-09-03,28.3,19.6,0.0,76,12.3,21.08
2006-09-04,28.7,20.0,0.0,76,16.4,21.56
2006-09-05,27.7,20.0,0.0,79,14.1,18.21
2006-09-06,28.3,20.8,0.5,79,13.1,19.44
2006-09-07,29.1,20.9,0.0,78,9.3,19.59
2006-09-08,29.5,21.3,9.3,82,11.0,19.88
2006-09-09,29.3,20.6,9.3,85,12.9,20.79
2006-09-10,29.5,20.9,0.3,79,14.2,21.83
2006-09-11,28.3,20.8,4.7,84,14.6,18.39
2006-09-12,27.6,20.6,3.2,86,10.7,14.14
2006-09-13,26.6,21.0,9.2,88,15.5,14.35
2006-09-14,25.6,21.0,11.8,91,16.3,8.99
2006-09-15,23.6,20.5,4.7,94,20.9,8.26
2006-09-16,24.3,20.3,5.8,93,24.6,11.64
2006-09-17,21.9,20.5,12.5,97,24.0,5.4
2006-09-18,24.4,20.3,3.6,91,23.9,11.66
2006-09-19,25.2,20.7,1.5,88,22.9,14.91
2006-09-20,24.3,20.7,1.9,90,24.2,11.93
2006-09-21,24.6,20.5,0.7,89,24.1,13.53
2006-09-22,24.5,20.6,0.7,88,23.9,12.59
2006-09-23,26.7,20.8,0.8,86,16.4,15.99
2006-09-24,26.6,20.6,1.5,84,14.7,16.61
2006-09-25,26.2,20.6,0.5,85,15.5,13.34
2006-09-26,26.9,20.7,1.7,84,16.6,15.99
2006-09-27,27.4,19.1,0.0,79,13.7,20.09
2006-09-28,26.7,19.7,0.0,81,10.7,17.19
2006-09-29,27.3,20.5,0.4,85,11.7,15.31
2006-09-30,28.2,21.0,1.7,85,18.4,18.25
2006-10-01,25.6,21.2,1.3,88,22.7,13.23
2006-10-02,23.4,20.6,27.2,97,17.1,6.02
2006-10-03,25.9,20.5,4.9,93,17.2,12.39
2006-10-04,26.2,21.0,3.3,89,20.8,15.02
2006-10-05,27.0,20.7,0.7,84,18.5,15.21
2006-10-06,26.7,20.7,5.9,86,17.0,15.8
2006-10-07,26.9,20.4,7.8,87,12.7,13.75
2006-10-08,25.4,20.5,17.6,90,11.3,10.73
2006-10-09,26.9,20.5,2.6,88,9.8,15.66
2006-10-10,27.7,20.2,0.5,84,6.5,19.75
2006-10-11,27.8,20.3,0.0,78,10.2,19.16
2006-10-12,27.5,19.4,0.0,77,10.7,18.53
2006-10-13,27.6,18.8,0.0,71,11.9,17.32
2006-10-14,27.9,19.6,0.2,71,12.3,20.6
2006-10-15,28.7,20.2,0.2,68,13.1,21.64
2006-10-16,28.7,21.0,0.3,69,13.4,20.07
2006-10-17,28.6,20.5,1.4,73,15.1,20.31
2006-10-18,29.0,19.8,0.5,75,12.1,21.06
2006-10-19,29.1,19.1,0.0,70,12.2,22.01
2006-10-20,29.0,19.1,0.0,69,13.3,19.95
2006-10-21,29.5,19.2,0.0,66,14.4,21.06
2006-10-22,29.4,18.4,0.0,60,14.4,20.62
2006-10-23,28.9,18.5,0.0,57,13.3,20.57
2006-10-24,28.6,19.2,0.0,56,16.6,20.19
2006-10-25,29.0,19.6,0.0,56,18.1,20.26
2006-10-26,29.5,19.7,0.0,54,17.5,20.83
2006-10-27,28.7,20.0,0.4,63,17.8,19.48
2006-10-28,27.2,20.0,0.1,72,20.5,15.77
2006-10-29,27.4,20.6,0.5,75,17.1,13.7
2006-10-30,28.6,20.4,0.0,70,16.3,15.45
2006-10-31,28.6,19.6,0.2,72,12.8,15.48
2006-11-01,28.3,20.1,1.1,74,11.0,17.18
2006-11-02,26.1,20.1,23.5,87,13.4,10.03
2006-11-03,25.5,20.1,7.2,87,13.8,9.9
2006-11-04,26.6,19.6,3.4,83,17.3,14.66
2006-11-05,26.4,19.6,2.4,83,14.9,13.01
2006-11-06,24.5,19.9,3.6,87,10.5,9.22
2006-11-07,25.5,18.8,15.4,88,8.1,14.38
2006-11-08,25.5,17.6,2.4,85,14.4,15.08
2006-11-09,25.9,17.9,0.7,83,15.2,15.55
2006-11-10,26.3,17.8,0.0,75,20.3,17.28
2006-11-11,26.6,17.2,0.0,72,20.0,20.49
2006-11-12,26.5,16.8,0.0,70,17.3,19.06
2006-11-13,26.7,17.1,0.0,67,15.7,18.63
2006-11-14,26.7,18.4,0.0,71,19.8,16.72
2006-11-15,26.9,18.8,0.0,73,21.3,15.31
2006-11-16,27.1,19.0,0.0,74,21.3,15.7
2006-11-17,26.9,19.2,0.0,72,22.1,13.63
2006-11-18,26.8,19.1,0.1,73,21.2,13.54
2006-11-19,27.4,19.8,0.5,76,19.5,14.26
2006-11-20,28.1,19.2,0.0,72,15.3,18.19
2006-11-21,27.7,19.5,0.0,68,14.9,16.93
2006-11-22,28.3,19.4,0.0,69,9.8,18.22
2006-11-23,26.6,19.3,1.8,76,9.0,11.39
2006-11-24,28.2,19.7,0.9,80,9.6,15.23
2006-11-25,28.2,19.9,0.7,68,8.9,16.26
2006-11-26,28.3,19.8,0.0,70,7.3,17.42
2006-11-27,29.0,19.9,0.7,71,10.6,15.96
2006-11-28,28.8,19.4,0.0,69,9.5,16.95
2006-11-29,29.4,19.3,0.0,59,13.5,18.47
2006-11-30,29.1,17.6,0.0,55,17.5,20.24
2006-12-01,28.5,16.8,0.0,53,13.7,20.34
2006-12-02,28.4,15.2,0.0,50,14.7,20.52
2006-12-03,28.8,14.9,0.0,58,17.7,19.53
2006-12-04,28.9,18.1,0.0,62,17.0,19.35
2006-12-05,28.8,16.1,0.0,56,14.8,19.77
2006-12-06,27.8,18.3,0.0,53,17.1,18.33
2006-12-07,28.3,15.1,0.0,51,20.3,20.09
2006-12-08,28.7,15.3,0.0,48,19.2,20.39
2006-12-09,28.2,15.7,0.0,48,19.5,20.56
2006-12-10,28.6,14.5,0.0,50,16.6,20.35
2006-12-11,28.8,17.5,0.0,62,12.6,14.02
2006-12-12,28.5,19.6,0.0,66,13.8,15.27
2006-12-13,29.5,19.5,0.0,60,15.0,17.96
2006-12-14,29.1,18.0,0.0,53,18.4,19.57
2006-12-15,29.8,16.2,0.0,47,19.4,20.18
2006-12-16,29.2,16.3,0.0,40,22.5,19.99
2006-12-17,28.3,16.0,0.0,39,22.3,20.42
2006-12-18,28.7,13.6,0.0,49,16.0,20.26
2006-12-19,28.7,13.3,0.0,44,13.1,19.0
2006-12-20,28.0,14.7,0.0,49,16.6,19.79
2006-12-21,27.3,15.7,0.0,54,18.8,18.6
2006-12-22,27.2,17.3,0.0,62,20.9,18.22
2006-12-23,26.3,16.8,0.0,65,17.3,16.3
2006-12-24,27.4,15.6,0.0,57,16.7,19.95
2006-12-25,27.8,15.7,0.0,57,12.8,19.85
2006-12-26,28.8,14.6,0.0,56,15.6,20.13
2006-12-27,28.8,14.9,0.0,51,12.6,20.15
2006-12-28,28.6,15.0,0.0,43,13.5,20.39
2006-12-29,27.9,14.1,0.0,44,14.9,20.42
2006-12-30,27.9,13.9,0.0,46,10.5,20.25
2006-12-31,27.8,15.0,0.0,48,9.7,20.27
2007-01-01,27.9,14.0,0.0,47,14.1,20.36
2007-01-02,27.6,13.8,0.0,48,10.6,20.46
2007-01-03,27.8,14.3,0.0,49,13.9,20.47
2007-01-04,27.7,13.7,0.0,46,11.2,20.71
2007-01-05,28.0,13.6,0.0,43,10.7,20.76
2007-01-06,28.5,15.8,0.0,47,13.4,20.58
2007-01-07,27.9,15.4,0.0,53,14.8,20.58
2007-01-08,27.7,14.9,0.0,50,16.9,20.76
2007-01-09,28.1,14.9,0.0,47,19.5,21.18
2007-01-10,28.0,15.2,0.0,49,15.5,20.84
2007-01-11,28.4,14.2,0.0,49,15.2,20.99
2007-01-12,29.0,15.1,0.0,52,13.9,20.47
2007-01-13,29.2,15.1,0.0,47,10.6,21.07
2007-01-14,29.3,14.4,0.0,46,11.2,21.32
2007-01-15,29.6,14.8,0.0,41,9.7,21.44
2007-01-16,29.7,14.3,0.0,40,8.3,21.32
2007-01-17,30.1,14.3,0.0,45,8.0,21.34
2007-01-18,29.6,15.6,0.0,43,14.6,20.99
2007-01-19,29.1,15.2,0.0,47,12.3,21.14
2007-01-20,29.9,15.8,0.0,44,11.2,21.34
2007-01-21,31.1,15.9,0.0,41,12.4,21.59
2007-01-22,30.8,16.6,0.0,39,8.6,21.52
2007-01-23,30.9,16.1,0.0,38,9.2,21.72
2007-01-24,30.8,17.0,0.0,37,13.0,21.66
2007-01-25,29.8,17.3,0.0,47,15.5,21.43
2007-01-26,29.8,17.0,0.0,50,12.1,21.47
2007-01-27,30.5,16.3,0.0,43,12.2,21.55
2007-01-28,31.0,20.1,0.0,44,14.0,20.76
2007-01-29,30.4,19.6,0.0,46,14.2,20.32
2007-01-30,30.9,19.1,0.0,44,12.3,21.15
2007-01-31,31.2,19.1,0.0,35,11.5,21.06
2007-02-01,32.0,16.0,0.0,30,15.0,22.29
2007-02-02,30.8,17.7,0.0,34,13.7,22.37
2007-02-03,30.4,16.9,0.0,42,13.3,22.43
2007-02-04,29.1,16.5,0.0,62,10.9,21.77
2007-02-05,30.1,16.3,0.0,54,11.2,22.41
2007-02-06,30.5,16.2,0.0,54,10.1,22.5
2007-02-07,30.7,17.3,0.0,49,10.8,22.23
2007-02-08,30.7,16.7,0.0,46,8.8,22.37
2007-02-09,31.3,17.9,0.0,44,15.1,22.95
2007-02-10,29.8,17.0,0.0,43,14.8,22.55
2007-02-11,29.6,15.7,0.0,63,15.0,22.24
2007-02-12,29.7,16.4,0.0,62,18.3,21.93
2007-02-13,28.0,15.9,0.0,61,16.3,22.21
2007-02-14,28.3,14.6,0.0,55,10.4,23.46
2007-02-15,29.4,14.8,0.0,50,15.5,23.69
2007-02-16,30.5,14.4,0.0,47,11.4,23.56
2007-02-17,29.9,16.4,0.0,55,13.7,19.41
2007-02-18,30.0,17.8,0.0,52,12.6,18.23
2007-02-19,30.5,20.4,0.0,47,19.2,18.89
2007-02-20,31.1,19.5,0.0,43,19.0,23.55
2007-02-21,30.5,18.4,0.0,33,17.3,24.17
2007-02-22,30.8,17.1,0.0,31,18.8,24.41
2007-02-23,30.7,16.6,0.0,28,16.1,24.83
2007-02-24,30.7,16.0,0.0,31,13.1,24.99
2007-02-25,31.2,14.8,0.0,56,9.4,24.32
2007-02-26,32.2,17.0,0.0,50,11.4,24.57
2007-02-27,32.7,17.1,0.0,48,13.3,24.4
2007-02-28,33.3,19.3,0.0,47,18.5,23.85
2007-03-01,31.6,17.5,0.0,54,19.0,23.7
2007-03-02,30.4,15.7,0.0,51,13.4,25.58
2007-03-03,32.2,16.1,0.0,45,9.6,25.15
2007-03-04,33.2,18.0,0.0,39,15.6,24.02
2007-03-05,33.2,20.8,0.0,48,13.5,22.22
2007-03-06,33.6,19.4,0.0,54,16.0,24.32
2007-03-07,32.8,20.0,0.0,56,18.6,23.87
2007-03-08,32.5,18.7,0.0,49,16.1,25.35
2007-03-09,32.9,17.6,0.0,44,16.3,25.44
2007-03-10,33.3,19.0,0.0,36,14.3,25.54
2007-03-11,33.6,19.0,0.0,44,18.2,25.06
2007-03-12,32.8,19.6,0.0,57,15.1,22.24
2007-03-13,33.7,19.4,0.0,50,11.9,24.41
2007-03-14,34.3,21.4,0.0,41,17.1,24.8
2007-03-15,34.6,21.0,0.0,44,11.5,22.77
2007-03-16,34.2,21.4,0.0,45,15.8,23.05
2007-03-17,34.5,21.2,0.0,49,11.2,24.15
2007-03-18,34.5,21.7,0.0,57,14.9,23.76
2007-03-19,34.7,21.4,0.0,60,17.2,23.0
2007-03-20,34.1,20.9,0.0,59,20.0,20.78
2007-03-21,34.5,21.8,0.1,56,18.6,23.11
2007-03-22,32.7,21.1,0.4,59,11.7,20.13
2007-03-23,35.1,22.6,0.0,43,12.7,23.34
2007-03-24,35.3,22.9,0.0,54,17.8,22.91
2007-03-25,36.2,21.7,0.0,46,16.0,21.15
2007-03-26,34.6,22.3,0.0,52,16.3,20.52
2007-03-27,34.1,22.3,0.0,57,10.1,22.33
2007-03-28,33.6,23.1,0.0,61,15.4,19.6
2007-03-29,36.1,22.8,0.0,58,12.0,23.75
2007-03-30,35.3,21.5,0.0,60,9.2,23.62
2007-03-31,36.1,22.1,0.0,55,10.1,26.88
2007-04-01,36.3,21.5,0.0,57,10.8,26.14
2007-04-02,34.0,21.9,0.0,61,13.6,22.48
2007-04-03,35.3,23.1,0.0,60,16.8,22.48
2007-04-04,37.6,23.3,0.0,45,11.9,25.71
2007-04-05,37.5,23.0,0.0,48,14.8,24.33
2007-04-06,36.5,22.5,0.0,54,11.5,23.52
2007-04-07,34.9,22.8,0.0,61,17.3,22.49
2007-04-08,34.3,23.0,0.0,62,13.7,22.47
2007-04-09,34.6,22.6,0.2,64,18.2,22.47
2007-04-10,34.7,22.6,0.0,60,17.6,22.8
2007-04-11,34.7,22.5,0.0,59,17.9,22.63
2007-04-12,34.8,21.8,0.0,61,15.0,22.38
2007-04-13,35.8,20.9,0.1,52,11.5,25.01
2007-04-14,35.1,22.4,0.8,54,9.5,23.21
2007-04-15,34.8,21.9,0.0,59,10.5,23.22
2007-04-16,35.0,21.9,0.9,58,11.1,23.28
2007-04-17,34.1,22.4,1.7,70,20.6,22.08
2007-04-18,32.7,22.1,2.4,72,15.2,21.49
2007-04-19,33.7,22.3,2.4,68,15.5,23.48
2007-04-20,32.0,22.4,1.7,72,16.5,22.39
2007-04-21,34.7,22.7,0.2,66,17.2,23.59
2007-04-22,33.9,22.5,0.0,65,15.2,23.27
2007-04-23,36.1,20.6,0.0,53,14.0,27.45
2007-04-24,36.7,19.6,0.0,51,15.2,27.38
2007-04-25,37.9,21.4,0.0,42,13.1,26.58
2007-04-26,36.7,22.8,0.0,48,18.4,22.51
2007-04-27,35.5,22.4,0.0,62,16.6,22.74
2007-04-28,35.4,23.5,3.7,70,18.5,22.18
2007-04-29,35.2,23.4,3.2,70,18.4,22.13
2007-04-30,33.7,23.4,1.3,72,14.0,21.14
2007-05-01,33.4,23.4,2.4,70,16.8,23.05
2007-05-02,35.3,22.7,0.0,70,20.8,23.88
2007-05-03,35.1,23.3,1.8,72,20.8,23.22
2007-05-04,35.1,22.7,0.0,68,19.0,24.09
2007-05-05,35.4,23.2,0.3,68,18.6,23.58
2007-05-06,35.6,23.2,0.6,68,20.4,24.43
2007-05-07,31.1,23.4,1.9,73,15.7,19.13
2007-05-08,33.6,23.0,0.2,69,18.7,23.9
2007-05-09,33.3,22.0,0.0,66,20.4,25.57
2007-05-10,33.3,22.0,0.0,66,18.4,23.48
2007-05-11,34.7,22.1,0.4,67,20.6,23.56
2007-05-12,34.2,22.2,0.3,65,21.9,24.86
2007-05-13,36.2,21.6,0.1,61,21.5,26.1
2007-05-14,34.2,22.2,0.0,63,20.7,24.52
2007-05-15,34.2,21.2,0.0,61,19.9,26.43
2007-05-16,34.7,19.9,0.0,58,17.9,27.99
2007-05-17,34.9,20.7,0.0,61,20.3,27.42
2007-05-18,33.7,22.0,0.0,67,18.5,23.61
2007-05-19,34.4,21.7,0.2,65,20.0,24.26
2007-05-20,34.6,21.7,0.0,63,19.1,25.78
2007-05-21,33.8,22.0,0.2,65,19.5,24.05
2007-05-22,32.4,22.2,1.4,70,20.6,21.51
2007-05-23,34.3,22.7,0.5,67,19.5,23.21
2007-05-24,32.7,22.8,0.5,68,15.8,21.4
2007-05-25,32.4,22.7,4.0,75,20.8,18.91
2007-05-26,32.3,22.5,2.8,75,22.7,20.9
2007-05-27,28.7,22.0,4.4,82,14.6,14.25
2007-05-28,25.9,21.6,3.7,84,15.3,11.39
2007-05-29,28.9,21.1,8.9,82,12.0,16.41
2007-05-30,31.0,20.5,5.8,81,9.8,19.21
2007-05-31,31.3,22.3,2.5,78,14.8,22.19
2007-06-01,29.9,21.9,0.3,76,17.9,20.47
2007-06-02,29.8,22.1,1.4,78,20.0,18.67
2007-06-03,29.9,22.2,1.4,76,19.4,19.29
2007-06-04,32.6,22.6,0.4,73,16.8,22.66
2007-06-05,33.0,22.3,0.3,73,18.5,23.13
2007-06-06,31.4,23.2,0.3,72,17.9,17.92
2007-06-07,29.2,23.2,1.0,72,13.0,12.64
2007-06-08,30.7,22.6,4.0,76,14.4,16.23
2007-06-09,30.1,22.5,3.4,81,18.5,18.82
2007-06-10,27.3,22.6,2.2,81,19.5,13.29
2007-06-11,29.2,22.4,1.6,79,17.0,16.29
2007-06-12,29.8,22.5,1.8,80,17.2,17.7
2007-06-13,28.7,22.4,11.0,85,16.6,13.86
2007-06-14,28.2,22.5,1.1,81,17.6,13.63
2007-06-15,27.2,22.1,0.9,83,20.0,13.49
2007-06-16,26.7,21.6,1.8,86,28.6,15.81
2007-06-17,26.4,21.2,1.5,86,29.3,14.72
2007-06-18,26.6,21.3,1.9,86,27.9,14.33
2007-06-19,25.9,21.3,9.2,89,19.7,12.61
2007-06-20,24.4,20.9,2.3,89,18.8,7.14
2007-06-21,26.2,21.3,11.1,90,19.5,10.46
2007-06-22,25.4,21.5,10.8,92,24.2,8.17
2007-06-23,22.5,21.1,58.6,95,33.7,2.97
2007-06-24,23.6,20.9,25.4,93,29.5,8.28
2007-06-25,24.8,20.9,6.4,89,29.7,13.41
2007-06-26,25.3,21.0,2.8,88,26.3,13.28
2007-06-27,24.6,21.0,3.5,89,28.1,11.49
2007-06-28,24.3,21.0,5.6,92,28.1,10.75
2007-06-29,21.8,20.9,43.8,94,29.2,3.71
2007-06-30,23.0,21.0,19.5,94,30.8,5.67
2007-07-01,24.9,21.3,8.3,91,34.8,14.26
2007-07-02,25.6,21.3,5.3,89,35.7,15.95
2007-07-03,25.5,21.2,5.7,88,35.9,16.6
2007-07-04,24.9,21.0,4.7,88,30.3,15.23
2007-07-05,25.3,21.0,3.3,87,32.4,16.06
2007-07-06,25.5,21.5,2.1,87,34.1,14.97
2007-07-07,25.1,21.3,1.6,87,35.1,15.37
2007-07-08,23.9,20.7,5.6,91,35.3,10.92
2007-07-09,24.6,20.7,1.7,89,31.4,12.36
2007-07-10,23.7,20.9,1.6,92,28.4,8.46
2007-07-11,25.7,21.1,1.1,86,28.6,16.25
2007-07-12,25.5,21.0,3.2,87,30.1,17.1
2007-07-13,25.6,21.0,3.4,87,28.8,17.38
2007-07-14,25.1,21.3,3.3,86,31.4,15.86
2007-07-15,25.4,21.4,2.3,86,28.8,15.93
2007-07-16,25.5,21.0,4.2,89,30.0,13.87
2007-07-17,25.3,21.2,1.6,86,24.3,14.07
2007-07-18,26.2,20.7,1.1,83,19.4,16.02
2007-07-19,27.0,20.8,1.3,84,16.4,18.11
2007-07-20,27.0,20.9,2.6,85,15.9,15.72
2007-07-21,25.6,21.0,5.0,88,18.1,13.5
2007-07-22,24.9,20.6,5.9,90,16.6,10.16
2007-07-23,25.1,20.7,0.5,91,14.8,12.18
2007-07-24,26.7,20.8,3.0,87,13.1,15.88
2007-07-25,28.0,21.1,1.6,85,12.6,16.75
2007-07-26,26.7,21.1,4.4,87,16.7,14.34
2007-07-27,25.4,21.1,5.4,90,19.2,12.46
2007-07-28,23.9,20.6,3.7,94,17.4,7.71
2007-07-29,23.4,20.5,12.7,94,18.5,7.75
2007-07-30,26.6,20.4,13.3,93,17.4,12.7
2007-07-31,25.9,20.5,5.0,91,17.9,12.99
2007-08-01,24.8,20.8,5.8,91,19.2,11.17
2007-08-02,23.9,20.4,19.4,94,19.3,7.93
2007-08-03,22.3,20.6,16.7,95,25.8,7.34
2007-08-04,22.7,20.4,17.8,93,24.5,8.8
2007-08-05,21.5,20.4,21.8,95,25.6,5.19
2007-08-06,23.5,20.2,11.7,92,29.2,9.19
2007-08-07,23.2,20.4,9.3,91,29.7,9.23
2007-08-08,23.9,20.6,6.7,89,34.6,12.9
2007-08-09,25.2,20.6,4.6,88,32.9,17.65
2007-08-10,25.2,20.6,4.4,86,27.5,17.42
2007-08-11,24.3,20.5,0.9,88,25.9,12.25
2007-08-12,24.5,20.6,0.9,87,26.6,10.74
2007-08-13,25.4,20.6,1.5,85,26.4,17.68
2007-08-14,25.8,20.0,0.2,83,23.2,17.45
2007-08-15,26.6,20.3,0.5,83,19.1,18.16
2007-08-16,26.2,20.3,0.0,81,19.1,14.45
2007-08-17,25.9,20.3,1.9,83,18.0,15.94
2007-08-18,27.0,20.8,0.3,81,20.2,18.44
2007-08-19,25.1,20.4,2.2,87,20.2,15.65
2007-08-20,22.8,20.1,24.7,97,19.3,5.43
2007-08-21,25.3,20.4,2.2,89,19.9,14.37
2007-08-22,25.7,20.6,2.3,86,19.7,16.71
2007-08-23,26.2,20.6,1.1,84,17.3,16.8
2007-08-24,26.9,20.7,4.1,86,12.1,13.8
2007-08-25,26.5,20.8,13.3,92,13.8,10.16
2007-08-26,25.8,20.7,6.1,88,16.7,13.44
2007-08-27,26.3,20.6,1.4,85,19.2,13.7
2007-08-28,26.6,21.1,6.3,87,17.7,16.02
2007-08-29,25.8,21.2,1.2,88,18.4,13.81
2007-08-30,24.7,20.9,4.9,90,22.5,13.06
2007-08-31,24.3,20.4,14.9,92,24.7,10.92
2007-09-01,23.2,20.2,8.5,94,23.2,7.34
2007-09-02,23.8,20.5,3.6,93,24.3,10.89
2007-09-03,23.8,20.6,12.0,94,24.5,9.27
2007-09-04,25.1,20.7,10.6,94,26.0,10.45
2007-09-05,25.3,21.3,1.0,87,25.8,14.41
2007-09-06,24.8,20.8,1.7,87,26.9,12.93
2007-09-07,25.1,20.8,2.2,88,22.9,14.09
2007-09-08,27.0,20.8,0.9,84,14.8,16.59
2007-09-09,27.9,20.2,0.4,81,7.6,19.7
2007-09-10,28.1,21.2,1.1,85,9.8,18.24
2007-09-11,27.8,20.7,0.6,87,12.2,17.07
2007-09-12,28.2,20.5,0.1,84,15.1,18.33
2007-09-13,27.0,20.6,0.7,83,13.1,13.63
2007-09-14,26.7,20.7,17.4,90,17.1,12.93
2007-09-15,27.1,20.7,2.3,87,13.0,15.72
2007-09-16,27.4,20.7,2.7,85,14.2,17.18
2007-09-17,27.1,20.9,1.6,86,14.9,14.01
2007-09-18,22.0,20.4,70.3,97,21.3,3.28
2007-09-19,23.0,19.5,20.2,92,19.8,6.8
2007-09-20,26.1,20.2,1.1,85,20.9,14.17
2007-09-21,25.7,20.6,2.0,84,23.8,17.78
2007-09-22,25.7,20.6,0.4,86,23.3,18.12
2007-09-23,25.3,20.5,1.7,88,26.0,16.47
2007-09-24,24.9,21.1,5.7,92,26.2,10.44
2007-09-25,24.2,21.1,0.5,87,20.4,12.52
2007-09-26,26.5,20.1,0.0,80,22.1,19.52
2007-09-27,25.3,20.3,0.8,85,24.2,15.03
2007-09-28,24.2,20.6,7.8,93,18.3,9.81
2007-09-29,26.8,20.5,2.9,88,13.5,14.01
2007-09-30,27.2,20.3,4.4,86,11.3,15.33
2007-10-01,26.9,20.9,0.3,88,14.3,13.33
2007-10-02,27.0,19.8,0.7,83,11.0,18.73
2007-10-03,27.7,20.0,1.9,84,12.6,19.87
2007-10-04,26.5,20.8,3.9,86,14.1,17.75
2007-10-05,25.6,20.3,4.4,89,12.2,14.58
2007-10-06,26.0,20.3,2.1,89,15.1,14.84
2007-10-07,25.5,20.6,0.7,87,13.5,14.52
2007-10-08,25.7,20.3,5.5,87,14.4,14.71
2007-10-09,27.0,19.8,0.1,83,6.4,16.96
2007-10-10,28.2,19.5,0.0,78,7.3,20.13
2007-10-11,28.6,19.9,0.0,78,10.5,21.34
2007-10-12,29.0,20.3,0.4,76,10.2,20.88
2007-10-13,29.0,19.7,0.0,70,9.9,21.39
2007-10-14,28.7,19.5,0.0,66,7.4,20.89
2007-10-15,28.9,19.1,0.0,66,8.0,21.38
2007-10-16,28.2,18.7,0.0,72,8.9,19.18
2007-10-17,27.9,19.8,0.0,71,9.7,18.38
2007-10-18,28.0,20.0,0.0,71,12.1,14.12
2007-10-19,28.6,20.8,0.0,71,12.1,18.74
2007-10-20,26.6,20.5,17.1,85,8.3,13.19
2007-10-21,25.9,20.3,9.1,88,9.7,12.08
2007-10-22,27.2,20.1,7.2,87,14.1,15.9
2007-10-23,26.0,19.7,7.3,88,20.2,13.15
2007-10-24,27.0,20.2,0.3,76,22.7,17.14
2007-10-25,26.7,19.3,0.0,68,22.3,18.97
2007-10-26,26.3,19.9,0.5,75,23.8,14.69
2007-10-27,27.1,19.6,1.8,81,21.6,17.2
2007-10-28,26.6,19.3,0.0,79,16.2,17.46
2007-10-29,24.8,19.2,0.1,76,10.3,10.19
2007-10-30,26.4,18.9,1.1,76,10.7,15.33
2007-10-31,26.6,19.9,3.3,88,11.6,14.35
2007-11-01,27.0,20.3,10.5,88,6.6,14.28
2007-11-02,27.3,20.1,0.0,84,8.0,15.82
2007-11-03,26.7,18.8,0.0,78,16.2,14.99
2007-11-04,27.2,19.3,3.6,82,16.6,17.99
2007-11-05,27.5,19.0,0.3,82,12.9,18.61
2007-11-06,28.1,19.2,3.1,83,6.5,18.06
2007-11-07,28.1,19.8,3.6,86,8.2,16.65
2007-11-08,27.7,19.4,0.0,80,9.2,18.34
2007-11-09,28.0,18.8,0.0,74,6.8,19.49
2007-11-10,27.6,17.8,0.0,71,9.9,21.42
2007-11-11,28.3,17.2,0.0,59,11.3,21.75
2007-11-12,27.8,15.7,0.0,61,13.4,21.52
2007-11-13,27.7,17.0,0.0,57,12.1,21.33
2007-11-14,28.1,14.4,0.0,48,17.2,21.58
2007-11-15,28.3,14.2,0.0,47,19.3,21.77
2007-11-16,28.3,13.5,0.0,49,14.7,21.57
2007-11-17,27.1,13.0,0.0,49,15.5,21.66
2007-11-18,26.5,13.5,0.0,53,14.0,21.27
2007-11-19,26.9,15.0,0.0,60,15.1,16.55
2007-11-20,27.5,20.1,0.0,64,19.1,15.35
2007-11-21,28.6,19.0,0.0,56,17.3,19.69
2007-11-22,28.1,16.6,0.0,36,17.1,21.48
2007-11-23,27.7,14.9,0.0,35,18.4,21.82
2007-11-24,27.5,11.6,0.0,36,16.6,21.86
2007-11-25,27.4,11.2,0.0,39,16.6,21.54
2007-11-26,27.7,11.9,0.0,44,17.0,21.34
2007-11-27,28.6,15.3,0.0,62,13.2,19.04
2007-11-28,28.5,17.7,0.0,64,8.5,16.21
2007-11-29,27.9,17.9,0.0,64,10.1,14.27
2007-11-30,28.3,17.8,0.0,50,16.5,19.19
2007-12-01,27.5,17.2,0.0,49,16.5,18.99
2007-12-02,26.8,17.6,0.0,50,14.7,17.5
2007-12-03,27.2,17.1,0.0,56,14.6,16.16
2007-12-04,27.4,17.8,0.0,59,19.5,17.43
2007-12-05,26.0,17.7,0.0,60,24.5,15.18
2007-12-06,26.9,17.4,0.0,56,23.4,16.91
2007-12-07,27.0,19.6,0.0,55,17.6,16.11
2007-12-08,26.6,17.5,0.0,59,11.6,15.22
2007-12-09,26.6,16.8,0.0,60,13.0,14.59
2007-12-10,27.7,18.2,0.0,54,11.1,18.31
2007-12-11,28.2,17.4,0.0,53,10.1,18.73
2007-12-12,27.7,16.5,0.0,56,9.9,19.72
2007-12-13,28.1,15.2,0.0,57,11.7,19.59
2007-12-14,28.1,17.5,0.0,58,14.8,17.12
2007-12-15,28.7,18.2,0.0,54,15.9,19.17
2007-12-16,28.3,18.5,0.0,54,21.2,18.75
2007-12-17,28.6,17.9,0.0,55,23.6,19.37
2007-12-18,28.1,17.6,0.0,54,21.2,19.54
2007-12-19,26.4,18.9,0.4,61,28.1,11.43
2007-12-20,24.8,19.3,1.7,81,22.3,8.03
2007-12-21,28.9,19.0,0.0,68,19.0,17.99
2007-12-22,29.4,18.0,0.0,63,17.3,17.57
2007-12-23,29.8,18.2,0.0,55,11.7,19.85
2007-12-24,30.5,16.5,0.0,40,16.1,20.58
2007-12-25,30.1,16.2,0.0,36,9.8,20.41
2007-12-26,30.4,15.8,0.0,36,10.7,20.26
2007-12-27,30.1,15.7,0.0,43,9.7,20.08
2007-12-28,29.9,15.1,0.0,51,7.3,19.77
2007-12-29,30.5,16.3,0.0,54,7.6,19.79
2007-12-30,29.8,17.3,0.0,49,8.3,18.88
2007-12-31,30.0,17.6,0.0,50,10.5,19.48
2008-01-01,29.5,19.0,0.0,47,9.5,19.04
2008-01-02,29.2,17.0,0.0,48,9.5,18.12
2008-01-03,29.0,16.4,0.0,48,10.8,19.21
2008-01-04,29.3,15.6,0.0,37,15.9,20.73
2008-01-05,29.0,14.6,0.0,33,19.2,20.99
2008-01-06,28.5,14.9,0.0,45,17.3,20.59
2008-01-07,28.5,15.8,0.0,48,18.8,20.58
2008-01-08,28.2,14.7,0.0,46,18.4,20.73
2008-01-09,29.0,14.7,0.0,46,14.4,20.39
2008-01-10,29.7,15.2,0.0,40,13.2,20.52
2008-01-11,30.4,15.3,0.0,36,14.1,20.79
2008-01-12,30.4,14.9,0.0,35,14.8,21.01
2008-01-13,30.4,15.1,0.0,39,13.7,21.05
2008-01-14,30.1,15.7,0.0,43,10.4,21.05
2008-01-15,30.6,15.1,0.0,38,14.3,21.33
2008-01-16,30.5,15.3,0.0,40,15.0,21.32
2008-01-17,30.0,14.5,0.0,40,12.4,21.4
2008-01-18,29.3,14.7,0.0,41,9.2,21.52
2008-01-19,29.1,15.3,0.0,50,7.7,21.44
2008-01-20,29.0,14.3,0.0,59,8.9,20.97
2008-01-21,29.6,15.3,0.0,55,9.3,21.45
2008-01-22,29.8,14.7,0.0,60,11.7,21.44
2008-01-23,29.6,14.2,0.0,56,12.9,21.57
2008-01-24,29.7,13.2,0.0,50,12.0,21.95
2008-01-25,28.7,13.5,0.0,57,14.7,21.78
2008-01-26,27.1,13.8,0.0,47,12.4,22.24
2008-01-27,26.8,13.9,0.0,34,16.5,22.42
2008-01-28,28.6,13.8,0.0,40,11.3,22.13
2008-01-29,30.3,14.5,0.0,48,12.3,21.93
2008-01-30,29.8,14.9,0.0,54,16.7,22.15
2008-01-31,28.0,13.6,0.0,59,10.6,22.3
2008-02-01,29.0,14.6,0.0,49,11.6,22.43
2008-02-02,29.2,15.1,0.0,51,12.6,22.28
2008-02-03,29.5,15.3,0.0,52,12.6,22.34
2008-02-04,26.6,16.1,0.0,59,11.0,15.62
2008-02-05,27.6,15.6,0.0,61,10.7,17.31
2008-02-06,27.6,15.1,0.0,55,12.0,18.12
2008-02-07,26.8,16.3,0.0,48,10.5,16.9
2008-02-08,28.2,15.9,0.0,56,14.3,20.03
2008-02-09,29.4,16.7,0.0,51,13.8,20.61
2008-02-10,29.0,16.8,0.0,59,14.0,17.42
2008-02-11,29.8,16.7,0.0,66,11.5,20.5
2008-02-12,29.0,19.3,0.0,69,10.8,17.26
2008-02-13,28.9,20.2,1.3,73,8.0,15.37
2008-02-14,29.4,19.9,0.5,69,11.1,17.59
2008-02-15,29.5,20.5,0.0,64,15.8,17.71
2008-02-16,31.3,19.6,0.0,48,11.9,21.3
2008-02-17,31.5,19.8,0.0,40,7.4,21.43
2008-02-18,32.3,18.7,0.0,43,11.3,23.49
2008-02-19,32.1,19.7,0.0,40,14.8,23.72
2008-02-20,31.7,17.5,0.0,42,12.4,23.65
2008-02-21,32.3,18.7,0.0,39,8.4,23.6
2008-02-22,32.0,19.4,0.0,43,11.2,22.28
2008-02-23,32.3,19.3,0.0,49,8.4,23.79
2008-02-24,32.1,19.4,0.0,46,8.6,22.2
2008-02-25,32.5,21.6,0.0,39,9.5,23.0
2008-02-26,33.3,21.9,0.0,33,14.2,24.2
2008-02-27,32.6,20.5,0.0,32,14.6,24.55
2008-02-28,32.5,19.6,0.0,31,18.4,25.04
2008-02-29,32.1,17.5,0.0,33,13.7,25.13
2008-03-01,32.6,17.6,0.0,30,10.7,25.45
2008-03-02,32.7,17.1,0.0,41,11.2,25.22
2008-03-03,33.0,17.0,0.0,39,12.3,25.46
2008-03-04,33.0,16.7,0.0,40,10.6,25.55
2008-03-05,33.4,19.0,0.0,35,11.6,25.62
2008-03-06,33.5,18.9,0.0,25,15.0,25.89
2008-03-07,33.6,18.9,0.0,24,17.8,26.0
2008-03-08,33.7,17.4,0.0,22,17.3,26.23
2008-03-09,33.6,17.8,0.0,19,21.3,26.38
2008-03-10,33.7,16.8,0.0,22,18.7,24.86
2008-03-11,33.3,18.6,0.0,25,14.5,23.84
2008-03-12,33.3,18.2,0.0,37,10.5,24.66
2008-03-13,32.0,20.5,4.7,68,9.6,20.94
2008-03-14,28.5,20.5,2.4,76,10.0,17.65
2008-03-15,30.8,21.2,1.6,73,8.7,20.01
2008-03-16,31.5,20.6,1.9,73,9.2,19.17
2008-03-17,31.7,20.8,7.2,74,7.4,19.94
2008-03-18,32.5,21.8,0.1,66,7.6,22.04
2008-03-19,32.4,21.8,0.0,63,7.2,21.33
2008-03-20,33.8,21.8,0.2,54,9.7,22.46
2008-03-21,31.3,22.0,2.3,65,15.9,17.52
2008-03-22,24.4,20.8,25.7,89,14.5,5.91
2008-03-23,22.1,20.2,73.8,93,10.8,4.4
2008-03-24,25.6,20.0,4.6,88,12.2,11.22
2008-03-25,26.7,19.2,2.1,84,11.9,15.35
2008-03-26,27.4,20.0,3.2,82,12.4,17.19
2008-03-27,28.1,20.1,0.0,81,9.4,18.62
2008-03-28,29.2,20.0,0.7,80,10.2,22.5
2008-03-29,29.7,21.0,0.0,76,9.5,22.56
2008-03-30,30.2,21.0,0.0,75,12.8,23.06
2008-03-31,30.3,19.0,0.0,68,13.4,26.82
2008-04-01,30.1,17.4,0.0,68,12.7,26.72
2008-04-02,30.6,16.1,0.0,62,13.7,26.72
2008-04-03,30.8,16.2,0.0,63,13.4,26.96
2008-04-04,31.1,16.9,0.0,57,14.6,27.17
2008-04-05,31.5,16.8,0.0,58,12.6,26.32
2008-04-06,32.6,18.8,0.0,53,9.0,25.7
2008-04-07,30.5,20.2,0.8,57,13.6,19.7
2008-04-08,31.9,21.1,0.8,53,17.5,22.76
2008-04-09,32.3,21.8,2.0,54,12.6,22.08
2008-04-10,33.7,21.0,0.0,49,14.0,24.04
2008-04-11,35.4,21.1,0.0,41,12.9,24.61
2008-04-12,34.8,20.5,0.0,57,8.8,23.91
2008-04-13,34.4,21.8,0.0,63,10.4,22.51
2008-04-14,36.4,21.4,0.0,58,12.0,23.67
2008-04-15,34.2,22.1,0.0,64,13.0,22.32
2008-04-16,35.3,22.4,0.0,62,13.6,23.73
2008-04-17,34.6,21.7,0.2,64,14.0,21.9
2008-04-18,35.2,22.8,1.5,66,12.4,22.46
2008-04-19,35.7,22.0,0.6,64,14.7,24.28
2008-04-20,34.9,21.6,0.0,64,18.7,23.67
2008-04-21,35.7,22.3,0.0,57,11.8,23.58
2008-04-22,35.3,22.9,1.4,67,15.9,24.4
2008-04-23,34.6,23.0,0.8,68,16.3,23.59
2008-04-24,34.3,22.2,1.7,70,15.6,23.74
2008-04-25,33.2,22.8,1.0,72,14.5,22.18
2008-04-26,33.4,23.0,0.0,69,14.1,21.04
2008-04-27,33.7,22.7,0.7,71,17.4,21.19
2008-04-28,33.9,22.5,0.1,69,21.3,22.1
2008-04-29,34.2,21.5,0.5,67,20.7,25.28
2008-04-30,35.7,21.1,0.0,64,20.6,26.64
2008-05-01,35.1,21.8,0.7,68,20.3,25.02
2008-05-02,34.1,22.2,0.4,66,17.9,25.28
2008-05-03,34.8,20.3,0.0,63,18.4,27.06
2008-05-04,34.4,20.1,0.0,65,20.5,26.94
2008-05-05,32.8,20.6,0.0,65,17.5,24.8
2008-05-06,32.8,20.6,0.0,64,18.3,24.58
2008-05-07,34.1,19.7,0.0,61,19.7,25.47
2008-05-08,33.1,20.2,0.0,64,18.7,23.44
2008-05-09,34.3,20.5,0.0,62,16.2,24.74
2008-05-10,34.3,21.7,0.0,64,18.2,25.64
2008-05-11,34.7,20.9,0.0,63,19.2,24.61
2008-05-12,35.4,20.2,0.0,61,21.8,27.3
2008-05-13,35.2,19.6,0.0,61,23.8,26.85
2008-05-14,34.0,20.2,0.2,62,19.8,25.14
2008-05-15,33.9,21.2,0.2,63,19.1,24.93
2008-05-16,33.9,20.9,0.5,64,19.2,25.08
2008-05-17,32.9,21.6,0.8,67,21.2,23.07
2008-05-18,32.6,22.0,0.4,68,19.9,23.59
2008-05-19,32.5,21.5,0.3,68,18.6,23.83
2008-05-20,32.8,21.7,1.1,70,18.6,23.52
2008-05-21,31.3,22.1,1.4,70,19.2,23.04
2008-05-22,32.9,21.6,1.5,71,17.4,22.59
2008-05-23,29.7,22.1,3.9,75,15.6,17.0
2008-05-24,31.7,22.7,3.1,75,15.0,20.42
2008-05-25,31.3,22.6,1.9,77,18.7,20.48
2008-05-26,30.8,23.0,2.2,77,16.7,21.15
2008-05-27,32.2,23.2,2.3,72,16.7,22.81
2008-05-28,32.5,23.4,0.0,69,17.2,17.78
2008-05-29,33.4,22.4,0.7,69,17.3,24.7
2008-05-30,31.1,23.2,3.2,77,17.9,19.28
2008-05-31,28.8,22.7,0.6,77,16.6,16.4
2008-06-01,30.7,22.4,2.7,76,18.8,20.52
2008-06-02,30.7,22.6,6.0,79,14.8,18.8
2008-06-03,31.1,22.4,5.4,80,18.5,19.57
2008-06-04,30.2,21.6,0.5,75,18.6,21.91
2008-06-05,29.2,21.8,0.7,80,23.8,18.4
2008-06-06,27.9,21.4,3.6,84,25.9,16.42
2008-06-07,25.3,21.2,8.7,92,25.6,11.91
2008-06-08,22.3,20.3,28.8,98,24.0,5.24
2008-06-09,24.2,20.0,11.0,95,23.8,9.87
2008-06-10,24.6,20.6,7.1,91,26.5,11.61
2008-06-11,26.1,20.9,4.8,90,25.1,15.24
2008-06-12,25.2,20.9,6.4,94,22.8,9.56
2008-06-13,24.0,19.9,4.5,94,24.8,8.16
2008-06-14,26.0,20.6,7.0,90,29.8,13.42
2008-06-15,25.7,21.0,3.9,88,30.3,16.47
2008-06-16,25.7,21.2,1.1,87,27.4,11.45
2008-06-17,25.8,21.4,1.7,87,28.0,13.06
2008-06-18,26.4,21.7,1.2,84,28.5,15.65
2008-06-19,27.4,21.5,0.4,81,24.9,19.88
2008-06-20,27.2,21.6,1.6,82,21.7,18.82
2008-06-21,27.8,21.3,0.4,79,21.6,19.9
2008-06-22,27.4,21.3,0.1,80,21.3,16.72
2008-06-23,27.6,20.9,0.9,81,22.1,20.18
2008-06-24,26.8,20.8,0.4,81,23.7,18.93
2008-06-25,26.4,21.1,1.6,83,22.6,17.36
2008-06-26,25.9,20.9,1.2,85,23.2,15.1
2008-06-27,25.5,21.0,2.1,85,24.5,16.39
2008-06-28,25.2,20.7,2.8,89,29.3,14.84
2008-06-29,24.7,21.0,6.5,89,32.2,12.8
2008-06-30,25.8,21.0,4.7,86,30.2,15.92
2008-07-01,25.1,20.8,2.7,85,29.3,14.26
2008-07-02,24.0,20.2,4.5,89,26.1,13.63
2008-07-03,26.7,20.8,1.2,82,24.3,18.99
2008-07-04,26.5,20.7,1.8,82,25.5,19.7
2008-07-05,26.0,20.9,1.7,84,26.6,17.64
2008-07-06,26.3,21.1,2.2,83,28.3,18.72
2008-07-07,25.9,20.7,1.1,82,28.8,17.68
2008-07-08,26.4,20.9,0.7,82,27.0,16.33
2008-07-09,26.8,21.1,1.2,82,24.9,17.95
2008-07-10,26.4,21.1,1.7,84,26.0,18.58
2008-07-11,26.7,20.8,1.5,84,26.5,19.53
2008-07-12,26.5,20.7,1.2,83,25.2,17.14
2008-07-13,27.3,20.7,0.5,81,22.0,17.1
2008-07-14,27.8,21.0,1.3,80,17.0,18.48
2008-07-15,29.1,20.6,0.5,79,20.6,18.96
2008-07-16,27.2,21.5,3.4,82,17.8,15.54
2008-07-17,27.7,21.2,0.4,80,17.5,16.04
2008-07-18,28.3,21.0,0.7,78,18.4,18.85
2008-07-19,27.7,21.1,0.4,79,18.1,16.2
2008-07-20,27.5,21.0,0.8,78,15.4,16.8
2008-07-21,27.0,20.9,1.1,80,17.6,16.68
2008-07-22,27.1,20.9,6.3,85,17.0,14.93
2008-07-23,28.9,21.2,0.8,80,19.1,18.41
2008-07-24,25.3,21.1,9.0,87,16.6,10.78
2008-07-25,24.2,20.6,24.6,93,21.7,8.18
2008-07-26,21.5,20.1,15.1,96,20.5,5.08
2008-07-27,21.8,19.9,26.6,97,23.5,4.67
2008-07-28,21.7,19.4,41.3,97,27.9,4.83
2008-07-29,24.3,20.2,12.0,91,29.3,12.12
2008-07-30,24.6,20.5,5.8,88,28.8,14.04
2008-07-31,25.3,20.6,2.3,86,29.4,17.64
2008-08-01,25.6,20.8,1.5,85,23.7,16.62
2008-08-02,25.4,20.6,4.9,88,23.4,13.92
2008-08-03,26.1,20.7,1.1,86,23.6,14.84
2008-08-04,22.9,20.5,7.2,92,19.2,5.34
2008-08-05,22.7,20.4,14.9,96,22.3,5.62
2008-08-06,22.9,20.2,12.9,94,23.8,11.12
2008-08-07,21.6,20.5,9.6,95,21.3,5.9
2008-08-08,24.1,20.1,5.7,92,28.8,9.89
2008-08-09,21.9,20.0,20.7,95,30.3,5.78
2008-08-10,21.4,20.4,53.2,94,29.8,3.69
2008-08-11,21.7,20.5,33.4,94,26.1,3.68
2008-08-12,23.9,20.3,4.3,89,29.1,12.52
2008-08-13,24.0,20.7,5.5,91,28.6,10.63
2008-08-14,23.9,20.4,4.1,90,25.2,8.28
2008-08-15,24.0,20.2,0.0,84,24.2,10.26
2008-08-16,25.5,20.0,1.0,85,20.8,14.31
2008-08-17,26.2,20.4,3.4,84,19.2,15.19
2008-08-18,25.9,20.4,1.4,85,16.2,11.83
2008-08-19,26.3,20.4,0.5,84,17.3,15.93
2008-08-20,26.1,20.4,0.5,81,14.1,14.0
2008-08-21,26.2,20.4,0.9,83,19.4,16.9
2008-08-22,26.6,20.4,0.6,81,18.7,18.54
2008-08-23,26.5,20.1,0.5,80,15.3,18.69
2008-08-24,26.8,19.7,0.2,81,13.8,18.7
2008-08-25,27.1,20.0,0.6,82,12.7,17.03
2008-08-26,26.7,20.5,0.6,83,12.6,15.79
2008-08-27,28.3,19.8,0.0,80,12.4,20.94
2008-08-28,28.3,20.1,3.5,82,10.5,21.64
2008-08-29,28.7,20.8,5.1,84,10.4,18.99
2008-08-30,28.8,20.9,8.8,85,14.6,17.91
2008-08-31,27.6,20.7,12.6,87,8.9,13.28
2008-09-01,28.0,20.2,5.0,84,10.0,17.96
2008-09-02,27.6,20.9,7.1,88,8.7,15.82
2008-09-03,27.5,20.4,9.9,86,10.7,17.46
2008-09-04,28.0,20.8,4.6,84,12.6,17.8
2008-09-05,28.2,21.2,4.3,84,12.6,16.84
2008-09-06,26.3,20.9,1.4,85,13.1,14.23
2008-09-07,26.2,20.8,10.0,90,16.6,12.12
2008-09-08,25.9,20.5,20.2,93,15.9,11.21
2008-09-09,22.6,19.9,10.1,95,20.4,7.47
2008-09-10,24.1,20.3,10.2,94,27.6,9.87
2008-09-11,24.6,20.7,26.8,89,25.0,10.73
2008-09-12,23.2,20.1,2.2,89,28.1,9.26
2008-09-13,24.1,20.0,4.2,89,31.8,15.21
2008-09-14,24.5,20.0,2.1,89,28.5,16.6
2008-09-15,24.1,19.7,1.8,87,26.3,16.23
2008-09-16,24.3,20.4,1.7,87,24.9,12.47
2008-09-17,24.5,20.5,2.9,88,26.9,14.73
2008-09-18,24.9,20.3,1.1,87,25.2,17.43
2008-09-19,25.4,20.3,1.3,86,22.0,15.1
2008-09-20,26.3,20.1,1.6,86,20.2,15.62
2008-09-21,26.4,20.4,1.2,86,14.8,15.99
2008-09-22,26.3,20.0,0.7,86,15.3,14.9
2008-09-23,26.8,19.6,0.2,83,10.8,17.53
2008-09-24,25.8,20.4,12.5,89,11.4,13.83
2008-09-25,25.9,19.9,10.4,91,12.8,12.25
2008-09-26,26.6,18.0,0.0,80,11.5,21.22
2008-09-27,26.7,18.5,0.0,80,13.2,21.12
2008-09-28,26.3,18.9,0.0,80,10.6,19.65
2008-09-29,26.2,19.3,0.5,84,10.2,18.39
2008-09-30,27.9,19.6,0.0,80,11.1,21.32
2008-10-01,27.5,19.8,0.4,82,13.0,18.75
2008-10-02,27.3,20.3,0.1,81,10.1,19.75
2008-10-03,27.2,20.1,0.1,83,8.6,17.54
2008-10-04,26.9,20.2,10.9,89,11.9,14.81
2008-10-05,26.6,20.6,3.8,87,13.8,15.44
2008-10-06,27.8,20.4,0.9,85,10.3,18.11
2008-10-07,27.1,20.5,6.4,87,9.3,17.07
2008-10-08,27.3,20.5,5.5,85,7.9,16.67
2008-10-09,27.9,20.0,2.7,85,7.6,16.87
2008-10-10,28.6,20.0,7.8,85,8.0,19.45
2008-10-11,28.7,20.6,0.2,79,14.8,21.33
2008-10-12,28.6,20.1,0.0,72,17.6,22.35
2008-10-13,28.1,19.7,0.0,72,17.7,21.03
2008-10-14,28.8,19.8,0.0,67,19.2,22.58
2008-10-15,29.0,20.8,0.0,66,18.6,21.68
2008-10-16,28.7,20.3,0.0,67,18.0,20.05
2008-10-17,28.3,20.6,3.6,82,20.4,17.85
2008-10-18,28.2,20.5,1.7,80,19.1,16.91
2008-10-19,28.5,20.3,0.0,73,18.1,19.73
2008-10-20,28.1,20.6,0.4,74,16.7,18.17
2008-10-21,28.3,20.3,0.1,75,17.7,18.24
2008-10-22,26.6,20.7,0.7,81,19.0,10.67
2008-10-23,26.9,20.6,8.8,84,18.3,14.36
2008-10-24,28.0,20.1,0.5,81,20.1,16.98
2008-10-25,28.2,18.6,0.0,65,18.0,21.72
2008-10-26,28.2,14.6,0.0,55,12.8,23.07
2008-10-27,29.0,15.2,0.0,65,10.8,23.05
2008-10-28,28.5,17.4,0.0,69,8.3,21.89
2008-10-29,28.4,15.9,0.0,66,9.7,22.78
2008-10-30,29.0,16.0,0.0,62,11.3,22.38
2008-10-31,29.1,17.5,0.0,56,8.9,22.66
2008-11-01,29.3,15.7,0.0,49,14.2,22.79
2008-11-02,29.5,15.7,0.0,50,13.8,22.85
2008-11-03,30.1,16.1,0.0,54,12.9,22.61
2008-11-04,30.4,15.3,0.0,49,14.3,22.67
2008-11-05,30.1,15.1,0.0,54,11.1,22.24
2008-11-06,30.3,17.3,0.0,45,13.7,22.31
2008-11-07,29.7,16.3,0.0,51,13.3,21.86
2008-11-08,29.2,16.8,0.0,51,11.6,21.28
2008-11-09,29.6,15.8,0.0,49,10.9,21.89
2008-11-10,30.0,17.6,0.0,52,14.2,20.86
2008-11-11,29.0,18.8,0.0,62,16.5,18.36
2008-11-12,29.9,19.0,0.0,59,11.0,18.69
2008-11-13,29.7,20.0,0.0,47,10.6,20.32
2008-11-14,29.1,18.6,0.0,45,9.5,18.26
2008-11-15,28.4,18.8,0.0,46,16.4,16.8
2008-11-16,25.5,20.1,7.2,67,15.2,7.66
2008-11-17,23.4,19.9,1.5,89,12.9,3.74
2008-11-18,27.6,19.3,0.1,78,13.6,15.85
2008-11-19,29.3,19.8,0.0,70,15.0,18.13
2008-11-20,28.8,19.8,0.1,71,16.4,17.24
2008-11-21,29.1,19.9,1.2,72,16.3,17.2
2008-11-22,28.9,19.8,0.1,71,20.1,16.19
2008-11-23,28.0,19.9,0.0,69,23.4,13.08
2008-11-24,28.7,18.3,0.0,67,18.7,18.32
2008-11-25,28.4,17.7,0.0,51,16.2,20.39
2008-11-26,28.3,17.1,0.0,54,21.1,19.7
2008-11-27,28.0,17.8,0.0,47,23.3,18.38
2008-11-28,22.4,19.7,5.9,80,27.9,4.49
2008-11-29,25.2,20.1,22.8,90,19.8,7.39
2008-11-30,26.3,20.4,2.1,84,18.0,10.37
2008-12-01,26.5,19.6,0.6,84,13.3,10.96
2008-12-02,27.5,19.4,1.3,80,12.0,15.65
2008-12-03,27.3,19.1,0.0,78,12.1,16.8
2008-12-04,28.0,17.2,0.0,68,15.3,19.77
2008-12-05,27.3,15.3,0.0,66,17.1,19.84
2008-12-06,26.3,15.5,0.0,66,16.3,18.68
2008-12-07,27.9,14.4,0.0,61,13.7,20.05
2008-12-08,27.9,14.1,0.0,62,14.8,19.92
2008-12-09,28.3,14.1,0.0,59,15.5,19.77
2008-12-10,29.1,15.6,0.0,60,10.1,19.16
2008-12-11,29.7,17.2,0.0,54,9.5,19.16
2008-12-12,29.9,15.6,0.0,53,12.6,19.76
2008-12-13,29.0,15.1,0.0,52,17.7,19.98
2008-12-14,29.1,16.0,0.0,53,20.0,20.09
2008-12-15,29.2,16.3,0.0,54,19.5,19.64
2008-12-16,29.4,17.1,0.0,51,17.9,19.44
2008-12-17,29.0,17.3,0.0,56,21.5,19.31
2008-12-18,27.7,16.8,0.0,60,21.5,19.38
2008-12-19,28.3,15.9,0.0,53,19.4,17.82
2008-12-20,28.3,15.4,0.0,54,12.0,17.61
2008-12-21,29.5,15.4,0.0,50,14.7,19.12
2008-12-22,29.2,13.6,0.0,46,12.2,20.24
2008-12-23,29.3,14.2,0.0,47,15.5,19.98
2008-12-24,29.3,15.2,0.0,53,13.0,19.77
2008-12-25,28.8,15.9,0.0,52,10.2,19.12
2008-12-26,28.9,15.8,0.0,52,9.1,19.93
2008-12-27,29.4,15.0,0.0,46,10.2,20.52
2008-12-28,29.0,13.7,0.0,38,10.0,20.6
2008-12-29,28.3,13.5,0.0,43,10.4,20.41
2008-12-30,28.3,14.0,0.0,42,10.8,20.53
2008-12-31,28.7,13.0,0.0,44,11.5,20.56
2009-01-01,28.4,13.3,0.0,48,10.7,20.39
2009-01-02,27.8,14.6,0.0,51,12.7,19.91
2009-01-03,27.4,14.4,0.0,53,13.1,20.09
2009-01-04,27.6,13.8,0.0,53,10.0,20.33
2009-01-05,27.5,14.4,0.0,52,10.1,20.42
2009-01-06,27.7,14.4,0.0,50,10.0,20.4
2009-01-07,28.1,14.5,0.0,50,14.6,20.37
2009-01-08,28.3,15.4,0.0,57,13.8,18.11
2009-01-09,28.1,17.1,0.0,67,15.6,16.27
2009-01-10,29.0,17.4,0.0,56,15.1,20.3
2009-01-11,28.8,17.2,0.0,52,16.1,20.41
2009-01-12,28.7,16.1,0.0,47,17.7,20.94
2009-01-13,27.9,16.8,0.0,45,22.8,21.21
2009-01-14,27.6,16.1,0.0,51,21.6,20.92
2009-01-15,27.9,15.8,0.0,51,22.3,21.26
2009-01-16,28.6,15.4,0.0,45,16.9,21.16
2009-01-17,28.5,15.1,0.0,45,17.2,21.49
2009-01-18,28.5,15.1,0.0,45,16.2,21.3
2009-01-19,28.8,15.5,0.0,48,16.9,21.36
2009-01-20,29.4,15.1,0.0,48,17.1,21.45
2009-01-21,30.1,14.7,0.0,46,13.0,21.56
2009-01-22,30.2,15.2,0.0,43,10.5,21.59
2009-01-23,30.9,15.6,0.0,38,14.0,22.01
2009-01-24,31.5,16.7,0.0,34,10.5,22.07
2009-01-25,32.1,15.3,0.0,35,14.1,22.22
2009-01-26,31.5,14.5,0.0,30,16.2,22.51
2009-01-27,31.3,15.3,0.0,48,9.7,21.66
2009-01-28,31.7,16.1,0.0,40,8.8,21.59
2009-01-29,32.7,17.8,0.0,51,10.8,21.42
2009-01-30,32.4,18.1,0.0,32,12.9,22.15
2009-01-31,32.1,16.1,0.0,32,12.3,22.5
2009-02-01,31.7,16.0,0.0,49,7.6,22.0
2009-02-02,31.9,17.7,0.0,43,9.5,22.43
2009-02-03,31.9,17.4,0.0,49,10.1,22.38
2009-02-04,31.4,17.8,0.0,50,14.6,22.14
2009-02-05,30.8,16.4,0.0,52,8.1,22.4
2009-02-06,31.3,17.1,0.0,42,8.4,22.78
2009-02-07,31.5,17.7,0.0,42,10.9,22.45
2009-02-08,31.2,18.8,0.0,44,10.5,22.07
2009-02-09,31.4,17.3,0.0,39,10.5,23.03
2009-02-10,31.1,17.3,0.0,42,7.6,22.97
2009-02-11,30.7,16.5,0.0,44,12.4,23.16
2009-02-12,30.9,16.9,0.0,37,13.8,23.4
2009-02-13,30.8,16.5,0.0,44,12.3,23.37
2009-02-14,31.1,16.6,0.0,47,11.6,23.42
2009-02-15,31.7,17.2,0.0,45,10.3,23.54
2009-02-16,32.2,17.8,0.0,45,14.2,23.17
2009-02-17,32.1,18.0,0.0,40,15.3,23.59
2009-02-18,32.1,18.3,0.0,36,12.8,23.72
2009-02-19,32.4,17.4,0.0,34,14.6,23.81
2009-02-20,33.0,18.3,0.0,28,21.3,24.33
2009-02-21,32.9,18.3,0.0,28,15.9,24.17
2009-02-22,33.7,18.2,0.0,32,13.9,24.28
2009-02-23,34.0,19.3,0.0,40,12.2,23.77
2009-02-24,34.1,19.1,0.0,47,13.9,23.91
2009-02-25,35.0,19.7,0.0,35,12.1,24.66
2009-02-26,35.2,20.3,0.0,33,14.3,24.84
2009-02-27,35.3,19.2,0.0,35,10.3,24.97
2009-02-28,35.3,20.1,0.0,48,9.0,24.83
2009-03-01,35.6,20.7,0.0,39,15.9,25.16
2009-03-02,35.5,19.3,0.0,24,16.3,25.48
2009-03-03,35.5,18.0,0.0,28,13.4,25.42
2009-03-04,34.1,19.2,0.0,60,16.2,24.2
2009-03-05,35.1,20.6,0.0,56,14.0,24.25
2009-03-06,34.8,21.4,0.0,56,13.0,22.61
2009-03-07,35.5,21.2,0.0,41,11.5,24.41
2009-03-08,34.7,20.6,0.0,47,17.8,23.97
2009-03-09,35.0,20.6,0.0,45,13.0,25.13
2009-03-10,33.3,19.4,0.0,28,15.3,25.79
2009-03-11,33.1,19.3,0.0,43,15.6,24.05
2009-03-12,32.6,21.0,0.0,55,10.4,20.99
2009-03-13,32.6,21.3,2.5,69,11.2,20.48
2009-03-14,32.7,22.1,0.0,46,18.7,22.19
2009-03-15,31.8,20.9,0.0,46,13.8,20.87
2009-03-16,32.5,19.1,0.1,52,9.8,22.91
2009-03-17,32.3,19.4,0.0,58,12.0,21.21
2009-03-18,32.4,20.9,0.0,62,12.9,20.15
2009-03-19,33.9,20.5,0.0,51,11.4,22.59
2009-03-20,34.8,22.4,0.0,39,17.3,24.56
2009-03-21,33.4,19.2,0.0,50,14.3,23.49
2009-03-22,33.7,19.7,0.0,43,14.0,23.96
2009-03-23,32.7,20.0,0.0,48,11.6,22.11
2009-03-24,31.3,20.0,5.2,65,12.8,21.14
2009-03-25,32.5,20.0,0.0,53,9.0,22.37
2009-03-26,32.5,20.2,0.0,62,15.3,20.9
2009-03-27,34.8,21.1,0.0,57,17.9,23.83
2009-03-28,33.6,20.1,0.0,57,12.3,22.73
2009-03-29,33.6,21.4,0.0,54,12.1,20.35
2009-03-30,33.8,22.3,0.0,61,13.1,21.5
2009-03-31,34.1,22.2,0.0,62,13.6,20.15
2009-04-01,34.1,22.6,0.0,57,8.9,20.35
2009-04-02,34.0,23.9,2.7,58,16.7,21.01
2009-04-03,35.6,22.1,0.0,57,11.9,23.19
2009-04-04,34.7,23.3,0.0,60,8.7,21.24
2009-04-05,34.4,23.2,0.0,64,15.2,22.17
2009-04-06,35.0,23.4,0.3,62,10.1,21.93
2009-04-07,34.7,23.8,2.3,62,11.2,22.63
2009-04-08,32.2,22.7,1.5,66,15.3,20.73
2009-04-09,35.4,21.8,0.0,46,17.8,25.12
2009-04-10,34.7,22.5,0.0,39,12.7,22.81
2009-04-11,35.5,21.9,0.0,52,12.6,23.23
2009-04-12,33.7,22.5,0.0,65,21.5,22.2
2009-04-13,34.2,22.3,1.6,67,19.5,22.64
2009-04-14,34.3,23.2,0.2,63,17.9,21.55
2009-04-15,36.3,22.2,0.0,54,21.2,22.31
2009-04-16,35.5,22.1,0.0,54,18.9,22.59
2009-04-17,35.4,22.5,0.1,57,19.0,20.22
2009-04-18,38.0,22.5,0.0,59,21.3,22.0
2009-04-19,35.7,22.2,1.2,64,19.6,25.07
2009-04-20,34.9,21.5,0.2,62,20.1,25.61
2009-04-21,35.5,21.0,0.2,62,19.9,25.91
2009-04-22,34.0,21.5,0.0,65,19.6,23.25
2009-04-23,35.3,21.2,0.0,56,16.4,23.39
2009-04-24,36.9,21.8,0.0,58,20.9,22.46
2009-04-25,35.6,21.6,0.5,60,16.3,25.5
2009-04-26,36.0,22.4,0.7,61,17.0,23.68
2009-04-27,35.4,23.0,1.0,65,15.6,22.85
2009-04-28,34.9,23.0,0.6,65,17.8,21.78
2009-04-29,34.7,21.9,0.1,65,19.6,23.55
2009-04-30,34.4,22.5,0.1,69,18.4,22.59
2009-05-01,34.9,22.3,0.4,68,16.9,25.19
2009-05-02,36.5,22.7,0.2,66,19.8,24.56
2009-05-03,36.9,21.5,0.4,63,18.7,25.59
2009-05-04,37.3,21.2,0.0,60,19.7,26.14
2009-05-05,34.7,22.0,0.7,65,17.7,25.97
2009-05-06,35.9,21.4,0.0,60,13.4,24.3
2009-05-07,36.3,22.9,1.0,58,13.7,24.19
2009-05-08,36.6,23.2,0.3,64,15.5,23.68
2009-05-09,35.5,22.5,0.0,65,19.3,24.04
2009-05-10,35.9,21.8,0.0,62,20.7,24.64
2009-05-11,36.5,21.3,0.0,54,17.6,25.37
2009-05-12,38.0,21.4,0.0,51,20.2,27.04
2009-05-13,36.4,20.7,0.0,60,23.1,26.81
2009-05-14,34.5,21.5,0.1,64,19.5,25.88
2009-05-15,33.9,22.1,0.8,66,16.9,23.26
2009-05-16,33.8,22.3,3.1,69,18.7,24.29
2009-05-17,34.7,22.8,1.3,69,20.2,23.74
2009-05-18,33.6,23.0,1.1,69,17.4,23.32
2009-05-19,33.3,22.7,6.1,74,18.8,20.97
2009-05-20,30.9,21.6,14.0,80,13.8,18.41
2009-05-21,31.6,21.5,2.9,78,18.7,21.57
2009-05-22,31.0,23.0,0.0,72,15.9,20.78
2009-05-23,31.7,21.9,2.7,69,20.1,23.05
2009-05-24,32.0,22.1,1.5,69,18.7,24.33
2009-05-25,32.6,22.0,0.6,72,20.4,22.06
2009-05-26,32.7,21.5,0.0,69,17.2,23.77
2009-05-27,32.6,21.7,0.3,64,16.2,25.19
2009-05-28,32.9,21.8,0.3,67,17.2,23.15
2009-05-29,32.9,22.1,3.4,69,17.3,24.12
2009-05-30,33.7,22.2,0.5,67,18.3,25.16
2009-05-31,33.2,21.9,0.0,67,20.9,24.15
2009-06-01,31.7,22.7,5.3,76,22.2,18.72
2009-06-02,30.8,22.3,0.5,76,18.3,18.34
2009-06-03,30.4,22.2,1.7,77,20.1,19.44
2009-06-04,29.8,22.3,0.6,76,22.1,19.29
2009-06-05,28.3,21.9,2.9,81,23.4,16.62
2009-06-06,25.4,20.5,22.5,91,27.5,9.11
2009-06-07,22.2,20.3,76.0,93,25.5,3.73
2009-06-08,25.6,21.3,0.8,87,19.9,8.34
2009-06-09,29.2,21.3,0.0,76,17.8,21.69
2009-06-10,30.0,21.0,0.0,74,16.2,23.04
2009-06-11,29.3,21.3,1.0,75,17.3,20.11
2009-06-12,28.1,21.3,0.9,79,17.7,17.38
2009-06-13,29.0,21.4,3.9,81,15.1,17.44
2009-06-14,27.9,22.2,9.5,86,14.9,13.77
2009-06-15,27.2,21.6,4.6,87,17.7,12.26
2009-06-16,28.8,21.3,0.5,81,17.9,19.12
2009-06-17,29.4,22.0,0.0,77,18.1,20.35
2009-06-18,28.8,21.3,1.6,78,15.2,18.91
2009-06-19,27.3,21.4,12.1,86,15.6,16.4
2009-06-20,24.9,21.4,7.6,87,18.7,14.94
2009-06-21,26.6,21.1,0.2,83,20.2,12.43
2009-06-22,27.0,21.3,0.7,84,22.0,19.16
2009-06-23,27.0,21.3,1.1,83,24.3,19.89
2009-06-24,27.4,20.9,0.3,82,20.6,16.41
2009-06-25,26.1,21.3,1.2,87,21.5,15.97
2009-06-26,26.3,21.4,5.6,88,24.5,14.22
2009-06-27,26.4,21.5,8.0,88,22.9,16.42
2009-06-28,27.1,21.2,0.7,84,19.5,15.77
2009-06-29,26.9,21.2,5.2,88,18.5,16.27
2009-06-30,26.9,21.7,1.4,86,21.2,16.53
2009-07-01,26.1,21.4,10.7,89,21.0,13.11
2009-07-02,23.4,21.2,17.3,93,26.0,7.3
2009-07-03,22.0,20.8,30.7,95,23.5,4.83
2009-07-04,22.1,20.7,23.5,96,27.9,6.78
2009-07-05,22.7,20.4,18.0,96,21.8,5.87
2009-07-06,23.2,20.7,7.2,96,25.1,5.35
2009-07-07,23.3,20.7,7.0,94,24.9,7.2
2009-07-08,21.6,20.6,24.4,97,24.9,3.95
2009-07-09,21.9,20.4,38.1,95,26.6,3.83
2009-07-10,24.7,20.6,6.1,89,30.4,16.6
2009-07-11,25.1,20.7,5.8,88,30.2,16.25
2009-07-12,25.7,20.8,2.1,85,32.1,18.86
2009-07-13,24.8,20.8,4.6,87,31.1,16.49
2009-07-14,23.6,21.0,16.3,90,33.7,9.76
2009-07-15,21.7,20.6,28.3,94,30.9,3.66
2009-07-16,23.1,20.6,13.2,91,31.9,8.16
2009-07-17,24.6,20.8,7.4,88,33.1,16.51
2009-07-18,23.6,20.7,5.5,89,30.0,13.39
2009-07-19,25.1,20.5,4.6,88,28.3,14.43
2009-07-20,24.6,20.5,4.3,87,31.7,12.53
2009-07-21,23.2,20.7,8.7,91,30.6,9.32
2009-07-22,23.5,20.7,6.2,90,31.9,10.62
2009-07-23,24.8,20.7,5.1,88,32.4,16.82
2009-07-24,25.6,20.6,2.1,86,31.8,17.62
2009-07-25,25.8,20.7,0.8,83,26.3,16.88
2009-07-26,25.6,20.5,0.0,81,26.7,16.96
2009-07-27,24.4,20.7,1.7,88,26.8,10.17
2009-07-28,24.4,20.6,4.4,89,27.6,12.73
2009-07-29,25.3,20.8,3.6,88,28.0,15.32
2009-07-30,25.6,21.0,2.0,86,24.9,15.06
2009-07-31,26.5,21.2,0.9,82,24.2,17.4
2009-08-01,26.5,21.0,0.6,82,22.1,15.96
2009-08-02,25.8,21.0,1.5,84,24.0,16.28
2009-08-03,26.2,20.8,0.8,82,23.2,17.51
2009-08-04,26.1,20.8,0.6,83,26.1,18.0
2009-08-05,26.6,20.5,0.0,81,26.3,19.91
2009-08-06,26.2,20.6,0.7,83,24.9,17.05
2009-08-07,26.3,20.4,0.2,82,22.8,17.51
2009-08-08,26.2,20.6,0.9,83,23.3,17.56
2009-08-09,26.1,20.5,0.3,82,23.2,17.56
2009-08-10,25.8,20.8,1.1,82,23.2,16.06
2009-08-11,26.2,21.0,1.4,83,19.5,15.33
2009-08-12,27.1,21.3,0.9,82,20.5,17.13
2009-08-13,27.2,20.8,1.1,80,18.0,17.72
2009-08-14,27.4,20.5,0.9,81,15.6,16.6
2009-08-15,27.2,20.9,0.1,79,17.5,16.65
2009-08-16,27.4,20.9,2.6,83,14.1,16.1
2009-08-17,24.9,20.8,6.4,90,13.7,7.66
2009-08-18,26.7,20.7,24.5,88,10.9,9.42
2009-08-19,28.4,20.0,0.0,83,11.4,17.83
2009-08-20,27.4,20.6,4.0,87,9.4,12.02
2009-08-21,27.4,20.5,7.8,89,14.2,14.77
2009-08-22,25.6,20.7,7.5,90,14.2,12.03
2009-08-23,25.5,20.7,19.0,91,16.1,12.78
2009-08-24,23.0,20.3,19.2,96,17.3,5.86
2009-08-25,22.0,20.3,18.7,97,21.1,5.19
2009-08-26,24.7,20.3,0.0,89,21.0,12.03
2009-08-27,26.1,20.4,1.5,84,21.3,17.08
2009-08-28,25.9,20.4,0.3,85,23.2,16.57
2009-08-29,25.2,20.7,1.2,85,25.4,16.31
2009-08-30,25.2,20.7,0.9,86,22.8,15.2
2009-08-31,26.4,20.9,11.3,88,16.2,13.78
2009-09-01,26.3,21.0,8.6,91,15.3,10.87
2009-09-02,23.6,20.5,6.4,94,18.4,5.68
2009-09-03,21.8,20.6,18.3,97,19.2,4.89
2009-09-04,22.3,20.8,45.1,95,20.9,4.32
2009-09-05,23.1,20.8,26.0,94,23.4,4.97
2009-09-06,25.6,20.6,1.3,87,23.4,15.62
2009-09-07,25.5,20.5,0.7,86,20.6,16.83
2009-09-08,26.0,20.2,0.5,84,20.6,14.5
2009-09-09,26.1,20.8,0.9,85,19.3,13.66
2009-09-10,26.7,20.5,0.8,86,15.7,16.62
2009-09-11,26.3,20.8,0.6,86,15.3,17.22
2009-09-12,27.2,20.4,0.5,85,10.1,17.82
2009-09-13,28.5,20.7,0.9,84,12.3,20.25
2009-09-14,27.0,21.8,3.6,87,13.7,13.18
2009-09-15,26.9,21.1,9.3,88,12.4,14.34
2009-09-16,27.8,20.4,7.0,87,12.3,17.17
2009-09-17,27.5,20.8,5.9,85,8.0,16.67
2009-09-18,28.6,20.9,7.7,85,8.4,17.61
2009-09-19,28.3,20.7,0.4,84,11.9,19.52
2009-09-20,28.0,21.3,12.4,87,12.1,14.63
2009-09-21,28.2,20.8,28.3,90,9.7,14.75
2009-09-22,28.5,20.3,12.8,87,9.4,16.77
2009-09-23,27.0,21.4,8.1,87,16.8,15.22
2009-09-24,26.6,21.2,0.9,89,15.9,15.82
2009-09-25,27.3,21.4,4.5,85,12.0,15.95
2009-09-26,27.6,21.4,1.1,85,12.3,17.05
2009-09-27,28.7,21.4,0.9,83,12.8,19.75
2009-09-28,27.1,21.1,11.1,88,12.0,13.93
2009-09-29,24.4,21.3,17.7,95,16.3,6.52
2009-09-30,22.4,21.3,51.7,95,20.2,3.14
2009-10-01,24.4,21.0,41.6,94,20.7,5.03
2009-10-02,24.6,21.0,19.4,95,20.3,5.7
2009-10-03,22.2,20.6,39.8,96,28.8,2.58
2009-10-04,24.7,20.4,0.0,90,30.0,11.66
2009-10-05,24.4,20.8,0.6,89,27.9,11.35
2009-10-06,26.7,20.2,0.0,81,23.0,18.39
2009-10-07,26.8,20.3,0.7,83,16.2,16.7
2009-10-08,27.1,19.4,0.3,82,11.9,19.88
2009-10-09,26.6,19.0,0.3,80,8.6,20.01
2009-10-10,26.7,18.5,0.6,83,6.6,18.74
2009-10-11,26.8,19.7,4.3,85,7.3,16.01
2009-10-12,27.4,19.3,10.8,87,9.7,17.12
2009-10-13,27.9,19.3,6.5,84,6.2,18.4
2009-10-14,28.2,19.8,0.2,79,11.3,20.04
2009-10-15,27.9,18.9,0.0,70,14.2,19.71
2009-10-16,28.3,17.4,0.0,70,8.0,20.33
2009-10-17,28.0,18.6,0.0,73,6.6,19.25
2009-10-18,28.6,19.3,0.0,71,7.6,19.82
2009-10-19,28.5,18.4,0.0,69,13.0,19.25
2009-10-20,28.4,18.9,0.0,66,12.0,19.56
2009-10-21,28.6,19.5,0.0,65,10.9,17.94
2009-10-22,29.2,19.5,0.0,62,11.9,19.57
2009-10-23,28.9,19.3,0.0,60,11.7,19.56
2009-10-24,28.8,19.0,0.0,55,10.0,22.12
2009-10-25,28.7,16.2,0.0,56,10.8,22.73
2009-10-26,29.1,16.4,0.0,57,14.9,22.68
2009-10-27,29.5,16.9,0.0,58,13.1,22.24
2009-10-28,30.3,18.4,0.2,62,16.9,21.46
2009-10-29,29.2,20.3,0.5,66,19.5,18.55
2009-10-30,28.5,20.2,0.2,66,21.9,16.84
2009-10-31,30.0,20.9,0.0,47,16.0,21.59
2009-11-01,30.4,18.2,0.0,43,17.4,22.63
2009-11-02,30.1,17.9,0.0,44,20.3,22.24
2009-11-03,29.8,18.0,0.0,47,20.5,22.28
2009-11-04,29.0,18.7,0.0,59,21.9,18.75
2009-11-05,29.9,19.3,0.1,62,24.1,19.0
2009-11-06,28.8,21.3,0.4,69,19.8,15.9
2009-11-07,28.3,20.7,1.6,73,22.9,13.32
2009-11-08,26.8,20.9,3.5,78,23.5,7.99
2009-11-09,23.1,20.7,14.4,93,20.6,4.25
2009-11-10,23.4,20.5,17.4,90,23.3,3.7
2009-11-11,24.3,20.0,7.5,93,31.1,8.27
2009-11-12,26.8,19.9,1.2,84,16.1,15.38
2009-11-13,26.7,19.4,0.0,80,9.5,13.21
2009-11-14,27.8,19.8,2.8,79,14.5,15.72
2009-11-15,28.0,19.2,4.1,85,12.8,15.0
2009-11-16,26.6,20.4,2.3,85,10.0,10.96
2009-11-17,25.4,20.4,1.8,88,13.9,8.88
2009-11-18,26.9,20.5,0.7,83,9.2,14.37
2009-11-19,25.1,19.5,7.6,87,11.1,11.09
2009-11-20,26.6,19.1,2.6,83,15.5,13.44
2009-11-21,27.3,18.7,0.0,73,11.7,18.31
2009-11-22,27.7,17.5,0.0,73,11.4,19.08
2009-11-23,27.6,17.3,0.0,76,16.3,16.01
2009-11-24,27.8,19.3,0.0,80,13.0,14.16
2009-11-25,27.9,19.8,0.1,76,11.2,15.69
2009-11-26,29.0,17.5,0.0,67,8.0,19.38
2009-11-27,28.6,18.5,0.0,63,11.5,19.48
2009-11-28,27.2,16.1,0.0,66,16.2,19.27
2009-11-29,27.3,14.4,0.0,64,12.1,20.3
2009-11-30,27.9,14.5,0.0,62,12.3,20.27
2009-12-01,28.7,15.8,0.0,61,11.9,19.81
2009-12-02,29.2,16.3,0.0,58,15.9,19.98
2009-12-03,29.8,17.8,0.0,63,13.3,18.66
2009-12-04,29.5,19.3,0.0,64,9.4,16.67
2009-12-05,29.3,19.6,0.0,61,10.0,17.16
2009-12-06,29.7,17.3,0.0,58,9.8,19.66
2009-12-07,29.4,16.0,0.0,54,12.0,19.82
2009-12-08,29.6,14.7,0.0,47,15.7,20.32
2009-12-09,29.1,15.7,0.0,54,19.1,20.24
2009-12-10,28.6,14.4,0.0,53,16.6,20.01
2009-12-11,28.7,15.3,0.0,52,21.0,19.94
2009-12-12,29.1,15.7,0.0,55,18.9,19.92
2009-12-13,30.3,17.0,0.0,56,14.9,17.91
2009-12-14,30.0,16.8,0.0,53,15.2,19.44
2009-12-15,30.1,17.6,0.0,48,16.8,19.55
2009-12-16,27.9,18.9,4.4,73,15.1,15.62
2009-12-17,26.7,18.5,2.6,70,14.8,15.2
2009-12-18,27.4,18.0,0.8,75,8.4,15.3
2009-12-19,27.8,18.7,0.1,63,17.2,16.99
2009-12-20,28.4,17.8,0.0,57,19.4,18.79
2009-12-21,28.4,17.6,0.0,53,20.9,19.23
2009-12-22,28.6,18.7,0.0,59,19.5,16.77
2009-12-23,28.3,18.8,0.0,58,18.1,16.01
2009-12-24,28.4,17.6,0.0,53,18.8,19.39
2009-12-25,28.1,16.1,0.0,43,14.1,17.67
2009-12-26,28.7,18.1,0.0,57,11.6,16.46
2009-12-27,28.7,18.1,0.0,61,9.9,15.3
2009-12-28,27.7,19.2,2.5,78,10.7,13.0
2009-12-29,24.6,19.5,4.3,88,7.1,6.13
2009-12-30,26.0,19.3,9.2,86,8.5,12.39
2009-12-31,27.2,17.8,1.1,84,7.1,15.3
2010-01-01,28.0,18.5,0.0,71,13.7,17.81
2010-01-02,27.9,18.9,0.0,61,13.0,17.82
2010-01-03,28.1,16.3,0.0,57,10.2,19.74
2010-01-04,28.6,15.7,0.0,56,10.9,19.75
2010-01-05,28.7,15.1,0.0,53,6.8,19.95
2010-01-06,28.4,16.3,0.0,50,11.4,19.05
2010-01-07,26.9,17.6,0.0,47,14.7,20.2
2010-01-08,27.6,16.1,0.0,55,12.6,19.79
2010-01-09,28.9,16.8,0.0,57,14.6,17.65
2010-01-10,28.9,18.9,0.1,65,12.1,16.41
2010-01-11,29.1,19.5,1.5,78,11.8,14.62
2010-01-12,27.6,20.4,1.8,82,13.6,12.93
2010-01-13,27.9,19.1,0.0,75,6.8,15.24
2010-01-14,29.2,20.1,3.7,74,15.0,16.58
2010-01-15,28.4,19.4,2.9,76,19.2,15.26
2010-01-16,27.6,19.3,0.0,71,19.5,14.88
2010-01-17,28.7,18.3,0.3,68,13.9,18.79
2010-01-18,28.0,16.8,0.0,61,7.9,17.0
2010-01-19,28.2,17.6,0.0,57,12.8,17.54
2010-01-20,28.6,18.3,0.0,51,15.7,18.64
2010-01-21,28.4,17.9,0.0,39,15.8,21.03
2010-01-22,28.3,13.4,0.0,39,12.3,21.9
2010-01-23,28.0,15.0,0.0,40,13.6,21.74
2010-01-24,27.9,14.7,0.0,43,11.9,21.72
2010-01-25,27.7,14.8,0.0,46,14.7,20.37
2010-01-26,27.9,16.3,0.0,44,16.6,19.23
2010-01-27,27.5,16.6,0.0,45,17.7,17.69
2010-01-28,28.3,16.2,0.0,47,17.3,17.9
2010-01-29,28.5,17.6,0.0,46,13.2,18.42
2010-01-30,29.0,17.3,0.0,45,14.5,21.88
2010-01-31,29.1,18.6,0.0,40,13.8,22.04
2010-02-01,29.5,16.2,0.0,43,8.7,21.65
2010-02-02,29.6,15.4,0.0,50,13.5,22.22
2010-02-03,29.5,15.5,0.0,45,15.0,22.46
2010-02-04,29.4,15.7,0.0,36,15.3,22.8
2010-02-05,29.6,15.9,0.0,34,16.2,23.12
2010-02-06,29.8,15.9,0.0,37,20.5,23.06
2010-02-07,29.9,16.8,0.0,42,18.4,22.87
2010-02-08,29.3,15.9,0.0,48,10.1,22.62
2010-02-09,30.8,15.5,0.0,52,10.5,23.01
2010-02-10,30.8,16.7,0.0,60,10.8,21.61
2010-02-11,30.6,17.8,0.0,64,9.6,20.24
2010-02-12,31.0,17.5,0.0,61,9.0,21.83
2010-02-13,31.1,19.9,0.0,54,9.5,19.56
2010-02-14,32.1,19.8,0.0,55,9.6,20.15
2010-02-15,32.3,19.8,0.0,52,8.7,21.37
2010-02-16,33.4,21.9,0.0,41,12.4,21.72
2010-02-17,33.7,21.2,0.0,44,9.0,22.57
2010-02-18,34.0,19.5,0.0,52,12.8,21.74
2010-02-19,32.1,20.2,0.0,60,9.0,19.42
2010-02-20,34.0,20.2,0.0,59,15.5,21.87
2010-02-21,33.1,20.6,0.0,56,9.0,20.15
2010-02-22,33.5,20.3,0.2,57,9.4,21.46
2010-02-23,33.4,21.9,0.2,56,15.2,21.25
2010-02-24,32.8,18.4,0.0,49,11.7,24.56
2010-02-25,33.0,16.6,0.0,36,13.7,24.74
2010-02-26,32.9,17.3,0.0,35,9.2,24.34
2010-02-27,33.8,18.8,0.0,31,9.7,24.9
2010-02-28,33.9,19.4,0.0,40,10.7,23.71
2010-03-01,33.5,19.7,0.0,54,9.4,23.64
2010-03-02,33.5,20.4,0.0,60,14.5,24.47
2010-03-03,33.5,20.5,0.0,59,12.8,23.12
2010-03-04,33.2,20.8,0.0,53,13.4,22.03
2010-03-05,33.5,19.7,0.0,49,16.3,23.48
2010-03-06,34.1,19.1,0.0,56,18.9,24.5
2010-03-07,34.0,19.1,0.0,50,11.5,24.6
2010-03-08,35.1,21.4,0.0,33,13.6,25.11
2010-03-09,35.4,22.7,0.0,37,12.6,22.09
2010-03-10,35.6,20.9,0.0,44,14.5,23.86
2010-03-11,35.5,20.6,0.0,47,15.6,25.46
2010-03-12,35.7,22.8,0.0,30,14.5,25.03
2010-03-13,34.9,20.7,0.0,30,13.6,25.47
2010-03-14,33.5,20.6,0.0,51,12.0,19.93
2010-03-15,35.0,21.7,0.0,36,15.6,24.76
2010-03-16,34.8,20.9,0.0,28,11.5,24.57
2010-03-17,34.4,20.3,0.0,39,13.0,21.76
2010-03-18,35.3,21.8,0.0,30,18.1,26.07
2010-03-19,35.1,20.3,0.0,28,14.8,26.46
2010-03-20,35.3,19.7,0.0,43,12.0,24.07
2010-03-21,35.6,21.3,0.0,53,10.0,23.28
2010-03-22,35.9,20.2,0.0,56,13.6,25.82
2010-03-23,35.7,20.6,0.0,56,11.4,25.82
2010-03-24,34.9,21.1,0.0,60,16.4,24.15
2010-03-25,35.5,19.7,0.0,53,13.2,25.5
2010-03-26,35.8,20.4,0.0,54,17.3,24.17
2010-03-27,34.8,21.3,0.0,61,18.5,24.01
2010-03-28,35.0,21.0,0.0,59,13.3,24.17
2010-03-29,34.1,21.5,0.0,66,16.5,21.51
2010-03-30,34.3,21.0,0.0,63,17.7,23.12
2010-03-31,34.7,20.2,0.0,57,18.4,26.37
2010-04-01,35.1,19.4,0.0,46,14.6,27.16
2010-04-02,36.1,18.0,0.0,45,13.7,27.64
2010-04-03,36.9,21.8,0.0,39,20.2,27.34
2010-04-04,36.9,21.1,0.0,45,15.3,27.29
2010-04-05,36.6,21.4,0.0,57,13.4,26.05
2010-04-06,36.9,22.1,0.0,55,10.7,25.57
2010-04-07,37.2,22.5,0.0,52,12.2,23.4
2010-04-08,37.7,23.4,0.0,45,16.8,23.4
2010-04-09,33.6,23.2,0.2,66,14.1,18.54
2010-04-10,35.4,23.8,1.8,62,16.2,22.02
2010-04-11,37.7,23.4,0.0,55,11.0,24.39
2010-04-12,37.2,23.3,0.0,60,17.3,24.74
2010-04-13,36.8,22.3,0.6,61,17.5,25.32
2010-04-14,36.5,22.4,0.7,62,19.1,25.47
2010-04-15,38.2,22.4,0.0,55,10.3,24.59
2010-04-16,36.2,23.0,3.1,68,13.8,24.04
2010-04-17,35.8,23.6,1.1,67,15.4,23.61
2010-04-18,35.1,22.9,2.3,72,15.9,23.77
2010-04-19,34.0,23.0,0.2,68,19.0,24.67
2010-04-20,36.6,22.2,0.0,61,17.6,26.46
2010-04-21,36.3,21.8,0.0,63,16.9,25.39
2010-04-22,36.6,22.3,0.0,62,14.0,23.71
2010-04-23,36.5,23.7,2.5,62,12.2,20.79
2010-04-24,35.6,23.5,1.2,66,15.6,22.87
2010-04-25,35.8,23.8,0.0,63,13.3,23.32
2010-04-26,37.4,23.5,0.0,57,15.8,23.95
2010-04-27,36.2,22.8,0.0,62,15.8,24.4
2010-04-28,36.1,23.9,0.0,62,13.3,24.13
2010-04-29,36.0,23.5,4.1,68,13.7,23.86
2010-04-30,30.7,23.3,0.4,65,9.7,17.1
2010-05-01,33.1,22.7,1.7,65,8.6,20.5
2010-05-02,34.0,23.6,1.5,64,9.1,22.74
2010-05-03,34.5,22.7,0.0,56,13.1,23.89
2010-05-04,34.6,22.3,0.0,62,16.4,24.34
2010-05-05,34.5,22.9,0.3,67,18.3,23.32
2010-05-06,35.7,22.3,0.0,62,15.7,24.12
2010-05-07,35.5,22.9,1.2,68,14.8,22.08
2010-05-08,33.5,23.7,0.4,68,10.3,21.97
2010-05-09,36.1,24.0,0.3,68,16.7,22.36
2010-05-10,36.8,23.6,0.0,61,15.9,22.92
2010-05-11,37.4,24.0,0.3,65,21.1,24.05
2010-05-12,37.8,23.0,0.1,62,20.4,25.78
2010-05-13,35.4,23.2,3.0,64,18.0,24.97
2010-05-14,34.6,22.9,0.2,64,18.3,23.46
2010-05-15,35.9,23.1,0.0,64,15.0,24.52
2010-05-16,35.6,22.9,0.1,67,19.5,23.98
2010-05-17,37.1,22.9,0.0,62,18.8,25.3
2010-05-18,36.6,23.4,0.2,66,20.3,23.94
2010-05-19,34.6,23.7,0.7,69,24.4,19.52
2010-05-20,35.9,23.6,0.0,66,24.7,20.76
2010-05-21,34.4,23.5,0.2,68,23.8,22.99
2010-05-22,32.7,23.5,1.2,71,18.9,19.98
2010-05-23,34.8,23.0,0.0,69,21.8,22.79
2010-05-24,34.0,23.1,0.0,70,21.3,21.85
2010-05-25,34.8,22.7,0.8,68,22.0,23.84
2010-05-26,33.9,22.6,0.0,65,23.1,26.11
2010-05-27,34.1,22.8,0.3,67,20.0,24.34
2010-05-28,35.0,22.5,0.0,65,19.5,25.03
2010-05-29,34.3,22.1,0.0,63,19.5,25.52
2010-05-30,34.1,22.6,1.2,71,19.9,23.72
2010-05-31,32.0,23.4,1.0,75,20.7,19.42
2010-06-01,32.8,22.8,0.5,70,18.7,22.75
2010-06-02,34.3,23.1,3.4,69,15.7,23.88
2010-06-03,34.5,23.7,2.8,67,17.7,22.79
2010-06-04,33.8,23.4,1.1,67,18.4,20.5
2010-06-05,34.1,23.5,0.0,63,22.7,23.64
2010-06-06,32.8,22.8,0.3,68,22.3,23.31
2010-06-07,31.1,22.6,1.1,72,23.8,21.06
2010-06-08,33.3,22.6,3.4,75,20.0,20.35
2010-06-09,32.3,22.9,5.8,75,14.5,19.23
2010-06-10,31.4,22.4,14.9,83,14.9,16.81
2010-06-11,30.0,22.6,1.1,80,12.0,15.18
2010-06-12,28.6,22.3,5.4,81,14.8,9.26
2010-06-13,26.4,21.7,16.4,91,18.2,5.86
2010-06-14,25.1,21.5,12.9,92,26.9,7.47
2010-06-15,23.3,21.6,23.8,98,26.7,5.43
2010-06-16,26.5,21.3,2.9,91,30.1,14.68
2010-06-17,25.6,21.0,3.5,91,28.8,16.34
2010-06-18,24.9,21.7,7.4,92,23.5,12.62
2010-06-19,26.5,21.8,11.2,90,21.6,11.8
2010-06-20,26.9,21.6,1.3,86,18.4,11.84
2010-06-21,27.7,21.8,1.6,84,17.9,13.42
2010-06-22,29.3,22.0,5.2,87,22.6,18.39
2010-06-23,27.1,22.0,8.2,87,20.9,15.31
2010-06-24,24.8,21.4,5.6,92,20.6,10.39
2010-06-25,24.9,20.6,1.5,91,24.6,10.33
2010-06-26,26.3,21.4,4.6,93,22.6,12.03
2010-06-27,26.9,21.4,3.8,86,22.9,17.35
2010-06-28,28.2,21.7,0.2,82,20.7,18.47
2010-06-29,28.4,21.8,0.3,80,18.9,19.56
2010-06-30,27.5,21.8,0.6,84,20.5,17.06
2010-07-01,25.9,21.4,2.4,87,21.0,12.66
2010-07-02,23.1,20.5,12.9,97,19.0,6.22
2010-07-03,23.3,20.1,13.7,97,16.9,6.12
2010-07-04,26.2,20.9,2.6,88,23.0,16.42
2010-07-05,24.5,21.3,6.7,94,22.1,8.59
2010-07-06,24.2,20.8,13.2,97,20.8,8.16
2010-07-07,25.3,21.3,2.0,88,21.4,12.36
2010-07-08,26.8,21.1,3.8,87,17.5,14.75
2010-07-09,27.0,21.3,0.9,83,17.0,17.97
2010-07-10,28.0,21.1,0.5,81,15.5,19.61
2010-07-11,28.0,21.4,3.0,81,15.6,17.34
2010-07-12,26.9,21.7,0.3,80,18.8,12.78
2010-07-13,27.2,21.3,0.8,82,19.4,13.89
2010-07-14,26.6,21.1,0.7,82,18.7,16.79
2010-07-15,26.4,21.7,9.3,86,15.5,14.49
2010-07-16,26.0,21.3,7.8,89,18.0,12.16
2010-07-17,23.7,20.9,9.0,95,15.4,7.36
2010-07-18,24.3,20.9,5.3,92,23.7,10.07
2010-07-19,24.8,21.2,13.0,94,20.9,6.06
2010-07-20,23.1,20.9,11.6,96,18.9,3.97
2010-07-21,22.3,20.7,19.7,97,21.3,3.44
2010-07-22,23.6,20.8,21.6,94,22.2,5.21
2010-07-23,24.1,20.8,6.4,91,26.6,8.27
2010-07-24,22.3,20.6,29.9,94,26.6,3.68
2010-07-25,23.2,20.5,20.8,91,31.5,10.17
2010-07-26,23.3,20.2,24.6,94,26.6,7.37
2010-07-27,24.8,20.6,5.8,89,31.0,13.15
2010-07-28,24.0,20.6,12.3,94,20.4,8.16
2010-07-29,22.9,20.7,12.8,94,22.0,7.14
2010-07-30,22.6,20.0,12.8,97,23.2,5.54
2010-07-31,22.9,20.4,14.7,96,26.6,6.25
2010-08-01,24.4,20.5,5.3,88,26.1,15.16
2010-08-02,24.9,20.8,4.1,88,28.3,14.61
2010-08-03,24.4,20.8,8.0,91,28.0,11.84
2010-08-04,25.4,20.8,1.3,86,29.6,16.88
2010-08-05,26.0,21.0,0.5,82,21.6,16.2
2010-08-06,25.0,20.9,1.1,87,22.7,9.93
2010-08-07,24.2,20.8,0.6,89,23.0,12.08
2010-08-08,26.1,20.9,2.1,87,23.7,16.21
2010-08-09,26.9,21.1,0.8,81,23.1,18.41
2010-08-10,27.3,20.9,0.4,82,20.2,17.94
2010-08-11,25.8,21.4,4.7,86,19.1,13.81
2010-08-12,26.9,21.1,4.3,84,16.2,15.3
2010-08-13,24.7,21.1,6.4,91,13.0,7.89
2010-08-14,27.1,21.2,7.5,87,16.7,14.25
2010-08-15,27.3,21.5,4.6,87,14.1,14.86
2010-08-16,26.9,21.5,4.7,88,13.6,13.88
2010-08-17,25.6,21.3,2.3,91,17.5,9.76
2010-08-18,25.1,20.7,14.0,88,24.2,8.19
2010-08-19,25.6,20.6,2.2,85,17.6,13.36
2010-08-20,26.4,20.9,12.0,87,9.0,11.79
2010-08-21,26.4,20.8,15.1,88,13.7,13.65
2010-08-22,26.7,20.0,3.4,87,16.9,14.33
2010-08-23,27.2,21.2,6.8,84,15.5,16.07
2010-08-24,26.4,21.5,5.9,86,15.9,12.11
2010-08-25,25.2,21.0,18.1,91,13.7,9.32
2010-08-26,23.6,20.7,13.0,96,15.8,5.64
2010-08-27,24.5,20.7,2.5,93,19.7,9.31
2010-08-28,26.4,20.9,1.8,88,21.6,16.36
2010-08-29,25.9,21.2,0.4,85,23.2,13.87
2010-08-30,24.5,20.9,1.8,89,28.6,11.32
2010-08-31,22.2,20.0,7.7,95,24.8,6.85
2010-09-01,25.5,20.5,1.7,85,28.0,17.56
2010-09-02,26.1,20.6,0.5,83,23.9,16.78
2010-09-03,25.9,20.4,2.5,86,19.9,13.73
2010-09-04,25.0,20.7,1.3,87,21.7,14.85
2010-09-05,25.4,20.9,2.6,86,22.4,13.95
2010-09-06,25.9,20.7,1.2,87,27.2,15.49
2010-09-07,25.4,20.7,6.0,88,25.9,12.85
2010-09-08,24.8,20.6,3.5,90,26.4,13.3
2010-09-09,25.2,20.6,3.2,89,23.2,14.13
2010-09-10,26.0,20.6,1.0,87,20.9,16.09
2010-09-11,25.9,20.6,1.3,85,18.4,15.21
2010-09-12,26.2,20.3,1.7,84,14.5,17.16
2010-09-13,25.7,20.8,1.2,85,18.1,13.52
2010-09-14,25.5,20.7,1.0,85,14.9,11.98
2010-09-15,26.6,20.8,4.8,90,18.0,13.46
2010-09-16,25.7,21.1,0.7,86,14.6,13.72
2010-09-17,27.3,20.6,10.9,90,14.8,13.15
2010-09-18,23.8,20.1,23.1,93,14.7,9.22
2010-09-19,24.5,19.9,13.8,87,15.5,8.51
2010-09-20,26.6,19.6,0.0,82,13.5,17.69
2010-09-21,27.9,18.6,0.0,81,8.8,21.24
2010-09-22,28.3,21.0,4.2,85,6.2,18.99
2010-09-23,28.8,19.7,9.0,85,10.7,20.21
2010-09-24,27.4,20.2,10.7,89,14.0,16.8
2010-09-25,27.8,21.2,6.6,87,11.5,14.93
2010-09-26,28.4,20.3,9.4,88,7.7,17.06
2010-09-27,28.9,19.9,10.6,85,14.3,21.34
2010-09-28,27.8,20.5,9.0,83,15.3,18.0
2010-09-29,28.9,20.1,6.7,81,11.4,20.67
2010-09-30,27.8,20.3,4.4,83,14.2,19.36
2010-10-01,28.5,20.1,0.7,78,14.1,20.35
2010-10-02,27.9,20.7,6.5,80,10.5,17.84
2010-10-03,28.9,20.0,18.3,85,11.3,20.29
2010-10-04,28.5,20.5,1.7,84,8.7,16.66
2010-10-05,28.3,20.9,5.5,87,11.0,17.83
2010-10-06,26.5,21.1,7.5,88,11.7,13.16
2010-10-07,28.3,21.1,0.2,82,13.2,15.65
2010-10-08,29.1,21.3,0.0,79,13.5,19.76
2010-10-09,27.6,20.4,0.3,83,12.8,18.44
2010-10-10,26.8,20.3,0.0,81,11.0,17.11
2010-10-11,26.8,19.5,0.0,79,11.4,18.79
2010-10-12,27.1,18.4,0.0,80,11.1,18.1
2010-10-13,27.0,20.4,0.3,81,10.0,15.44
2010-10-14,26.7,20.6,3.1,85,12.3,15.14
2010-10-15,25.1,20.4,1.0,86,16.6,12.71
2010-10-16,26.7,20.4,0.8,85,14.2,14.64
2010-10-17,25.5,20.6,8.4,90,17.4,13.11
2010-10-18,24.7,20.5,4.8,92,17.4,9.36
2010-10-19,25.7,20.9,1.2,88,17.6,13.29
2010-10-20,26.3,21.2,1.3,87,14.6,13.66
2010-10-21,26.0,21.2,4.8,87,16.3,13.8
2010-10-22,25.7,21.2,3.6,89,19.7,13.06
2010-10-23,24.4,20.9,0.3,93,15.7,8.36
2010-10-24,26.4,20.8,1.4,85,12.1,14.81
2010-10-25,26.4,20.5,0.9,88,10.1,15.98
2010-10-26,27.5,19.6,0.6,83,13.0,18.24
2010-10-27,27.3,18.8,0.0,73,13.6,19.99
2010-10-28,28.0,17.6,0.0,63,15.8,22.79
2010-10-29,27.6,16.6,0.0,58,16.6,22.88
2010-10-30,26.6,16.8,0.3,70,17.6,18.6
2010-10-31,26.7,20.3,0.3,77,19.6,13.51
2010-11-01,25.7,19.1,0.0,77,19.3,13.02
2010-11-02,26.3,19.1,0.1,78,17.6,14.16
2010-11-03,24.0,20.3,12.6,90,13.0,7.62
2010-11-04,26.9,20.0,10.7,86,13.4,13.12
2010-11-05,27.0,19.7,13.3,87,10.3,13.86
2010-11-06,26.1,19.9,4.0,87,9.3,14.17
2010-11-07,25.6,19.4,0.0,72,17.3,16.19
2010-11-08,22.6,19.4,30.0,90,20.6,3.63
2010-11-09,26.8,19.7,1.3,84,16.3,14.29
2010-11-10,27.2,20.1,7.2,87,14.7,14.68
2010-11-11,27.3,20.0,3.0,89,10.2,15.41
2010-11-12,27.0,20.6,1.6,84,6.2,13.51
2010-11-13,27.2,20.3,2.4,88,8.0,15.71
2010-11-14,27.6,20.1,3.2,86,11.0,16.64
2010-11-15,27.4,19.7,9.8,85,11.0,16.4
2010-11-16,26.7,19.4,0.0,77,15.7,17.92
2010-11-17,24.5,19.6,4.3,83,21.0,10.97
2010-11-18,26.0,20.5,0.4,82,19.0,13.03
2010-11-19,26.8,19.2,0.0,78,15.4,15.51
2010-11-20,26.8,16.9,0.0,76,8.5,18.72
2010-11-21,27.3,19.6,0.0,75,12.9,18.18
2010-11-22,27.1,18.6,2.8,86,12.7,16.9
2010-11-23,26.7,19.1,0.7,87,11.8,15.93
2010-11-24,26.4,19.4,0.1,85,9.0,14.45
2010-11-25,26.6,16.8,0.0,79,14.4,16.76
2010-11-26,26.3,18.9,0.2,77,13.1,14.4
2010-11-27,26.5,17.8,0.0,68,11.3,19.31
2010-11-28,23.4,16.8,0.0,70,12.8,8.32
2010-11-29,26.4,17.8,0.0,72,18.1,17.93
2010-11-30,26.7,17.7,0.0,71,16.2,19.57
2010-12-01,27.1,16.3,0.0,69,16.3,19.73
2010-12-02,26.9,17.6,0.5,72,18.4,15.83
2010-12-03,25.9,19.9,0.1,78,15.2,14.59
2010-12-04,27.0,18.9,0.0,67,15.6,17.99
2010-12-05,26.0,16.1,0.0,65,15.2,16.65
2010-12-06,25.9,16.0,0.0,53,18.1,19.06
2010-12-07,26.1,16.0,0.0,59,17.2,16.82
2010-12-08,26.3,18.8,0.0,76,10.4,14.26
2010-12-09,25.6,20.0,0.4,83,10.9,11.81
2010-12-10,24.7,19.4,2.0,85,13.0,12.77
2010-12-11,25.3,17.2,0.0,79,17.4,16.19
2010-12-12,23.6,13.6,0.0,75,13.4,17.09
2010-12-13,24.3,12.7,0.0,74,10.8,17.55
2010-12-14,26.6,13.9,0.0,68,12.1,17.65
2010-12-15,26.2,16.5,0.0,68,17.4,15.78
2010-12-16,27.2,17.5,0.0,60,16.3,19.13
2010-12-17,26.8,17.4,0.0,56,13.4,18.22
2010-12-18,26.1,15.1,0.0,48,13.0,19.97
2010-12-19,26.2,13.7,0.0,39,21.2,20.69
2010-12-20,27.3,17.4,0.0,47,18.3,19.35
2010-12-21,27.6,16.1,0.0,53,14.6,19.66
2010-12-22,27.4,11.8,0.0,42,9.7,20.6
2010-12-23,27.5,12.4,0.0,44,8.8,20.06
2010-12-24,27.3,11.4,0.0,50,9.0,20.21
2010-12-25,27.4,11.2,0.0,44,12.3,20.58
2010-12-26,27.0,11.4,0.0,54,10.3,19.91
2010-12-27,27.0,13.0,0.0,65,10.5,18.86
2010-12-28,26.8,15.1,0.0,61,14.2,18.81
2010-12-29,27.2,15.4,0.0,58,12.1,19.22
2010-12-30,27.8,16.1,0.0,63,10.7,17.23
2010-12-31,26.5,17.2,0.0,68,9.7,14.58
2011-01-01,26.8,15.9,0.0,65,8.7,16.51
2011-01-02,27.1,14.9,0.0,72,10.4,17.4
2011-01-03,27.2,15.2,0.0,68,17.9,15.33
2011-01-04,27.4,17.7,0.0,60,14.3,15.61
2011-01-05,27.1,17.0,0.0,64,14.9,17.41
2011-01-06,26.7,16.9,0.0,45,16.1,20.33
2011-01-07,27.1,14.7,0.0,38,14.5,20.27
2011-01-08,28.2,14.1,0.0,48,9.0,20.39
2011-01-09,28.4,15.3,0.0,49,11.1,20.57
2011-01-10,27.9,15.3,0.0,40,14.2,20.99
2011-01-11,27.9,12.8,0.0,36,9.4,21.43
2011-01-12,27.9,12.7,0.0,38,10.9,21.63
2011-01-13,28.7,11.4,0.0,37,12.1,21.6
2011-01-14,28.2,12.7,0.0,38,11.9,21.56
2011-01-15,28.2,12.1,0.0,43,12.0,21.48
2011-01-16,28.6,12.7,0.0,43,9.0,21.47
2011-01-17,28.3,13.4,0.0,44,9.8,21.5
2011-01-18,28.7,14.2,0.0,47,10.5,21.52
2011-01-19,29.1,13.0,0.0,48,8.6,21.63
2011-01-20,30.1,15.7,0.0,44,11.0,21.51
2011-01-21,29.0,16.4,0.0,36,15.9,21.68
2011-01-22,29.0,14.1,0.0,41,14.5,21.72
2011-01-23,29.1,15.4,0.0,47,13.9,21.71
2011-01-24,28.8,15.2,0.0,47,16.8,21.85
2011-01-25,28.8,14.5,0.0,39,17.5,22.28
2011-01-26,29.3,14.4,0.0,40,18.4,22.49
2011-01-27,29.4,15.0,0.0,43,13.3,22.53
2011-01-28,28.7,14.8,0.0,41,12.6,22.42
2011-01-29,29.0,13.6,0.0,38,10.5,22.32
2011-01-30,29.3,14.9,0.0,36,12.6,22.6
2011-01-31,29.3,14.8,0.0,39,16.3,22.45
2011-02-01,29.0,15.0,0.0,36,17.1,22.47
2011-02-02,28.9,16.1,0.0,37,16.8,22.42
2011-02-03,29.2,16.0,0.0,41,21.9,22.7
2011-02-04,28.8,15.6,0.0,44,12.0,22.48
2011-02-05,29.6,14.0,0.0,39,17.2,23.0
2011-02-06,29.6,15.3,0.0,40,15.6,23.22
2011-02-07,29.6,13.7,0.0,42,12.1,23.21
2011-02-08,29.6,13.1,0.0,34,8.1,23.59
2011-02-09,30.0,13.9,0.0,35,11.1,23.66
2011-02-10,30.0,13.6,0.0,28,10.9,24.07
2011-02-11,29.6,15.2,0.0,30,14.5,23.78
2011-02-12,29.5,14.1,0.0,34,13.8,23.65
2011-02-13,29.4,13.6,0.0,36,12.7,23.88
2011-02-14,29.5,13.1,0.0,35,12.0,23.98
2011-02-15,28.9,14.8,0.0,71,15.7,22.19
2011-02-16,28.2,16.3,0.0,70,13.5,20.89
2011-02-17,28.4,15.4,0.0,65,9.7,22.74
2011-02-18,28.9,14.9,0.0,65,12.5,23.34
2011-02-19,29.3,14.7,0.0,65,11.3,23.5
2011-02-20,29.2,15.1,0.0,58,13.4,23.7
2011-02-21,29.7,14.0,0.0,51,10.7,24.13
2011-02-22,29.6,15.9,0.0,56,11.6,20.96
2011-02-23,28.5,19.6,0.1,56,9.1,18.24
2011-02-24,28.7,18.7,0.0,61,8.5,19.45
2011-02-25,30.0,18.0,0.0,49,11.5,24.12
2011-02-26,30.5,16.0,0.0,48,14.0,24.53
2011-02-27,31.0,17.6,0.0,46,11.0,22.27
2011-02-28,31.3,20.3,0.0,38,16.9,24.48
2011-03-01,31.7,18.7,0.0,37,13.2,23.61
2011-03-02,31.6,18.1,0.0,46,9.7,23.4
2011-03-03,32.6,19.7,0.0,35,12.2,23.79
2011-03-04,33.1,18.3,0.0,32,11.8,25.11
2011-03-05,33.7,17.0,0.0,27,10.5,25.55
2011-03-06,34.7,18.5,0.0,22,17.2,25.84
2011-03-07,34.9,17.8,0.0,21,15.1,26.11
2011-03-08,34.0,18.0,0.0,34,10.8,25.73
2011-03-09,33.7,19.8,0.0,53,14.1,23.17
2011-03-10,33.9,19.8,0.0,41,12.6,25.82
2011-03-11,34.2,17.6,0.0,38,9.8,25.84
2011-03-12,34.1,18.6,0.0,38,10.9,25.75
2011-03-13,33.8,18.9,0.0,36,10.5,25.93
2011-03-14,33.3,20.8,0.0,51,9.3,25.09
2011-03-15,33.7,20.0,0.0,43,10.5,26.02
2011-03-16,34.5,20.5,0.0,33,19.5,26.49
2011-03-17,33.9,19.1,0.0,27,18.8,26.53
2011-03-18,34.2,17.6,0.0,27,12.5,26.93
2011-03-19,33.7,18.4,0.0,41,8.9,26.59
2011-03-20,34.1,19.0,0.0,57,13.7,26.05
2011-03-21,33.5,19.7,0.0,62,16.9,25.34
2011-03-22,34.2,19.1,0.0,56,17.3,25.83
2011-03-23,34.1,19.0,0.0,51,17.4,25.1
2011-03-24,33.3,19.4,0.0,50,17.5,23.44
2011-03-25,33.1,19.6,0.0,49,14.5,21.81
2011-03-26,32.6,19.6,0.0,52,12.1,21.81
2011-03-27,32.9,20.0,0.0,61,12.8,19.21
2011-03-28,34.5,22.3,0.0,59,18.6,23.21
2011-03-29,33.2,21.9,0.0,65,17.9,21.8
2011-03-30,33.5,22.1,0.0,66,16.4,20.94
2011-03-31,35.9,21.3,0.0,48,15.7,26.25
2011-04-01,35.4,20.4,0.0,44,15.3,27.24
2011-04-02,35.0,18.2,0.0,32,17.3,27.54
2011-04-03,34.3,18.5,0.0,51,19.7,27.4
2011-04-04,33.6,16.8,0.0,53,15.5,27.81
2011-04-05,33.5,17.2,0.0,49,15.5,27.27
2011-04-06,33.7,17.6,0.0,49,14.8,26.72
2011-04-07,33.8,18.7,0.0,53,15.6,23.97
2011-04-08,33.4,20.9,0.0,52,14.1,21.05
2011-04-09,33.2,22.7,0.5,53,12.1,18.11
2011-04-10,32.0,23.9,0.1,53,10.7,13.91
2011-04-11,34.3,21.5,0.0,57,11.2,22.56
2011-04-12,33.7,22.0,0.0,62,17.1,20.83
2011-04-13,34.5,22.1,0.2,61,16.9,21.28
2011-04-14,32.5,23.3,4.7,71,20.3,19.32
2011-04-15,33.6,22.0,0.6,66,12.5,23.74
2011-04-16,33.6,21.4,2.5,65,9.5,24.35
2011-04-17,34.4,21.9,1.5,65,8.2,23.41
2011-04-18,34.1,22.1,0.0,63,13.0,22.68
2011-04-19,34.3,22.1,1.0,66,19.1,24.05
2011-04-20,33.7,21.8,0.0,64,11.8,24.85
2011-04-21,33.4,21.8,0.3,70,17.6,23.46
2011-04-22,32.1,21.3,0.0,63,11.3,22.67
2011-04-23,32.3,21.6,1.5,70,10.1,22.72
2011-04-24,32.5,20.8,4.3,74,14.4,23.13
2011-04-25,32.7,22.5,0.9,65,12.7,22.48
2011-04-26,34.1,21.9,0.0,62,13.0,22.32
2011-04-27,34.5,21.9,0.0,62,15.3,21.86
2011-04-28,33.7,22.3,0.1,68,20.3,24.07
2011-04-29,34.4,22.0,0.0,66,20.5,24.42
2011-04-30,35.0,22.3,3.2,69,15.8,23.72
2011-05-01,33.7,23.3,3.5,72,13.2,22.9
2011-05-02,33.1,22.9,2.7,72,16.6,23.01
2011-05-03,34.2,22.4,1.9,68,17.6,23.03
2011-05-04,34.5,21.1,0.3,62,19.1,25.43
2011-05-05,35.5,20.7,0.0,56,16.8,26.25
2011-05-06,34.6,19.8,0.0,60,17.8,27.9
2011-05-07,33.5,20.6,0.0,63,19.4,27.0
2011-05-08,33.5,20.3,0.0,64,19.7,24.76
2011-05-09,31.9,21.6,0.0,65,17.8,21.13
2011-05-10,33.6,21.3,1.2,68,15.9,22.71
2011-05-11,34.0,21.6,0.5,66,18.8,23.08
2011-05-12,35.5,21.8,0.0,60,21.4,24.82
2011-05-13,34.9,22.0,0.0,60,19.2,22.29
2011-05-14,35.4,22.0,0.6,63,18.5,23.74
2011-05-15,33.4,22.6,0.0,65,12.7,19.75
2011-05-16,34.8,23.1,0.1,58,10.3,19.77
2011-05-17,35.5,23.6,2.7,65,23.2,22.13
2011-05-18,32.4,22.3,0.2,67,14.6,22.99
2011-05-19,32.8,22.2,1.0,71,19.3,22.11
2011-05-20,33.3,21.4,1.3,67,18.7,24.68
2011-05-21,32.5,20.9,0.1,67,20.9,24.5
2011-05-22,32.8,21.5,1.5,69,18.3,23.09
2011-05-23,33.0,21.5,0.0,68,16.3,22.6
2011-05-24,33.4,22.6,0.0,66,20.0,22.33
2011-05-25,34.8,22.2,0.0,62,16.4,23.37
2011-05-26,35.5,22.6,3.3,63,13.0,23.82
2011-05-27,31.7,22.2,7.0,77,15.9,18.53
2011-05-28,29.4,21.7,3.1,75,13.9,17.26
2011-05-29,33.1,22.1,0.5,69,17.6,22.87
2011-05-30,32.9,22.9,2.3,73,15.8,21.38
2011-05-31,30.5,22.2,6.2,78,16.1,19.77
2011-06-01,31.2,22.6,1.9,79,22.1,20.01
2011-06-02,27.9,21.7,32.8,85,15.3,14.97
2011-06-03,24.8,21.3,9.4,94,21.6,7.91
2011-06-04,25.4,21.2,5.6,91,34.2,13.23
2011-06-05,26.3,21.6,3.9,87,26.4,18.64
2011-06-06,25.5,21.7,2.7,89,27.0,13.62
2011-06-07,26.1,21.2,3.5,91,25.2,10.77
2011-06-08,25.5,21.4,1.5,89,26.5,11.26
2011-06-09,25.7,21.1,8.7,90,23.6,13.57
2011-06-10,25.2,20.9,5.4,89,26.4,14.61
2011-06-11,25.8,21.2,3.3,89,27.2,14.41
2011-06-12,25.2,21.0,1.9,88,23.7,13.42
2011-06-13,26.1,21.0,3.5,88,26.4,17.63
2011-06-14,25.2,21.2,5.5,91,23.4,11.95
2011-06-15,23.3,20.1,3.3,93,24.2,8.2
2011-06-16,22.6,19.8,16.6,96,23.0,5.4
2011-06-17,23.4,20.7,12.8,96,26.7,6.03
2011-06-18,27.6,21.5,1.4,84,29.0,20.16
2011-06-19,26.9,21.8,0.9,82,27.8,20.25
2011-06-20,26.4,21.3,1.4,83,28.5,18.32
2011-06-21,26.5,20.8,0.1,82,25.6,19.21
2011-06-22,25.0,21.2,3.8,87,24.2,14.38
2011-06-23,25.7,21.3,0.8,84,22.4,14.43
2011-06-24,27.3,21.7,0.4,83,23.8,17.4
2011-06-25,25.9,21.1,2.6,86,24.1,12.81
2011-06-26,24.7,21.3,3.3,91,29.1,10.64
2011-06-27,25.4,21.2,4.1,90,25.0,11.28
2011-06-28,25.4,21.1,3.3,89,28.7,16.43
2011-06-29,27.2,21.3,0.7,82,24.9,18.36
2011-06-30,26.4,21.1,1.2,85,21.0,17.43
2011-07-01,26.2,21.1,4.3,88,20.8,15.56
2011-07-02,25.3,20.8,11.2,94,17.9,8.88
2011-07-03,24.0,20.1,15.0,93,20.5,10.07
2011-07-04,24.4,20.8,2.7,91,17.7,10.98
2011-07-05,26.3,20.9,1.4,87,16.2,16.35
2011-07-06,24.9,21.0,6.4,91,16.4,10.61
2011-07-07,23.4,20.7,9.3,95,20.4,7.77
2011-07-08,25.4,20.9,23.5,90,23.3,11.06
2011-07-09,27.1,20.8,0.7,84,22.8,18.39
2011-07-10,26.4,21.0,1.6,85,21.8,17.23
2011-07-11,26.8,20.9,1.1,84,21.3,16.37
2011-07-12,26.5,20.9,1.5,85,21.5,14.77
2011-07-13,22.1,20.5,14.7,95,20.3,3.99
2011-07-14,23.3,20.2,14.8,93,24.0,7.51
2011-07-15,23.6,20.6,23.4,96,23.0,5.32
2011-07-16,23.6,20.8,10.3,96,26.2,5.83
2011-07-17,22.5,21.0,28.6,94,26.6,6.45
2011-07-18,22.7,20.9,13.7,94,26.3,6.08
2011-07-19,25.0,21.1,2.7,87,29.9,15.54
2011-07-20,24.1,21.0,3.7,89,26.1,11.41
2011-07-21,24.7,20.9,1.2,87,28.4,14.3
2011-07-22,25.2,20.9,0.8,87,29.8,13.45
2011-07-23,23.9,20.4,2.5,90,26.8,11.42
2011-07-24,25.7,20.8,1.8,86,25.2,17.64
2011-07-25,25.9,20.7,7.9,91,16.5,13.49
2011-07-26,25.7,21.0,9.6,92,17.4,10.56
2011-07-27,24.3,21.0,7.9,93,20.5,11.78
2011-07-28,24.1,20.7,7.5,93,19.5,10.08
2011-07-29,25.0,20.2,5.3,91,19.9,13.18
2011-07-30,21.9,20.7,19.5,96,17.6,2.19
2011-07-31,22.3,20.2,8.4,94,19.4,5.48
2011-08-01,24.1,20.0,5.7,88,23.9,10.04
2011-08-02,21.9,20.5,19.0,97,22.6,4.38
2011-08-03,22.8,19.8,26.1,96,24.0,5.72
2011-08-04,21.9,20.4,12.6,98,20.8,3.28
2011-08-05,24.8,20.6,4.8,91,23.1,13.54
2011-08-06,25.4,20.7,1.9,87,23.4,14.22
2011-08-07,25.1,21.0,2.3,87,24.5,15.62
2011-08-08,25.5,21.2,1.4,85,28.0,15.52
2011-08-09,26.0,21.2,1.6,85,26.8,17.18
2011-08-10,26.1,20.9,0.3,84,25.5,16.22
2011-08-11,26.0,20.9,0.5,85,26.4,17.1
2011-08-12,25.0,21.1,0.4,85,27.7,13.85
2011-08-13,25.2,20.4,0.8,85,24.5,14.55
2011-08-14,25.9,20.6,0.3,86,21.3,13.84
2011-08-15,26.7,20.6,1.3,84,17.3,16.36
2011-08-16,26.0,21.0,4.7,86,16.6,14.41
2011-08-17,26.1,20.9,1.1,85,16.2,14.03
2011-08-18,24.7,20.5,11.0,90,18.1,12.41
2011-08-19,23.5,20.5,12.0,95,21.8,8.21
2011-08-20,21.9,20.7,73.2,97,18.0,2.96
2011-08-21,23.2,20.6,10.0,95,16.0,6.72
2011-08-22,24.8,20.6,19.5,95,11.5,8.44
2011-08-23,25.9,21.0,3.9,89,14.8,14.27
2011-08-24,25.9,21.0,3.8,87,16.6,13.1
2011-08-25,25.5,20.7,0.9,86,20.3,14.57
2011-08-26,25.9,20.4,2.8,86,21.2,15.41
2011-08-27,22.1,19.8,7.6,95,20.6,5.3
2011-08-28,21.4,19.7,23.1,97,25.8,3.99
2011-08-29,21.6,20.3,46.9,95,24.7,4.35
2011-08-30,22.0,20.5,26.2,96,23.4,4.75
2011-08-31,22.3,20.7,22.8,97,19.6,2.7
2011-09-01,22.7,20.6,9.1,95,28.1,7.14
2011-09-02,23.7,20.5,4.9,93,31.1,9.88
2011-09-03,24.3,20.8,4.4,91,30.1,12.58
2011-09-04,25.5,20.5,3.2,90,27.0,13.81
2011-09-05,25.2,20.8,1.7,87,27.2,15.83
2011-09-06,24.7,20.6,2.4,88,27.5,15.3
2011-09-07,24.6,20.6,3.2,91,22.7,13.29
2011-09-08,25.2,20.5,1.5,86,25.2,15.27
2011-09-09,25.7,20.8,1.0,85,22.4,15.7
2011-09-10,26.2,21.0,0.6,84,21.0,16.08
2011-09-11,25.7,20.7,1.4,86,21.6,16.61
2011-09-12,26.5,20.6,1.1,83,19.1,17.09
2011-09-13,26.8,20.6,3.6,86,16.6,14.73
2011-09-14,25.3,20.6,2.9,89,15.0,11.58
2011-09-15,26.1,20.8,6.2,91,17.4,10.52
2011-09-16,26.1,20.4,1.0,88,18.3,16.51
2011-09-17,25.7,20.5,0.8,85,21.1,14.68
2011-09-18,25.9,20.5,1.7,85,17.4,14.62
2011-09-19,26.1,20.6,1.7,83,18.2,15.93
2011-09-20,26.7,20.1,1.2,83,17.4,17.66
2011-09-21,25.8,19.4,0.5,84,18.3,17.63
2011-09-22,26.1,18.4,0.0,80,17.3,19.73
2011-09-23,26.5,18.1,0.0,78,12.4,19.45
2011-09-24,26.6,19.0,0.2,79,14.8,20.76
2011-09-25,27.8,17.6,0.0,77,11.2,22.52
2011-09-26,27.7,17.9,0.0,77,10.1,21.64
2011-09-27,28.3,18.5,0.0,76,9.9,21.55
2011-09-28,28.1,19.1,0.1,76,10.2,21.07
2011-09-29,28.2,19.8,0.3,77,8.8,20.19
2011-09-30,28.3,20.4,0.6,81,9.7,17.37
2011-10-01,28.4,20.9,1.0,81,11.5,15.98
2011-10-02,28.4,20.8,0.7,80,13.6,17.81
2011-10-03,29.4,19.5,0.0,75,14.4,21.74
2011-10-04,28.5,19.0,0.0,72,10.8,21.4
2011-10-05,29.2,18.5,0.0,72,8.4,20.25
2011-10-06,28.9,19.9,0.4,74,9.1,18.29
2011-10-07,29.7,20.3,0.7,79,11.5,19.16
2011-10-08,28.5,20.6,7.4,82,10.2,17.6
2011-10-09,29.4,20.7,1.7,82,12.1,18.68
2011-10-10,29.6,20.9,2.0,79,11.4,17.89
2011-10-11,29.2,21.4,6.6,81,6.4,18.56
2011-10-12,27.8,20.2,25.9,87,8.3,14.0
2011-10-13,28.0,20.1,8.9,86,12.0,16.85
2011-10-14,28.4,20.2,6.0,85,9.2,17.52
2011-10-15,29.1,20.5,1.7,84,7.1,18.51
2011-10-16,29.4,20.4,5.6,84,8.7,19.72
2011-10-17,28.7,20.2,0.3,79,9.7,20.36
2011-10-18,28.8,20.7,0.0,71,10.3,20.84
2011-10-19,28.7,20.9,0.4,75,6.2,20.53
2011-10-20,27.8,20.7,0.7,82,9.3,15.83
2011-10-21,28.5,19.8,0.3,76,11.0,18.99
2011-10-22,28.9,20.6,0.0,59,18.1,21.02
2011-10-23,28.9,19.7,0.0,59,15.1,18.99
2011-10-24,28.7,18.9,0.0,64,19.6,19.89
2011-10-25,28.4,20.7,8.0,78,22.1,18.58
2011-10-26,27.5,20.4,10.9,83,21.3,16.01
2011-10-27,26.6,20.7,0.1,80,21.7,13.05
2011-10-28,27.1,20.6,0.1,78,19.6,13.13
2011-10-29,27.9,20.1,1.5,77,18.9,17.77
2011-10-30,27.9,19.1,0.1,76,18.4,19.16
2011-10-31,27.9,20.1,0.2,73,19.8,17.65
2011-11-01,28.5,20.0,0.4,73,18.4,18.18
2011-11-02,28.3,19.4,0.0,72,16.3,17.55
2011-11-03,27.7,19.0,0.7,78,17.0,15.5
2011-11-04,28.2,20.0,0.0,72,18.1,16.6
2011-11-05,28.9,19.9,0.0,69,18.2,17.19
2011-11-06,30.2,19.1,0.0,64,13.7,21.36
2011-11-07,29.6,20.0,0.0,64,14.2,21.39
2011-11-08,29.8,19.1,0.0,58,13.4,21.63
2011-11-09,29.5,16.7,0.0,45,13.0,21.93
2011-11-10,29.3,15.2,0.0,45,11.6,21.72
2011-11-11,30.1,16.7,0.0,44,12.0,21.95
2011-11-12,30.7,16.1,0.0,58,10.9,21.08
2011-11-13,30.6,17.3,0.0,50,14.5,20.94
2011-11-14,30.4,17.9,0.0,48,15.1,19.37
2011-11-15,30.0,18.8,0.0,45,20.7,19.04
2011-11-16,29.5,18.7,0.0,45,17.2,19.27
2011-11-17,29.7,17.7,0.0,40,19.5,21.25
2011-11-18,29.7,17.0,0.0,44,17.9,20.91
2011-11-19,30.2,16.3,0.0,37,20.7,21.5
2011-11-20,29.8,15.4,0.0,38,23.0,21.35
2011-11-21,29.6,15.7,0.0,41,22.9,21.03
2011-11-22,29.3,15.0,0.0,44,19.5,20.96
2011-11-23,28.9,16.5,0.0,45,20.9,20.74
2011-11-24,29.8,16.7,0.0,52,17.4,20.27
2011-11-25,30.0,18.5,0.0,52,22.7,19.69
2011-11-26,26.8,20.7,0.5,68,27.0,9.14
2011-11-27,26.0,20.8,2.4,79,29.5,8.12
2011-11-28,28.1,20.6,12.7,83,24.2,11.02
2011-11-29,27.2,20.4,0.7,77,15.0,13.23
2011-11-30,30.1,20.3,0.0,70,13.5,16.8
2011-12-01,29.9,20.8,0.0,68,7.0,15.93
2011-12-02,30.4,20.6,0.0,59,9.0,18.77
2011-12-03,30.4,19.0,0.0,58,7.1,19.42
2011-12-04,30.7,16.6,0.0,48,10.4,20.24
2011-12-05,31.0,17.2,0.0,46,10.2,19.78
2011-12-06,30.3,16.8,0.0,46,12.2,20.08
2011-12-07,29.2,17.5,0.0,46,16.1,19.44
2011-12-08,28.5,16.2,0.0,48,18.2,19.88
2011-12-09,29.5,17.7,0.0,56,21.4,16.01
2011-12-10,29.8,17.9,0.0,61,13.7,15.51
2011-12-11,30.8,20.1,0.0,52,13.0,19.25
2011-12-12,29.7,21.2,0.0,46,10.5,16.64
2011-12-13,29.2,19.4,0.0,46,14.5,19.18
2011-12-14,28.6,16.1,0.0,47,19.1,19.85
2011-12-15,29.0,16.4,0.0,48,15.9,19.95
2011-12-16,28.9,16.9,0.0,51,15.8,19.94
2011-12-17,29.0,14.7,0.0,48,14.5,20.15
2011-12-18,28.9,14.6,0.0,46,17.4,19.95
2011-12-19,28.4,14.7,0.0,47,14.8,19.27
2011-12-20,28.7,15.1,0.0,46,17.2,19.21
2011-12-21,28.7,15.3,0.0,49,15.6,19.75
2011-12-22,28.2,15.4,0.0,49,17.3,19.47
2011-12-23,27.3,14.4,0.0,47,14.8,18.84
2011-12-24,29.7,14.1,0.0,42,14.0,20.2
2011-12-25,29.2,14.1,0.0,37,14.5,20.48
2011-12-26,29.4,13.4,0.0,32,10.6,20.75
2011-12-27,29.3,12.6,0.0,38,7.7,20.58
2011-12-28,29.0,13.9,0.0,40,9.7,19.59
2011-12-29,28.9,14.0,0.0,36,18.1,19.79
2011-12-30,28.6,17.9,0.0,56,21.3,15.88
2011-12-31,29.4,17.6,0.0,50,22.0,17.91
2012-01-01,29.8,18.9,0.0,60,16.9,16.18
2012-01-02,30.2,19.2,0.0,60,7.9,16.84
2012-01-03,30.6,20.1,0.0,61,6.3,18.73
2012-01-04,30.9,18.9,0.0,53,9.6,19.5
2012-01-05,31.1,17.9,0.0,51,10.8,19.73
2012-01-06,31.0,19.0,0.0,51,6.7,19.98
2012-01-07,31.0,16.8,0.0,47,8.0,20.3
2012-01-08,31.1,16.4,0.0,38,9.7,20.69
2012-01-09,29.8,15.4,0.0,33,9.4,21.12
2012-01-10,28.6,15.1,0.0,38,13.1,20.98
2012-01-11,27.3,15.3,0.0,53,19.2,18.11
2012-01-12,26.5,16.1,0.0,60,17.0,17.04
2012-01-13,26.4,15.8,0.0,54,21.5,17.69
2012-01-14,26.8,15.0,0.0,39,15.2,20.87
2012-01-15,27.5,12.0,0.0,34,12.7,21.67
2012-01-16,28.4,11.9,0.0,31,10.5,21.8
2012-01-17,28.6,13.4,0.0,34,10.4,21.74
2012-01-18,28.9,13.3,0.0,42,11.6,21.68
2012-01-19,28.7,12.5,0.0,50,12.6,21.64
2012-01-20,27.6,13.3,0.0,52,8.7,21.46
2012-01-21,29.1,14.4,0.0,45,12.6,21.41
2012-01-22,28.8,16.2,0.0,58,10.4,20.98
2012-01-23,29.2,15.2,0.0,55,10.5,21.4
2012-01-24,29.2,15.3,0.0,43,13.7,21.48
2012-01-25,29.3,14.7,0.0,44,15.3,21.81
2012-01-26,28.8,14.4,0.0,53,8.6,21.83
2012-01-27,29.4,14.0,0.0,41,12.7,22.08
2012-01-28,28.4,13.9,0.0,57,10.4,21.7
2012-01-29,27.9,14.8,0.0,53,9.7,19.93
2012-01-30,29.2,15.1,0.0,47,12.8,21.26
2012-01-31,28.7,15.7,0.0,46,13.7,21.75
2012-02-01,29.0,15.9,0.0,40,18.2,22.35
2012-02-02,28.8,17.1,0.0,44,18.8,21.91
2012-02-03,29.0,16.4,0.0,45,17.6,22.48
2012-02-04,29.3,15.7,0.0,44,10.9,22.53
2012-02-05,30.5,15.4,0.0,42,10.5,22.46
2012-02-06,30.8,15.9,0.0,42,12.2,22.66
2012-02-07,31.3,16.4,0.0,53,9.7,21.52
2012-02-08,31.7,18.9,0.0,43,10.7,22.45
2012-02-09,30.4,18.8,0.0,30,16.9,22.44
2012-02-10,32.0,17.1,0.0,39,10.4,22.89
2012-02-11,31.6,18.0,0.0,50,13.4,22.9
2012-02-12,31.5,17.2,0.0,56,9.4,22.96
2012-02-13,31.5,17.4,0.0,52,8.6,22.4
2012-02-14,32.0,19.1,0.0,47,9.8,21.25
2012-02-15,32.1,17.1,0.0,54,14.1,22.86
2012-02-16,30.8,16.9,0.0,38,9.9,23.53
2012-02-17,32.1,18.2,0.0,31,12.1,23.36
2012-02-18,32.4,20.3,0.0,36,12.1,22.8
2012-02-19,32.7,18.3,0.0,27,14.5,23.83
2012-02-20,32.9,18.2,0.0,27,11.0,24.2
2012-02-21,33.1,19.3,0.0,29,13.6,24.21
2012-02-22,33.3,19.4,0.0,25,15.5,24.63
2012-02-23,33.3,18.1,0.0,26,11.3,24.56
2012-02-24,33.4,17.5,0.0,20,13.4,24.78
2012-02-25,33.6,16.7,0.0,21,15.3,25.27
2012-02-26,34.0,17.4,0.0,18,17.3,25.21
2012-02-27,34.4,17.4,0.0,21,13.2,25.24
2012-02-28,34.5,16.4,0.0,39,15.2,25.25
2012-02-29,33.7,17.9,0.0,54,13.0,25.07
2012-03-01,34.1,15.1,0.0,38,13.0,25.7
2012-03-02,34.5,15.3,0.0,26,20.9,26.34
2012-03-03,32.6,14.2,0.0,41,14.4,26.38
2012-03-04,34.4,15.7,0.0,48,15.6,25.52
2012-03-05,34.2,17.5,0.0,39,10.8,25.6
2012-03-06,34.1,18.3,0.0,62,16.5,25.51
2012-03-07,34.1,18.1,0.0,48,16.7,25.85
2012-03-08,32.4,17.2,0.0,42,21.1,26.04
2012-03-09,32.1,14.2,0.0,44,11.8,26.24
2012-03-10,33.0,15.7,0.0,44,12.0,26.06
2012-03-11,33.2,16.7,0.0,50,15.9,24.87
2012-03-12,33.5,17.9,0.0,44,10.7,25.61
2012-03-13,34.3,21.5,0.0,32,16.9,25.23
2012-03-14,33.2,21.0,0.0,43,14.9,21.52
2012-03-15,33.8,21.8,0.0,44,10.5,22.34
2012-03-16,34.5,22.2,0.0,54,14.6,23.34
2012-03-17,34.7,21.6,0.0,50,10.7,23.59
2012-03-18,35.3,23.5,0.0,47,16.8,23.36
2012-03-19,35.6,20.9,0.0,47,15.8,25.59
2012-03-20,36.4,20.4,0.0,48,14.5,25.78
2012-03-21,36.2,20.6,0.0,50,19.4,26.32
2012-03-22,35.6,19.9,0.0,57,14.8,25.97
2012-03-23,35.2,20.9,0.0,56,10.2,23.72
2012-03-24,36.6,21.0,0.0,44,16.0,26.94
2012-03-25,35.5,20.4,0.0,50,10.4,26.61
2012-03-26,35.5,20.6,0.0,49,11.9,26.73
2012-03-27,35.4,19.7,0.0,37,12.6,27.01
2012-03-28,35.9,19.8,0.0,44,13.5,26.87
2012-03-29,35.3,20.4,0.0,60,15.9,24.95
2012-03-30,34.2,21.1,0.0,62,21.8,23.46
2012-03-31,35.6,20.1,0.0,56,13.6,24.07
2012-04-01,34.8,20.4,0.0,55,9.4,21.83
2012-04-02,34.1,21.3,0.0,61,13.0,22.09
2012-04-03,34.9,22.0,0.0,65,15.3,22.54
2012-04-04,33.9,21.8,1.0,66,12.9,22.84
2012-04-05,33.7,22.7,1.3,71,16.9,23.71
2012-04-06,34.4,21.1,0.0,62,17.8,24.71
2012-04-07,35.2,20.2,0.0,60,18.3,26.47
2012-04-08,35.3,19.8,0.0,61,20.9,24.89
2012-04-09,34.1,20.4,0.7,63,16.3,24.12
2012-04-10,33.4,21.1,0.2,66,15.8,24.34
2012-04-11,31.9,22.5,1.2,68,12.5,22.52
2012-04-12,30.9,22.8,2.5,75,13.6,20.74
2012-04-13,32.4,22.5,0.3,69,11.6,21.61
2012-04-14,34.7,22.2,0.8,56,12.2,22.54
2012-04-15,33.5,22.5,0.0,56,9.8,23.42
2012-04-16,34.3,23.2,2.0,67,17.2,22.71
2012-04-17,32.3,22.8,1.3,71,15.1,22.8
2012-04-18,34.5,22.0,1.4,67,11.3,24.66
2012-04-19,33.9,21.9,1.7,69,12.4,23.0
2012-04-20,33.7,22.7,1.1,63,9.0,22.89
2012-04-21,33.8,23.3,0.9,67,11.6,22.53
2012-04-22,34.9,24.2,0.0,51,14.2,23.25
2012-04-23,35.2,23.7,1.7,57,13.4,23.67
2012-04-24,35.5,21.7,0.0,54,15.0,25.77
2012-04-25,35.1,21.2,0.0,59,14.1,24.0
2012-04-26,33.1,22.0,2.2,72,8.8,14.9
2012-04-27,33.1,22.7,6.3,75,16.5,20.37
2012-04-28,31.5,23.2,0.0,65,18.3,16.69
2012-04-29,34.0,22.6,0.0,60,19.9,21.32
2012-04-30,33.9,21.3,0.0,63,20.6,24.68
2012-05-01,34.6,21.5,0.0,65,21.0,26.41
2012-05-02,34.7,21.2,0.0,64,19.9,26.72
2012-05-03,34.6,20.3,0.0,65,19.8,26.44
2012-05-04,33.7,20.4,0.0,65,20.4,26.46
2012-05-05,33.7,19.8,0.0,64,21.2,26.73
2012-05-06,33.3,19.6,0.0,63,18.0,25.68
2012-05-07,34.2,18.3,0.0,60,19.8,27.0
2012-05-08,34.9,20.2,0.0,55,16.9,24.47
2012-05-09,34.2,21.8,0.6,61,14.8,22.17
2012-05-10,32.2,21.7,1.8,70,15.5,21.52
2012-05-11,31.5,22.3,11.1,78,12.4,20.18
2012-05-12,28.7,22.1,12.6,81,14.8,17.28
2012-05-13,30.1,21.7,6.4,79,11.0,21.18
2012-05-14,32.8,21.0,0.0,66,14.5,23.44
2012-05-15,33.2,21.4,0.8,70,16.9,23.34
2012-05-16,32.7,22.0,0.0,70,15.7,24.16
2012-05-17,33.4,21.4,0.0,66,14.5,25.65
2012-05-18,35.4,20.6,0.0,62,15.9,26.61
2012-05-19,36.6,22.3,0.1,61,18.9,24.7
2012-05-20,36.2,21.7,0.0,57,19.6,25.77
2012-05-21,34.9,20.5,0.4,66,19.1,23.99
2012-05-22,34.6,21.6,0.0,62,18.4,26.17
2012-05-23,34.5,21.3,0.0,66,20.5,25.93
2012-05-24,34.3,21.7,0.2,66,21.5,25.8
2012-05-25,34.3,21.2,0.2,66,20.6,25.33
2012-05-26,33.4,21.2,0.3,67,17.3,20.57
2012-05-27,33.2,22.0,0.4,66,17.8,21.52
2012-05-28,33.3,21.4,0.2,64,18.4,25.2
2012-05-29,31.5,21.9,0.2,68,15.6,12.15
2012-05-30,32.7,21.9,0.0,67,21.3,23.66
2012-05-31,33.8,21.8,0.3,67,19.4,25.31
2012-06-01,33.5,21.3,0.0,62,21.6,26.73
2012-06-02,33.5,21.4,0.0,67,19.9,24.01
2012-06-03,32.1,22.0,0.0,70,21.3,22.43
2012-06-04,31.4,22.7,1.0,75,21.5,19.74
2012-06-05,28.3,22.3,2.6,81,24.2,15.02
2012-06-06,27.5,21.5,5.4,85,20.0,14.22
2012-06-07,28.3,21.5,1.0,79,21.1,18.07
2012-06-08,30.0,21.6,0.2,76,22.0,20.83
2012-06-09,30.2,21.6,1.2,76,22.0,20.79
2012-06-10,29.1,21.4,0.4,75,23.9,20.7
2012-06-11,27.8,21.4,1.5,77,26.1,19.95
2012-06-12,27.0,21.2,12.6,87,19.6,11.56
2012-06-13,26.7,21.2,4.0,87,16.5,16.67
2012-06-14,28.7,21.8,1.3,81,17.2,17.9
2012-06-15,28.5,21.8,1.6,80,19.7,16.98
2012-06-16,27.9,21.7,0.9,81,21.8,15.83
2012-06-17,25.8,21.1,17.2,89,24.9,12.26
2012-06-18,22.0,19.8,58.9,97,32.7,2.87
2012-06-19,26.5,20.0,2.0,86,28.9,16.43
2012-06-20,27.8,21.2,0.6,80,27.4,20.46
2012-06-21,26.2,20.8,1.0,85,22.9,13.63
2012-06-22,25.8,21.0,1.1,86,20.4,13.07
2012-06-23,27.5,21.3,1.0,83,21.4,18.32
2012-06-24,25.7,21.4,0.5,84,23.8,16.04
2012-06-25,26.3,21.2,2.4,85,22.2,15.55
2012-06-26,26.1,21.4,3.5,86,22.4,14.65
2012-06-27,24.9,21.1,2.1,89,23.4,13.04
2012-06-28,25.8,20.6,3.2,87,21.7,15.48
2012-06-29,24.4,20.8,1.3,90,23.6,11.13
2012-06-30,25.0,20.8,3.5,90,25.7,15.05
2012-07-01,24.0,20.5,3.0,91,25.3,13.04
2012-07-02,22.8,20.1,8.2,94,28.6,6.92
2012-07-03,22.9,20.5,4.7,92,25.9,6.74
2012-07-04,25.3,20.5,2.8,89,27.3,14.78
2012-07-05,26.3,20.7,1.6,86,24.1,15.69
2012-07-06,26.3,21.2,0.9,84,23.8,16.93
2012-07-07,24.6,20.9,0.1,87,19.2,9.57
2012-07-08,26.2,20.8,1.7,84,22.0,16.65
2012-07-09,25.5,21.1,9.2,88,18.6,12.54
2012-07-10,24.9,20.9,2.1,89,19.8,12.79
2012-07-11,24.8,20.9,2.5,90,22.0,12.41
2012-07-12,25.4,20.6,0.8,88,19.8,10.26
2012-07-13,27.2,21.2,0.6,84,20.4,16.36
2012-07-14,27.4,21.1,0.3,80,19.9,16.5
2012-07-15,26.7,20.7,1.5,83,20.6,15.74
2012-07-16,26.4,20.7,16.2,91,16.7,12.02
2012-07-17,24.9,20.9,14.1,93,17.3,10.77
2012-07-18,24.3,20.7,8.7,91,20.9,8.59
2012-07-19,23.6,20.8,4.9,93,25.1,7.55
2012-07-20,24.1,20.9,3.4,89,27.0,11.66
2012-07-21,26.4,20.8,1.8,85,27.4,17.05
2012-07-22,25.5,21.2,1.7,84,26.8,14.02
2012-07-23,26.4,21.4,0.2,83,26.6,17.52
2012-07-24,25.9,21.2,1.2,83,26.3,18.39
2012-07-25,24.7,20.4,5.2,90,26.7,11.84
2012-07-26,24.9,20.4,5.1,90,29.2,14.52
2012-07-27,24.4,20.9,2.1,90,25.6,11.02
2012-07-28,25.2,21.0,1.6,85,27.3,17.09
2012-07-29,25.3,20.8,0.9,85,26.6,14.8
2012-07-30,24.7,20.3,1.9,87,27.9,15.65
2012-07-31,24.6,20.0,6.7,89,30.6,14.89
2012-08-01,25.4,20.2,0.9,85,27.9,17.65
2012-08-02,25.3,20.3,4.9,87,27.4,14.85
2012-08-03,24.1,20.2,11.5,93,27.1,10.37
2012-08-04,23.4,20.7,13.3,92,28.0,10.5
2012-08-05,23.8,19.5,5.4,93,29.4,8.41
2012-08-06,24.2,20.7,3.7,91,27.0,10.05
2012-08-07,23.5,20.8,3.2,92,22.5,8.79
2012-08-08,26.3,20.9,1.4,86,24.9,16.99
2012-08-09,25.4,20.8,4.4,86,25.6,14.41
2012-08-10,22.9,20.6,6.0,92,26.1,7.87
2012-08-11,23.6,20.5,3.7,89,25.0,11.19
2012-08-12,24.7,20.6,3.7,89,25.2,14.14
2012-08-13,25.6,20.9,2.5,86,24.3,16.42
2012-08-14,25.8,20.4,2.1,85,22.4,15.86
2012-08-15,26.2,20.6,0.5,82,20.5,17.11
2012-08-16,26.7,20.2,0.3,82,17.7,16.23
2012-08-17,25.4,20.6,1.7,84,20.2,15.25
2012-08-18,25.4,20.5,1.2,83,23.8,15.49
2012-08-19,25.0,20.6,0.8,84,25.0,14.6
2012-08-20,25.9,20.3,0.9,84,21.7,17.38
2012-08-21,26.4,20.5,1.3,83,18.9,16.83
2012-08-22,27.1,20.5,0.3,81,16.1,16.6
2012-08-23,27.4,20.9,3.6,84,15.3,18.35
2012-08-24,26.7,21.4,3.6,85,11.2,13.29
2012-08-25,27.3,21.0,6.0,86,15.1,14.46
2012-08-26,25.6,20.6,7.7,88,18.7,13.47
2012-08-27,24.5,20.5,6.0,89,24.1,12.68
2012-08-28,23.4,20.4,8.7,94,24.8,11.38
2012-08-29,23.8,20.6,6.9,96,21.0,8.15
2012-08-30,24.7,20.7,3.4,94,23.2,11.47
2012-08-31,24.8,20.7,28.3,94,28.2,9.18
2012-09-01,22.2,20.5,18.6,97,24.2,7.41
2012-09-02,25.4,20.6,5.5,92,27.1,12.61
2012-09-03,24.3,20.8,8.8,94,25.3,8.43
2012-09-04,23.1,20.5,10.8,93,29.3,8.59
2012-09-05,24.6,20.5,1.3,89,28.2,11.25
2012-09-06,24.8,20.4,2.0,88,25.9,15.24
2012-09-07,25.2,20.5,2.0,90,24.7,14.03
2012-09-08,25.0,20.5,2.2,89,21.1,13.08
2012-09-09,25.5,20.6,0.8,86,20.1,15.93
2012-09-10,24.9,20.6,1.1,86,23.7,15.38
2012-09-11,24.7,20.4,3.4,88,21.8,15.04
2012-09-12,25.4,20.4,0.9,87,20.6,14.73
2012-09-13,27.0,20.5,0.5,84,19.2,17.64
2012-09-14,25.3,20.4,1.7,87,21.6,16.66
2012-09-15,26.8,20.1,0.0,82,22.9,18.09
2012-09-16,26.6,20.6,1.7,84,22.5,18.24
2012-09-17,25.8,20.1,2.0,85,18.1,15.49
2012-09-18,26.4,20.1,1.1,83,14.9,17.41
2012-09-19,26.4,19.5,0.0,79,10.6,19.08
2012-09-20,26.6,19.7,0.4,81,15.0,18.64
2012-09-21,27.5,19.1,0.0,81,14.0,18.72
2012-09-22,27.6,19.4,0.0,80,15.9,22.62
2012-09-23,28.3,18.9,0.0,76,13.3,24.04
2012-09-24,27.3,18.9,0.0,79,15.6,17.48
2012-09-25,27.5,18.8,0.0,77,13.6,18.73
2012-09-26,28.3,18.9,0.0,76,10.0,21.15
2012-09-27,27.5,20.7,0.8,82,10.8,15.73
2012-09-28,27.5,20.5,7.5,87,13.7,13.88
2012-09-29,28.4,20.4,9.0,85,10.8,17.57
2012-09-30,26.9,20.9,13.6,91,12.5,10.78
2012-10-01,25.6,20.6,22.6,93,9.5,9.23
2012-10-02,23.4,20.9,6.0,95,15.5,6.72
2012-10-03,25.1,20.5,0.9,89,24.9,12.12
2012-10-04,25.0,20.6,1.0,87,20.6,13.64
2012-10-05,25.5,20.4,0.5,85,18.5,14.43
2012-10-06,26.7,20.3,1.4,84,13.7,16.75
2012-10-07,27.2,19.6,0.1,84,10.4,17.07
2012-10-08,27.4,19.1,0.0,80,5.8,20.26
2012-10-09,27.3,20.3,0.0,78,10.7,16.5
2012-10-10,29.1,19.8,0.0,69,12.2,21.79
2012-10-11,29.4,18.9,0.0,64,11.1,21.92
2012-10-12,29.1,17.6,0.0,65,9.5,21.16
2012-10-13,29.4,18.2,0.0,61,10.4,21.4
2012-10-14,30.0,18.3,0.0,50,12.6,23.42
2012-10-15,29.8,16.7,0.0,53,13.4,23.38
2012-10-16,30.4,17.2,0.0,51,14.5,24.08
2012-10-17,29.8,19.3,0.0,49,13.6,21.46
2012-10-18,30.5,19.4,0.0,47,15.3,21.44
2012-10-19,30.4,20.0,0.0,49,15.1,20.67
2012-10-20,27.9,20.6,12.6,78,23.4,13.85
2012-10-21,27.1,20.5,8.2,84,21.4,12.0
2012-10-22,26.3,20.6,0.1,77,22.0,12.07
2012-10-23,28.3,19.8,0.0,68,18.4,20.11
2012-10-24,27.7,17.7,0.0,70,13.8,19.01
2012-10-25,29.1,20.1,0.1,73,14.1,19.24
2012-10-26,28.4,20.2,1.1,76,8.9,17.69
2012-10-27,29.6,20.8,0.0,56,16.8,21.48
2012-10-28,29.8,18.4,0.0,55,18.0,22.1
2012-10-29,29.7,18.2,0.0,51,15.3,20.19
2012-10-30,28.9,18.4,0.0,44,14.9,19.52
2012-10-31,29.3,18.6,0.0,47,16.9,18.93
2012-11-01,21.3,18.5,62.4,87,20.2,3.45
2012-11-02,21.3,19.8,22.5,94,17.5,2.66
2012-11-03,25.8,19.9,5.2,86,16.2,13.84
2012-11-04,26.7,19.8,0.7,82,11.2,15.92
2012-11-05,26.8,19.7,0.0,79,8.3,17.2
2012-11-06,28.0,18.5,0.0,75,8.0,18.75
2012-11-07,27.2,20.0,1.7,82,7.4,16.66
2012-11-08,27.0,19.9,1.7,84,10.5,16.63
2012-11-09,27.1,19.8,1.0,81,10.2,16.74
2012-11-10,27.1,19.7,0.0,77,12.4,15.83
2012-11-11,26.8,19.4,0.0,72,8.1,15.79
2012-11-12,26.3,19.6,0.1,77,7.7,14.15
2012-11-13,26.5,19.8,0.0,67,11.9,17.6
2012-11-14,26.8,15.8,0.0,55,16.4,21.43
2012-11-15,26.5,13.4,0.0,52,17.1,21.43
2012-11-16,25.7,13.6,0.0,54,13.7,20.93
2012-11-17,25.8,12.1,0.0,48,12.1,21.86
2012-11-18,26.4,11.3,0.0,48,12.4,21.85
2012-11-19,26.8,11.8,0.0,49,12.0,21.67
2012-11-20,28.0,12.5,0.0,58,13.9,20.97
2012-11-21,28.4,15.7,0.0,64,10.2,19.86
2012-11-22,28.0,19.1,0.0,65,12.0,15.37
2012-11-23,27.9,20.2,0.1,70,8.8,15.77
2012-11-24,27.7,18.9,0.4,71,14.6,16.61
2012-11-25,29.4,18.5,0.0,62,12.3,18.92
2012-11-26,28.4,18.2,0.0,65,10.4,16.73
2012-11-27,28.4,20.0,0.0,61,11.0,16.38
2012-11-28,28.0,19.3,0.0,57,8.7,14.9
2012-11-29,28.3,16.6,0.0,57,8.2,19.57
2012-11-30,28.6,17.9,0.0,57,8.7,19.49
2012-12-01,28.5,15.7,0.0,57,9.1,20.09
2012-12-02,28.3,17.0,0.0,60,11.7,19.74
2012-12-03,28.8,17.7,0.0,51,16.0,19.62
2012-12-04,28.5,19.7,0.0,55,18.0,15.36
2012-12-05,27.2,19.7,0.0,68,24.0,11.89
2012-12-06,29.2,20.2,0.0,66,19.9,15.72
2012-12-07,29.7,17.0,0.0,57,14.3,19.02
2012-12-08,30.5,17.4,0.0,52,11.8,19.5
2012-12-09,30.2,18.4,0.0,59,9.0,19.66
2012-12-10,30.7,18.5,0.0,64,10.2,19.56
2012-12-11,30.3,17.6,0.0,58,9.3,19.44
2012-12-12,29.7,15.8,0.0,52,9.2,19.8
2012-12-13,29.4,16.3,0.0,53,10.7,20.04
2012-12-14,29.6,15.1,0.0,56,9.7,19.61
2012-12-15,29.6,15.2,0.0,45,13.4,20.08
2012-12-16,28.6,16.0,0.0,44,21.7,20.09
2012-12-17,28.4,16.9,0.0,50,23.7,19.92
2012-12-18,27.9,17.6,0.0,47,22.9,18.61
2012-12-19,28.2,17.5,0.0,45,18.5,18.75
2012-12-20,28.7,16.2,0.0,49,15.9,18.43
2012-12-21,29.4,16.2,0.0,50,13.5,19.8
2012-12-22,29.1,15.0,0.0,47,11.4,19.58
2012-12-23,28.6,14.5,0.0,50,12.6,20.0
2012-12-24,28.4,16.1,0.0,53,10.6,19.81
2012-12-25,28.2,16.7,0.0,51,15.8,19.89
2012-12-26,27.7,16.2,0.0,49,17.4,19.85
2012-12-27,28.1,15.2,0.0,47,12.2,20.14
2012-12-28,27.7,15.6,0.0,49,10.8,19.29
2012-12-29,29.5,16.0,0.0,57,13.7,19.57
2012-12-30,28.6,19.6,2.7,75,15.3,14.17
2012-12-31,29.0,20.0,0.3,75,11.0,16.3
2013-01-01,29.8,19.6,0.0,68,6.5,17.35
2013-01-02,30.6,19.1,0.0,62,10.2,18.48
2013-01-03,30.6,19.7,0.0,58,10.5,17.45
2013-01-04,30.7,19.6,0.0,56,11.9,18.43
2013-01-05,30.8,17.6,0.0,50,11.5,20.09
2013-01-06,29.8,16.5,0.0,45,11.5,20.42
2013-01-07,29.7,15.6,0.0,46,8.4,20.71
2013-01-08,30.0,16.5,0.0,49,11.0,20.09
2013-01-09,29.5,17.4,0.0,53,14.3,20.29
2013-01-10,29.4,17.7,0.0,48,10.2,20.47
2013-01-11,29.3,16.7,0.0,49,14.2,20.53
2013-01-12,29.2,16.4,0.0,42,12.6,20.99
2013-01-13,29.9,14.7,0.0,35,16.1,21.52
2013-01-14,30.2,13.7,0.0,34,10.9,21.51
2013-01-15,30.5,14.2,0.0,35,12.1,21.46
2013-01-16,29.6,15.0,0.0,32,13.9,21.69
2013-01-17,29.3,16.6,0.0,40,15.3,21.44
2013-01-18,29.0,14.6,0.0,46,10.3,21.28
2013-01-19,29.1,14.3,0.0,47,10.0,21.26
2013-01-20,28.4,16.2,0.0,44,13.7,21.36
2013-01-21,29.2,16.1,0.0,41,8.7,21.48
2013-01-22,29.1,16.9,0.0,43,16.1,21.51
2013-01-23,28.6,15.3,0.0,47,12.7,21.08
2013-01-24,29.2,16.2,0.0,42,14.1,21.62
2013-01-25,29.2,14.6,0.0,50,10.5,21.49
2013-01-26,29.6,16.2,0.0,35,13.9,22.0
2013-01-27,29.6,14.7,0.0,38,12.9,21.88
2013-01-28,29.5,15.8,0.0,45,12.3,22.08
2013-01-29,29.3,15.8,0.0,44,9.4,21.99
2013-01-30,29.7,15.8,0.0,40,9.7,22.19
2013-01-31,29.7,17.8,0.0,48,17.1,20.38
2013-02-01,29.6,16.7,0.0,47,13.1,21.6
2013-02-02,29.8,17.3,0.0,45,11.7,21.71
2013-02-03,29.9,16.9,0.0,39,14.0,22.17
2013-02-04,30.0,15.7,0.0,44,14.1,22.66
2013-02-05,28.6,16.3,0.0,68,10.5,19.52
2013-02-06,29.5,18.1,0.0,61,9.9,18.57
2013-02-07,30.5,19.4,0.0,53,12.4,20.41
2013-02-08,30.3,16.3,0.0,52,10.2,22.57
2013-02-09,30.8,16.3,0.0,52,10.8,20.4
2013-02-10,31.2,19.6,0.0,47,16.9,21.73
2013-02-11,31.2,19.9,0.0,45,18.9,22.21
2013-02-12,31.7,18.7,0.0,38,16.6,21.75
2013-02-13,31.7,20.2,0.0,37,17.5,22.63
2013-02-14,32.0,19.5,0.0,43,14.7,21.11
2013-02-15,29.6,20.5,1.5,70,13.4,17.82
2013-02-16,26.7,20.4,0.1,77,21.4,16.24
2013-02-17,30.0,18.7,0.0,59,12.4,23.08
2013-02-18,30.1,14.9,0.0,36,13.4,24.27
2013-02-19,31.3,15.8,0.0,43,11.1,23.23
2013-02-20,32.3,18.2,0.0,46,8.9,23.64
2013-02-21,32.3,19.0,0.0,47,11.2,22.07
2013-02-22,32.7,18.5,0.0,46,10.4,23.6
2013-02-23,32.2,17.9,0.0,42,9.4,22.42
2013-02-24,32.7,18.8,0.0,38,8.8,24.32
2013-02-25,32.8,18.4,0.0,32,11.3,24.75
2013-02-26,32.4,18.3,0.0,50,10.5,25.32
2013-02-27,32.2,17.3,0.0,48,9.2,24.36
2013-02-28,32.7,17.9,0.0,38,11.9,25.01
2013-03-01,33.0,20.9,0.0,29,15.5,24.94
2013-03-02,33.0,19.6,0.0,27,17.3,25.27
2013-03-03,33.3,18.0,0.0,28,14.0,25.48
2013-03-04,33.1,18.3,0.0,25,14.6,25.84
2013-03-05,32.9,17.7,0.0,27,19.2,25.29
2013-03-06,33.0,19.5,0.0,36,16.3,24.49
2013-03-07,33.0,21.2,0.0,49,17.3,22.22
2013-03-08,32.4,20.7,0.0,55,9.2,19.32
2013-03-09,32.9,21.8,0.0,58,12.8,19.88
2013-03-10,33.7,21.3,0.0,61,17.9,22.18
2013-03-11,33.9,20.8,0.0,58,17.3,22.51
2013-03-12,33.6,19.4,0.0,57,15.2,23.88
2013-03-13,33.8,19.5,0.0,55,15.5,23.97
2013-03-14,32.6,20.3,0.0,45,8.9,19.41
2013-03-15,34.5,22.3,0.0,43,11.3,23.29
2013-03-16,32.5,20.7,0.2,55,12.9,22.37
2013-03-17,33.4,21.8,0.0,58,10.0,22.06
2013-03-18,33.6,20.3,0.0,57,15.5,23.35
2013-03-19,33.6,20.6,0.0,52,11.6,22.89
2013-03-20,34.2,20.8,0.0,44,11.7,23.96
2013-03-21,34.1,21.0,0.0,28,11.6,26.46
2013-03-22,33.7,19.7,0.0,37,13.8,26.47
2013-03-23,33.6,20.0,0.0,54,19.3,23.39
2013-03-24,34.8,19.5,0.0,46,9.9,24.01
2013-03-25,34.7,22.5,0.0,54,18.3,23.19
2013-03-26,34.4,20.9,0.0,64,18.5,23.86
2013-03-27,35.1,20.8,0.0,55,13.5,25.57
2013-03-28,34.4,21.1,0.0,55,19.1,23.62
2013-03-29,34.5,21.1,0.0,53,17.0,22.63
2013-03-30,35.9,21.7,0.0,42,15.6,26.72
2013-03-31,36.5,20.2,0.0,47,17.2,26.61
2013-04-01,35.0,20.5,0.0,60,19.7,25.64
2013-04-02,34.8,20.1,0.2,60,16.2,25.66
2013-04-03,36.0,20.2,0.0,51,14.9,25.82
2013-04-04,36.2,20.4,0.0,46,16.7,27.13
2013-04-05,35.9,20.6,0.0,45,15.3,26.85
2013-04-06,35.8,20.7,0.0,52,18.6,26.81
2013-04-07,36.7,20.2,0.0,39,14.1,27.68
2013-04-08,37.2,20.1,0.0,32,14.1,27.72
2013-04-09,37.0,22.6,0.0,44,22.9,24.06
2013-04-10,35.2,20.6,0.0,61,19.7,25.15
2013-04-11,35.2,21.3,0.0,56,12.4,23.77
2013-04-12,37.2,23.1,0.0,45,9.1,25.4
2013-04-13,36.0,22.4,0.0,57,19.6,23.36
2013-04-14,36.5,21.4,0.0,62,19.1,24.8
2013-04-15,36.2,21.8,0.0,60,23.1,23.85
2013-04-16,34.6,19.6,0.0,59,19.5,27.28
2013-04-17,34.3,19.3,0.0,50,19.8,27.68
2013-04-18,33.9,17.5,0.0,56,20.3,27.74
2013-04-19,34.0,17.8,0.0,58,17.6,27.87
2013-04-20,33.7,17.6,0.0,59,17.9,27.14
2013-04-21,34.0,17.5,0.0,57,18.0,27.05
2013-04-22,34.8,19.7,0.0,57,21.4,23.25
2013-04-23,35.3,20.8,0.0,59,21.2,23.33
2013-04-24,35.2,22.6,0.0,57,18.1,22.17
2013-04-25,34.7,22.3,8.8,66,9.0,21.97
2013-04-26,34.3,22.5,0.8,64,14.0,23.03
2013-04-27,34.7,22.7,2.5,67,13.0,22.42
2013-04-28,35.4,22.6,0.0,65,18.8,22.9
2013-04-29,34.8,21.7,0.0,63,15.0,23.81
2013-04-30,36.3,23.0,0.0,54,7.9,23.86
2013-05-01,36.0,24.1,0.1,61,14.6,23.32
2013-05-02,34.9,24.2,1.4,71,17.7,21.74
2013-05-03,34.9,23.0,0.0,62,15.5,24.56
2013-05-04,36.0,20.5,0.0,61,19.1,27.56
2013-05-05,36.3,21.2,0.0,61,20.0,24.54
2013-05-06,36.0,21.5,0.0,60,20.5,25.79
2013-05-07,35.3,22.0,0.0,64,19.8,25.04
2013-05-08,35.1,22.6,0.0,64,18.4,23.45
2013-05-09,36.2,22.5,1.7,67,19.9,23.63
2013-05-10,34.7,22.4,0.4,65,17.9,23.36
2013-05-11,36.2,22.3,0.0,64,20.6,25.56
2013-05-12,35.5,22.6,0.3,62,19.8,24.45
2013-05-13,35.4,21.7,0.0,53,18.5,26.61
2013-05-14,33.5,22.1,0.0,61,17.5,22.63
2013-05-15,32.1,21.7,0.2,67,20.4,19.61
2013-05-16,30.6,22.9,0.0,69,18.4,14.8
2013-05-17,34.2,21.6,0.4,68,13.9,24.33
2013-05-18,34.1,22.4,0.2,67,18.0,23.54
2013-05-19,33.1,22.3,0.0,65,17.2,16.78
2013-05-20,36.1,22.5,8.5,69,17.6,22.82
2013-05-21,33.9,22.1,3.6,71,17.0,23.68
2013-05-22,31.6,23.2,0.0,71,19.2,19.5
2013-05-23,33.6,22.6,0.0,69,20.1,23.22
2013-05-24,32.7,22.5,0.0,70,19.9,23.68
2013-05-25,33.2,22.2,0.0,68,22.0,24.92
2013-05-26,33.7,22.6,0.0,69,20.5,23.11
2013-05-27,30.5,22.7,2.1,75,19.0,19.52
2013-05-28,30.9,22.1,6.4,79,22.4,17.44
2013-05-29,30.6,21.9,5.3,82,19.2,15.97
2013-05-30,31.1,22.2,7.4,81,18.4,17.28
2013-05-31,31.4,22.1,0.0,72,20.2,21.22
2013-06-01,26.4,21.7,7.4,87,14.7,11.23
2013-06-02,26.8,21.6,5.3,87,18.4,14.41
2013-06-03,26.7,21.3,12.3,89,18.1,13.0
2013-06-04,27.2,20.6,3.8,84,16.0,15.79
2013-06-05,29.0,21.2,2.1,80,17.4,18.35
2013-06-06,27.8,22.3,9.2,84,15.9,14.39
2013-06-07,25.0,21.1,17.0,92,20.1,8.82
2013-06-08,23.3,20.9,22.0,95,20.7,7.59
2013-06-09,23.2,20.7,29.4,97,26.4,6.86
2013-06-10,22.3,21.0,20.8,97,22.5,4.83
2013-06-11,25.6,21.3,12.6,92,21.8,11.21
2013-06-12,25.7,20.9,2.3,88,25.0,14.94
2013-06-13,24.8,20.6,5.9,93,28.6,9.93
2013-06-14,23.0,21.1,6.5,93,27.0,6.93
2013-06-15,22.3,20.8,15.3,96,23.5,5.68
2013-06-16,24.9,20.9,5.3,91,33.6,14.86
2013-06-17,25.0,21.0,6.1,90,30.3,14.88
2013-06-18,24.1,21.0,10.8,91,21.7,11.18
2013-06-19,25.1,20.6,4.7,89,21.2,14.15
2013-06-20,25.3,20.3,2.1,88,23.3,12.73
2013-06-21,26.2,21.0,1.3,85,21.3,17.63
2013-06-22,25.9,21.3,2.2,85,23.4,16.58
2013-06-23,24.6,20.7,1.1,88,23.9,12.5
2013-06-24,24.9,20.8,3.2,88,27.6,14.24
2013-06-25,22.2,20.2,7.5,96,22.8,5.48
2013-06-26,23.7,20.7,3.4,93,25.5,7.25
2013-06-27,25.0,20.9,1.9,86,27.7,17.29
2013-06-28,26.2,20.9,1.1,84,27.1,19.7
2013-06-29,25.5,20.6,1.9,85,27.8,18.98
2013-06-30,25.3,20.6,3.5,86,28.0,17.0
2013-07-01,24.2,20.3,4.3,88,29.4,14.61
2013-07-02,24.4,20.7,12.2,90,22.7,12.0
2013-07-03,25.4,20.9,2.6,88,25.2,14.64
2013-07-04,25.5,20.9,1.2,85,29.2,16.32
2013-07-05,24.7,20.9,1.1,87,22.7,13.17
2013-07-06,25.0,20.7,2.3,85,21.0,15.74
2013-07-07,24.7,20.7,10.2,89,19.9,12.25
2013-07-08,22.7,20.2,16.5,95,17.2,5.03
2013-07-09,23.6,20.7,6.5,92,21.9,7.69
2013-07-10,23.0,20.3,10.1,93,23.9,8.41
2013-07-11,21.5,20.2,30.4,94,26.0,4.75
2013-07-12,21.4,20.2,23.5,96,21.1,3.67
2013-07-13,24.7,20.2,1.7,91,24.7,12.35
2013-07-14,25.5,20.3,1.6,85,23.3,17.39
2013-07-15,24.4,20.8,1.7,88,22.4,10.99
2013-07-16,22.8,20.1,5.5,93,24.0,6.1
2013-07-17,22.4,19.8,7.4,96,22.2,5.61
2013-07-18,21.7,20.1,9.6,94,24.4,5.25
2013-07-19,22.2,20.4,10.2,95,25.4,4.9
2013-07-20,21.7,20.2,24.3,95,22.3,6.31
2013-07-21,22.1,19.8,22.4,94,24.7,8.56
2013-07-22,21.4,19.8,26.7,94,23.9,3.68
2013-07-23,21.0,20.0,32.5,94,25.9,3.77
2013-07-24,21.8,20.4,38.1,92,29.7,6.44
2013-07-25,23.9,20.3,9.4,89,30.7,12.15
2013-07-26,23.4,20.3,3.0,89,30.5,10.24
2013-07-27,24.3,20.6,2.0,88,28.6,12.65
2013-07-28,24.7,20.8,2.5,86,29.3,13.36
2013-07-29,25.0,20.3,2.7,85,30.0,17.42
2013-07-30,24.7,20.4,8.7,88,29.7,14.61
2013-07-31,21.0,20.0,11.4,93,28.5,4.8
2013-08-01,22.6,20.4,10.5,92,30.2,8.17
2013-08-02,22.7,20.2,4.9,90,29.5,9.15
2013-08-03,24.8,20.2,3.5,87,27.9,16.44
2013-08-04,25.2,20.2,4.0,86,20.5,17.56
2013-08-05,24.7,20.3,3.0,86,22.0,14.25
2013-08-06,24.5,20.3,3.1,87,19.2,12.61
2013-08-07,25.7,20.0,0.4,83,21.2,16.55
2013-08-08,25.4,20.2,0.7,84,21.3,15.97
2013-08-09,25.7,20.6,0.1,82,20.3,15.35
2013-08-10,25.5,20.3,2.2,84,22.4,15.79
2013-08-11,25.9,20.3,0.4,83,19.8,15.52
2013-08-12,25.0,20.6,0.0,85,18.4,8.95
2013-08-13,24.5,20.4,1.0,87,22.0,13.03
2013-08-14,25.8,20.4,0.4,83,20.5,15.23
2013-08-15,25.1,20.6,4.9,86,19.4,12.61
2013-08-16,23.6,20.5,8.8,93,17.7,8.04
2013-08-17,24.0,20.4,6.5,93,23.3,10.16
2013-08-18,22.2,20.3,8.3,96,18.7,5.63
2013-08-19,24.3,20.3,4.5,89,23.3,12.14
2013-08-20,25.1,20.2,1.6,87,26.0,15.88
2013-08-21,24.2,20.4,1.6,86,28.2,14.02
2013-08-22,24.7,20.5,2.2,85,27.4,13.78
2013-08-23,25.2,20.0,1.3,85,25.6,15.49
2013-08-24,25.9,19.8,0.7,84,24.1,16.49
2013-08-25,25.3,20.3,0.9,83,21.3,16.28
2013-08-26,25.7,20.3,1.3,83,19.8,16.79
2013-08-27,26.0,20.1,1.4,85,17.4,14.63
2013-08-28,26.1,19.7,2.2,86,16.4,15.82
2013-08-29,26.9,20.5,0.8,82,18.3,16.24
2013-08-30,27.8,20.0,0.0,80,13.9,19.43
2013-08-31,27.9,19.7,0.4,79,9.8,20.97
2013-09-01,28.4,20.2,0.3,79,8.9,21.43
2013-09-02,28.9,21.4,0.0,78,10.1,19.47
2013-09-03,27.4,21.1,0.4,82,14.8,16.87
2013-09-04,24.5,20.4,0.8,85,15.0,9.6
2013-09-05,26.9,19.9,3.1,84,17.7,16.51
2013-09-06,26.7,20.2,0.7,83,16.6,17.99
2013-09-07,25.9,20.3,4.9,87,14.5,13.12
2013-09-08,26.1,19.9,1.2,82,10.9,12.81
2013-09-09,25.7,20.2,10.4,86,12.8,10.49
2013-09-10,23.7,20.3,20.3,91,10.2,8.09
2013-09-11,26.4,20.5,6.6,89,11.6,13.22
2013-09-12,26.5,20.9,12.9,88,15.9,14.5
2013-09-13,27.6,20.3,6.1,86,8.7,17.42
2013-09-14,27.8,20.6,3.8,86,13.4,17.4
2013-09-15,27.8,21.5,4.0,85,13.8,15.01
2013-09-16,26.3,21.0,12.8,90,13.3,13.04
2013-09-17,22.6,20.9,24.4,97,12.7,4.93
2013-09-18,22.6,21.0,24.4,97,19.3,3.85
2013-09-19,23.0,20.6,19.8,94,19.7,5.55
2013-09-20,23.8,20.4,9.2,94,19.1,6.29
2013-09-21,26.4,20.8,0.4,87,25.7,16.79
2013-09-22,24.5,20.3,1.0,87,22.8,12.15
2013-09-23,25.7,19.5,0.3,82,23.9,18.11
2013-09-24,25.5,20.2,0.8,86,24.1,16.51
2013-09-25,25.6,20.0,0.9,86,21.9,15.88
2013-09-26,25.8,20.6,1.2,86,19.6,16.35
2013-09-27,25.5,20.6,1.2,88,19.0,14.57
2013-09-28,25.9,20.3,1.3,84,18.0,16.72
2013-09-29,26.0,19.9,0.9,85,19.7,16.49
2013-09-30,25.4,20.3,0.5,85,17.6,15.17
2013-10-01,26.4,20.7,1.2,84,15.3,16.39
2013-10-02,26.8,19.6,0.1,83,17.0,15.3
2013-10-03,25.8,20.5,1.2,85,19.3,13.24
2013-10-04,25.3,20.2,0.1,84,24.8,13.18
2013-10-05,23.9,20.1,7.5,93,22.4,7.58
2013-10-06,25.6,20.7,3.6,91,14.0,13.28
2013-10-07,27.1,20.9,1.8,86,13.8,15.57
2013-10-08,27.6,20.5,0.0,82,12.4,16.33
2013-10-09,26.9,20.6,0.9,83,15.3,17.46
2013-10-10,26.4,20.5,0.6,81,13.0,16.32
2013-10-11,26.4,19.6,0.1,81,16.2,18.51
2013-10-12,26.4,19.8,3.5,84,16.6,15.45
2013-10-13,26.9,20.5,0.9,83,16.0,16.26
2013-10-14,27.0,20.9,0.5,84,12.6,16.66
2013-10-15,27.8,20.3,1.0,84,11.2,17.89
2013-10-16,27.3,20.8,6.3,86,9.4,14.23
2013-10-17,28.0,20.6,0.2,81,10.7,16.71
2013-10-18,28.4,20.9,1.9,76,13.1,20.6
2013-10-19,28.9,20.0,0.2,74,12.6,20.53
2013-10-20,27.4,19.6,0.0,72,8.8,19.01
2013-10-21,28.9,20.1,0.0,68,12.3,21.61
2013-10-22,28.0,19.8,1.8,71,14.3,17.53
2013-10-23,27.1,20.4,19.0,86,10.3,12.43
2013-10-24,26.7,20.4,2.5,84,17.2,15.39
2013-10-25,24.4,20.7,9.1,91,11.4,6.54
2013-10-26,23.7,20.5,13.7,93,14.1,7.53
2013-10-27,24.2,20.2,6.6,91,11.8,5.83
2013-10-28,26.2,19.9,1.6,89,10.5,14.03
2013-10-29,27.4,18.3,0.0,80,9.6,17.37
2013-10-30,27.8,17.6,0.0,70,10.7,21.63
2013-10-31,26.8,16.2,0.0,68,14.0,22.53
2013-11-01,27.2,17.1,0.0,73,13.1,18.61
2013-11-02,27.4,19.1,0.0,78,14.8,15.96
2013-11-03,26.9,19.6,0.0,79,16.8,15.4
2013-11-04,27.0,19.8,0.0,75,19.9,15.41
2013-11-05,27.1,18.9,0.0,73,22.0,17.68
2013-11-06,26.9,17.7,0.0,70,15.5,20.73
2013-11-07,27.2,17.3,0.0,69,15.5,20.03
2013-11-08,27.4,18.0,0.0,64,11.5,20.47
2013-11-09,27.1,17.4,0.0,64,15.5,21.08
2013-11-10,26.9,16.3,0.0,65,14.5,21.27
2013-11-11,26.9,16.3,0.0,59,18.0,21.67
2013-11-12,26.7,14.0,0.0,59,10.5,21.21
2013-11-13,27.2,15.4,0.0,56,10.9,21.08
2013-11-14,27.1,14.4,0.0,57,13.7,21.41
2013-11-15,26.9,14.5,0.0,53,16.4,21.46
2013-11-16,26.8,14.9,0.0,56,16.3,20.85
2013-11-17,26.3,18.2,0.0,67,25.2,13.51
2013-11-18,25.9,19.9,0.0,70,21.2,8.63
2013-11-19,28.8,18.1,0.0,65,13.6,18.58
2013-11-20,29.1,16.5,0.0,50,13.2,21.07
2013-11-21,28.8,14.1,0.0,51,10.2,21.24
2013-11-22,28.9,12.9,0.0,48,13.0,21.37
2013-11-23,28.3,15.4,0.0,62,12.2,16.47
2013-11-24,28.9,17.1,0.6,69,7.6,17.61
2013-11-25,28.5,19.5,0.6,74,8.2,16.21
2013-11-26,28.9,20.3,0.0,69,9.7,16.54
2013-11-27,29.4,19.8,0.0,62,12.5,16.92
2013-11-28,29.0,16.0,0.0,44,16.8,19.85
2013-11-29,26.3,17.8,0.0,59,13.3,11.75
2013-11-30,28.7,18.2,0.0,66,9.8,16.46
2013-12-01,29.3,19.3,0.0,62,11.6,17.42
2013-12-02,28.1,20.4,0.2,66,10.2,15.11
2013-12-03,29.0,19.8,0.0,61,14.8,17.88
2013-12-04,28.7,18.6,0.0,60,20.2,18.32
2013-12-05,28.8,17.7,0.0,51,20.3,19.8
2013-12-06,27.6,16.2,0.0,45,18.5,20.02
2013-12-07,27.0,14.9,0.0,45,17.4,20.52
2013-12-08,27.6,13.5,0.0,47,10.8,20.6
2013-12-09,28.1,13.0,0.0,44,11.8,20.62
2013-12-10,28.3,11.9,0.0,37,12.5,20.89
2013-12-11,28.4,12.5,0.0,35,13.1,20.92
2013-12-12,28.6,13.6,0.0,34,18.4,20.75
2013-12-13,28.2,15.9,0.0,48,20.3,19.86
2013-12-14,29.1,15.9,0.0,52,12.6,19.99
2013-12-15,29.3,14.4,0.0,43,9.7,20.4
2013-12-16,28.4,12.4,0.0,37,11.8,20.75
2013-12-17,27.3,12.7,0.0,43,15.3,20.56
2013-12-18,27.1,12.3,0.0,45,15.8,20.51
2013-12-19,26.7,12.0,0.0,44,9.9,20.57
2013-12-20,27.5,13.0,0.0,39,10.4,20.4
2013-12-21,27.9,12.6,0.0,44,11.5,20.23
2013-12-22,27.4,12.7,0.0,51,16.5,20.0
2013-12-23,26.3,14.9,0.0,58,16.3,19.49
2013-12-24,26.7,15.8,0.0,62,23.4,17.96
2013-12-25,27.5,15.0,0.0,54,16.2,19.94
2013-12-26,27.4,14.7,0.0,48,15.7,19.87
2013-12-27,26.9,13.9,0.0,52,12.6,20.03
2013-12-28,27.3,13.6,0.0,52,10.2,20.01
2013-12-29,27.6,13.7,0.0,50,10.9,19.94
2013-12-30,27.3,15.8,0.0,50,14.2,19.83
2013-12-31,27.2,15.7,0.0,54,16.6,19.71
2014-01-01,26.3,15.7,0.0,61,18.0,18.41
2014-01-02,27.2,15.1,0.0,54,15.6,20.05
2014-01-03,27.7,14.8,0.0,49,16.3,20.41
2014-01-04,28.3,15.2,0.0,53,12.4,20.06
2014-01-05,28.3,14.1,0.0,53,9.7,20.17
2014-01-06,28.8,14.5,0.0,57,9.2,20.19
2014-01-07,29.2,15.7,0.0,39,13.1,20.6
2014-01-08,28.7,15.6,0.0,43,16.6,20.81
2014-01-09,28.5,16.1,0.0,52,12.0,20.39
2014-01-10,28.6,15.7,0.0,50,11.6,20.26
2014-01-11,28.3,15.5,0.0,53,7.7,19.6
2014-01-12,29.4,16.6,0.0,53,13.5,20.06
2014-01-13,29.0,16.6,0.0,54,14.2,20.26
2014-01-14,28.4,16.9,0.0,46,15.4,20.45
2014-01-15,28.8,16.9,0.0,48,13.8,20.15
2014-01-16,28.9,16.1,0.0,54,14.0,17.02
2014-01-17,27.8,16.3,0.0,69,11.2,18.36
2014-01-18,27.7,17.7,0.0,65,8.8,15.18
2014-01-19,28.8,18.1,0.0,54,13.2,18.74
2014-01-20,29.0,18.1,0.0,50,16.5,20.48
2014-01-21,28.1,17.6,0.0,47,20.5,19.74
2014-01-22,28.0,16.9,0.0,47,15.5,19.41
2014-01-23,27.1,18.4,0.0,52,12.1,15.65
2014-01-24,28.4,17.5,0.0,52,11.9,17.65
2014-01-25,28.9,17.7,0.0,49,16.2,21.16
2014-01-26,29.0,17.2,0.0,49,15.9,21.51
2014-01-27,28.1,17.5,0.0,50,21.1,19.95
2014-01-28,27.5,16.4,0.0,54,15.5,19.98
2014-01-29,28.2,17.1,0.0,48,12.8,20.9
2014-01-30,28.1,17.9,0.0,45,14.2,19.27
2014-01-31,28.1,16.8,0.0,44,15.1,21.87
2014-02-01,28.2,16.5,0.0,43,17.1,22.14
2014-02-02,28.7,16.6,0.0,48,17.3,22.14
2014-02-03,29.5,16.7,0.0,47,12.8,22.31
2014-02-04,30.7,16.6,0.0,43,11.8,22.7
2014-02-05,30.8,16.0,0.0,45,8.6,22.58
2014-02-06,31.4,16.2,0.0,40,11.5,22.87
2014-02-07,30.9,17.0,0.0,36,8.0,23.04
2014-02-08,30.7,15.9,0.0,44,10.8,23.1
2014-02-09,30.5,17.4,0.0,37,11.3,23.38
2014-02-10,30.5,14.6,0.0,32,10.6,23.65
2014-02-11,30.0,15.9,0.0,32,13.7,23.63
2014-02-12,29.9,16.3,0.0,42,14.5,23.34
2014-02-13,27.3,16.4,0.0,61,16.4,16.75
2014-02-14,28.8,15.0,0.0,61,17.3,21.53
2014-02-15,27.0,16.1,0.0,49,16.1,17.03
2014-02-16,27.6,16.5,0.0,50,20.8,22.5
2014-02-17,28.2,13.5,0.0,41,13.9,24.11
2014-02-18,30.0,17.3,0.0,44,19.4,23.14
2014-02-19,29.0,18.1,0.0,55,16.1,16.76
2014-02-20,29.7,18.4,0.0,69,17.0,17.55
2014-02-21,29.6,18.0,0.0,69,12.8,18.04
2014-02-22,30.0,17.7,0.0,66,10.9,21.43
2014-02-23,30.3,18.1,0.0,59,8.5,20.55
2014-02-24,32.0,19.1,0.0,37,16.3,24.1
2014-02-25,31.2,19.0,0.0,46,16.7,22.47
2014-02-26,31.2,19.5,1.0,57,11.7,20.68
2014-02-27,30.0,19.6,0.5,67,12.7,18.36
2014-02-28,29.2,18.4,0.0,66,14.2,17.15
2014-03-01,31.1,17.5,0.0,52,19.0,23.62
2014-03-02,30.9,12.3,0.0,41,12.8,25.99
2014-03-03,31.4,15.0,0.0,51,19.1,24.66
2014-03-04,29.6,15.7,0.0,56,14.5,23.51
2014-03-05,30.6,16.7,0.0,54,18.2,23.66
2014-03-06,30.4,17.0,0.0,59,14.2,23.77
2014-03-07,31.2,15.9,0.0,49,14.2,21.95
2014-03-08,31.2,19.1,0.4,56,12.7,20.59
2014-03-09,30.7,19.7,1.3,57,14.5,16.74
2014-03-10,30.2,18.6,0.8,58,7.9,20.46
2014-03-11,31.9,20.2,0.0,47,10.4,20.76
2014-03-12,31.5,21.8,0.0,40,13.8,19.18
2014-03-13,33.2,19.8,0.0,39,11.9,24.71
2014-03-14,33.9,20.5,0.0,31,14.6,25.73
2014-03-15,34.0,18.9,0.0,35,12.9,25.95
2014-03-16,34.7,20.0,0.0,30,15.3,26.07
2014-03-17,33.7,21.7,0.0,33,12.4,22.36
2014-03-18,34.8,21.6,0.0,32,12.0,25.39
2014-03-19,35.1,20.0,0.0,36,10.8,26.31
2014-03-20,35.1,20.7,0.0,53,9.5,25.41
2014-03-21,34.4,22.2,0.0,58,18.4,21.58
2014-03-22,35.1,23.1,0.0,30,14.5,26.17
2014-03-23,36.0,19.8,0.0,34,15.4,26.27
2014-03-24,34.5,21.6,0.0,44,15.6,24.48
2014-03-25,35.0,20.6,0.0,43,11.8,23.75
2014-03-26,36.1,21.0,0.0,36,12.4,26.83
2014-03-27,35.9,20.4,0.0,34,14.9,26.89
2014-03-28,35.3,19.9,0.0,45,10.1,26.65
2014-03-29,36.4,20.4,0.0,31,10.3,27.35
2014-03-30,36.6,22.1,0.0,40,13.6,26.11
2014-03-31,34.5,22.0,0.0,61,17.1,22.48
2014-04-01,35.4,21.9,0.0,55,17.8,23.62
2014-04-02,35.4,21.3,0.0,48,10.3,23.9
2014-04-03,35.3,23.0,0.0,37,15.1,22.83
2014-04-04,34.6,23.7,0.0,42,11.4,22.28
2014-04-05,35.5,21.7,0.0,62,14.4,23.88
2014-04-06,34.3,22.5,0.0,63,14.8,20.9
2014-04-07,34.3,22.6,0.0,69,20.1,22.16
2014-04-08,34.4,22.4,0.2,67,18.6,23.6
2014-04-09,34.1,21.4,0.0,60,14.5,23.93
2014-04-10,34.7,21.6,0.0,48,11.1,23.79
2014-04-11,35.1,22.5,0.0,54,14.4,21.35
2014-04-12,35.6,20.3,0.0,43,15.1,26.63
2014-04-13,35.6,21.3,0.0,41,18.0,27.31
2014-04-14,36.2,19.4,0.0,50,19.8,26.89
2014-04-15,34.8,19.7,0.0,57,10.7,23.66
2014-04-16,34.0,21.5,1.5,63,14.9,21.86
2014-04-17,33.4,21.6,5.4,70,15.6,23.09
2014-04-18,29.7,21.9,15.0,79,13.6,19.59
2014-04-19,30.0,21.4,1.0,77,11.8,22.86
2014-04-20,32.9,20.9,0.8,63,11.4,23.72
2014-04-21,34.1,22.4,0.0,52,13.8,26.39
2014-04-22,34.6,21.8,0.0,55,11.1,26.23
2014-04-23,35.4,22.7,0.0,52,12.4,27.12
2014-04-24,34.5,23.0,0.0,68,19.4,22.81
2014-04-25,35.5,23.5,1.3,65,12.7,24.74
2014-04-26,34.1,24.6,1.2,61,15.4,20.82
2014-04-27,34.0,23.5,2.2,63,10.8,22.05
2014-04-28,33.7,23.5,1.4,68,12.6,20.85
2014-04-29,34.4,22.9,2.1,66,14.7,24.19
2014-04-30,34.3,22.8,1.1,70,12.3,23.68
2014-05-01,34.5,23.3,2.5,68,14.3,24.3
2014-05-02,35.0,22.9,0.8,67,11.8,24.16
2014-05-03,33.7,22.4,3.2,68,8.4,24.04
2014-05-04,34.2,22.9,0.4,64,10.7,24.16
2014-05-05,34.4,23.1,0.0,61,13.1,22.32
2014-05-06,33.5,22.2,0.7,62,8.7,22.81
2014-05-07,32.9,23.7,0.9,69,13.1,15.35
2014-05-08,29.0,21.9,13.6,84,10.2,7.95
2014-05-09,28.4,21.6,19.9,82,14.3,14.85
2014-05-10,30.9,21.7,0.2,73,15.3,23.49
2014-05-11,32.0,20.4,0.0,67,13.4,25.69
2014-05-12,32.3,19.5,0.0,59,12.0,28.0
2014-05-13,32.9,18.8,0.0,62,14.8,27.59
2014-05-14,33.1,19.5,0.0,62,16.6,27.6
2014-05-15,33.1,18.6,0.0,62,18.5,27.81
2014-05-16,33.4,21.3,0.0,64,19.2,24.81
2014-05-17,33.0,22.7,0.0,66,15.3,21.72
2014-05-18,34.8,23.1,2.7,66,11.2,22.15
2014-05-19,35.1,23.5,2.8,65,14.1,22.15
2014-05-20,31.8,23.6,5.0,77,15.7,19.43
2014-05-21,32.7,23.3,6.3,78,20.8,19.99
2014-05-22,31.9,23.2,1.8,74,17.3,21.51
2014-05-23,33.4,21.2,0.0,69,17.3,25.44
2014-05-24,33.9,22.0,0.0,66,17.8,23.67
2014-05-25,34.5,22.8,0.0,70,21.4,23.02
2014-05-26,35.0,21.9,0.3,67,14.6,23.89
2014-05-27,31.4,22.7,1.8,74,18.0,19.49
2014-05-28,34.4,22.7,2.2,75,16.2,22.14
2014-05-29,33.7,23.8,2.8,75,16.5,22.05
2014-05-30,32.3,23.1,2.0,74,15.2,22.0
2014-05-31,34.4,22.4,1.0,69,16.3,24.59
2014-06-01,32.8,22.7,0.0,66,14.6,21.46
2014-06-02,32.9,22.7,3.5,74,15.6,20.65
2014-06-03,30.1,23.4,2.4,79,13.8,14.9
2014-06-04,31.1,22.5,3.5,79,16.8,18.88
2014-06-05,30.5,22.8,5.1,80,18.7,16.65
2014-06-06,30.1,23.0,2.0,80,20.1,17.54
2014-06-07,31.2,22.9,1.0,80,21.1,18.59
2014-06-08,29.5,22.6,0.4,80,19.2,17.69
2014-06-09,29.2,22.3,0.9,80,22.3,14.03
2014-06-10,27.7,22.1,0.6,82,27.1,10.32
2014-06-11,27.6,22.1,0.9,83,24.6,13.35
2014-06-12,28.2,21.8,0.7,82,22.2,18.16
2014-06-13,28.0,21.6,1.2,80,22.3,17.76
2014-06-14,28.2,21.9,3.4,81,23.9,17.85
2014-06-15,26.5,21.5,0.0,82,23.1,14.25
2014-06-16,27.7,21.3,1.5,82,26.0,16.75
2014-06-17,26.9,21.7,2.0,85,25.4,15.11
2014-06-18,26.8,21.6,3.7,87,28.0,16.31
2014-06-19,25.4,21.3,5.7,89,25.6,14.01
2014-06-20,27.2,21.6,0.9,82,30.0,18.47
2014-06-21,28.0,21.9,1.8,83,29.6,19.5
2014-06-22,27.2,21.4,0.0,81,26.1,16.21
2014-06-23,27.9,21.8,0.5,78,25.6,18.19
2014-06-24,28.5,21.6,0.0,75,24.5,16.57
2014-06-25,28.9,21.3,0.0,74,22.8,19.02
2014-06-26,31.0,21.0,0.0,72,17.9,18.58
2014-06-27,31.8,21.4,0.6,72,16.3,22.45
2014-06-28,29.8,22.2,1.2,78,16.3,14.59
2014-06-29,30.7,21.9,0.9,75,19.1,20.41
2014-06-30,30.7,21.7,0.1,71,20.6,21.7
2014-07-01,30.9,20.8,0.3,73,23.0,21.46
2014-07-02,29.3,21.6,0.3,73,21.2,18.14
2014-07-03,29.5,21.5,1.5,76,22.7,20.34
2014-07-04,25.8,21.8,2.8,84,19.1,9.43
2014-07-05,25.3,21.5,11.1,90,17.5,9.0
2014-07-06,26.8,21.6,12.7,88,16.3,10.48
2014-07-07,26.5,21.2,13.5,91,16.4,9.68
2014-07-08,25.1,21.3,1.7,88,21.6,10.38
2014-07-09,24.0,20.8,3.3,93,22.1,8.38
2014-07-10,23.5,20.6,6.9,95,27.0,7.74
2014-07-11,21.7,19.4,26.4,97,25.8,5.12
2014-07-12,21.6,19.9,27.8,98,27.2,3.83
2014-07-13,23.3,20.8,3.6,93,25.3,8.69
2014-07-14,25.1,20.8,9.1,92,27.3,10.59
2014-07-15,21.9,20.7,18.3,97,25.0,5.18
2014-07-16,23.7,20.6,9.6,91,30.1,9.64
2014-07-17,24.6,20.9,4.8,89,30.3,11.4
2014-07-18,24.9,20.8,5.3,86,33.1,17.9
2014-07-19,25.3,21.0,5.6,86,33.3,15.67
2014-07-20,23.4,20.8,1.7,88,30.1,9.24
2014-07-21,23.9,20.6,2.2,86,30.6,11.67
2014-07-22,21.8,20.2,7.2,92,25.3,7.03
2014-07-23,21.6,20.1,9.5,94,26.9,5.34
2014-07-24,24.7,20.1,5.4,87,32.0,15.62
2014-07-25,24.9,20.4,3.9,88,25.3,15.07
2014-07-26,25.7,20.6,2.3,85,23.4,16.85
2014-07-27,25.2,20.7,2.7,86,25.7,15.2
2014-07-28,24.1,20.8,5.9,91,27.4,10.32
2014-07-29,23.0,20.6,22.9,96,25.8,8.69
2014-07-30,23.3,20.6,25.1,93,27.6,8.8
2014-07-31,25.0,20.6,21.5,89,26.9,11.55
2014-08-01,24.7,20.8,5.0,88,28.4,12.65
2014-08-02,24.8,20.9,3.2,87,30.3,14.26
2014-08-03,25.3,20.6,2.6,87,29.3,16.3
2014-08-04,25.0,20.8,4.8,87,26.8,12.62
2014-08-05,24.1,20.4,8.7,88,29.5,11.52
2014-08-06,24.2,20.5,3.9,87,30.2,13.4
2014-08-07,23.9,20.6,2.7,88,25.3,11.3
2014-08-08,24.0,20.3,1.2,88,24.0,13.12
2014-08-09,24.4,20.2,1.7,89,22.8,10.98
2014-08-10,25.3,20.5,4.1,89,21.8,13.38
2014-08-11,25.0,20.6,4.7,88,18.3,14.15
2014-08-12,25.5,20.6,2.5,87,20.1,16.17
2014-08-13,25.5,20.6,0.4,84,21.3,15.21
2014-08-14,26.5,20.7,0.8,83,21.2,17.14
2014-08-15,25.4,20.4,0.6,85,24.3,15.68
2014-08-16,25.0,20.2,1.2,84,21.0,14.36
2014-08-17,25.7,20.6,5.2,87,17.5,14.65
2014-08-18,26.8,20.3,0.9,83,9.9,16.8
2014-08-19,27.5,21.0,5.8,86,12.1,15.87
2014-08-20,28.2,20.8,2.6,85,12.5,16.55
2014-08-21,28.4,21.8,5.7,84,12.4,18.68
2014-08-22,28.4,21.5,7.4,85,9.4,16.46
2014-08-23,29.0,20.8,6.3,84,12.2,18.26
2014-08-24,27.2,20.5,6.5,86,18.7,15.39
2014-08-25,24.7,21.1,4.1,91,19.0,10.8
2014-08-26,22.8,20.4,15.6,97,17.2,5.47
2014-08-27,22.6,20.1,12.5,96,19.7,6.18
2014-08-28,22.1,20.1,16.6,97,16.4,3.94
2014-08-29,22.8,19.9,5.1,94,14.0,5.04
2014-08-30,23.7,20.3,16.1,97,21.7,6.41
2014-08-31,22.4,20.1,10.1,93,26.0,7.35
2014-09-01,24.3,20.5,3.1,90,28.4,12.96
2014-09-02,25.0,20.2,3.0,88,28.5,16.62
2014-09-03,24.8,20.3,1.7,88,26.0,15.44
2014-09-04,24.8,20.3,1.9,89,28.7,14.02
2014-09-05,24.3,20.2,2.3,89,25.7,14.32
2014-09-06,23.8,20.5,7.0,90,21.7,10.54
2014-09-07,24.3,20.7,1.0,87,22.7,11.23
2014-09-08,24.6,20.5,2.6,85,25.8,16.79
2014-09-09,25.7,19.8,0.5,85,25.0,17.96
2014-09-10,25.1,20.3,1.8,84,22.8,17.15
2014-09-11,26.0,20.1,1.3,84,17.8,16.63
2014-09-12,26.2,20.3,1.3,84,18.7,15.63
2014-09-13,26.3,20.6,1.3,84,17.3,15.32
2014-09-14,26.8,20.4,4.8,85,16.9,16.44
2014-09-15,26.3,20.3,2.5,84,17.6,18.18
2014-09-16,26.2,20.4,3.8,86,17.3,17.75
2014-09-17,26.8,20.1,0.1,81,14.9,18.07
2014-09-18,25.8,20.4,0.9,84,11.9,12.07
2014-09-19,27.1,20.4,2.7,86,16.1,16.41
2014-09-20,26.1,20.1,0.5,82,16.0,15.97
2014-09-21,27.2,19.8,0.0,79,12.1,15.94
2014-09-22,27.8,20.2,0.0,80,9.7,16.38
2014-09-23,28.6,20.8,1.0,82,11.3,18.13
2014-09-24,29.1,21.4,4.3,82,13.0,20.08
2014-09-25,29.0,20.6,15.6,84,11.2,18.59
2014-09-26,29.1,20.4,12.8,87,9.5,21.32
2014-09-27,28.6,20.0,4.1,85,10.3,19.03
2014-09-28,28.6,20.4,0.6,77,15.1,20.34
2014-09-29,28.6,20.4,3.6,82,11.5,20.26
2014-09-30,28.4,20.7,12.4,87,8.6,18.18
2014-10-01,28.2,20.4,1.5,85,10.7,20.13
2014-10-02,28.7,19.9,0.0,76,12.2,20.98
2014-10-03,28.9,20.4,0.0,77,10.2,20.8
2014-10-04,29.3,21.4,0.4,83,12.4,20.29
2014-10-05,29.4,20.8,3.8,82,7.1,19.02
2014-10-06,28.9,21.7,4.7,85,15.3,16.68
2014-10-07,28.6,20.8,11.5,86,15.6,17.35
2014-10-08,27.9,19.9,9.3,87,14.7,17.23
2014-10-09,26.9,20.5,9.4,89,10.2,14.51
2014-10-10,27.7,20.8,3.2,87,13.4,14.72
2014-10-11,29.1,21.6,8.0,87,12.5,17.58
2014-10-12,29.6,21.8,0.0,75,13.0,22.06
2014-10-13,29.2,20.1,0.0,77,13.7,21.64
2014-10-14,28.9,20.5,0.0,76,11.1,22.85
2014-10-15,29.2,19.1,0.0,76,11.5,21.05
2014-10-16,29.0,20.4,0.0,72,14.6,20.59
2014-10-17,29.0,20.7,0.0,75,13.3,20.36
2014-10-18,28.9,20.4,0.1,75,10.4,19.51
2014-10-19,29.0,20.4,0.1,73,11.3,19.27
2014-10-20,29.0,19.9,0.0,70,17.0,21.25
2014-10-21,28.5,20.2,0.0,66,20.2,19.02
2014-10-22,29.3,20.6,0.0,65,18.7,21.52
2014-10-23,29.2,19.5,0.2,67,14.9,21.67
2014-10-24,27.0,20.0,1.8,73,12.9,12.53
2014-10-25,23.1,19.6,28.5,93,7.9,4.65
2014-10-26,23.5,19.6,47.9,91,10.5,4.91
2014-10-27,24.4,19.3,0.0,88,12.5,8.33
2014-10-28,26.3,19.3,0.0,79,11.5,13.98
2014-10-29,26.7,17.3,0.0,71,14.4,21.46
2014-10-30,26.6,16.0,0.0,66,18.4,22.74
2014-10-31,26.5,15.8,0.0,66,12.6,22.02
2014-11-01,27.1,15.9,0.0,65,12.7,21.61
2014-11-02,28.1,18.3,0.0,66,13.7,20.19
2014-11-03,28.5,18.0,0.0,63,18.0,21.62
2014-11-04,28.5,16.4,0.0,65,11.1,21.18
2014-11-05,28.8,16.1,0.0,70,8.6,21.21
2014-11-06,28.7,17.9,0.0,68,8.2,20.42
2014-11-07,28.8,16.2,0.0,60,11.4,20.96
2014-11-08,28.2,16.3,0.0,57,15.3,20.55
2014-11-09,28.5,16.7,0.0,57,9.3,20.95
2014-11-10,29.4,18.6,0.0,69,7.6,17.52
2014-11-11,28.1,20.4,0.8,80,9.1,15.17
2014-11-12,29.0,18.9,0.0,68,13.4,18.52
2014-11-13,26.7,19.9,5.1,80,23.4,14.03
2014-11-14,25.0,19.9,44.6,91,18.4,6.76
2014-11-15,26.0,20.5,1.7,84,17.9,10.09
2014-11-16,27.6,18.1,0.0,73,15.7,20.62
2014-11-17,27.3,16.3,0.0,70,16.2,20.12
2014-11-18,27.5,16.5,0.0,71,19.6,18.92
2014-11-19,27.5,16.2,0.0,68,15.2,20.6
2014-11-20,27.1,16.0,0.0,70,16.1,17.78
2014-11-21,27.4,16.4,0.0,75,12.6,19.24
2014-11-22,27.5,17.0,0.0,71,9.5,20.19
2014-11-23,27.6,14.9,0.0,64,9.4,19.89
2014-11-24,27.8,16.1,0.0,67,14.0,20.33
2014-11-25,27.3,16.9,0.0,64,15.9,20.25
2014-11-26,27.3,15.8,0.0,62,16.6,20.07
2014-11-27,27.5,13.0,0.0,59,14.1,20.81
2014-11-28,27.2,13.9,0.0,58,11.3,19.51
2014-11-29,27.6,14.2,0.0,55,14.1,19.29
2014-11-30,27.9,13.7,0.0,54,15.0,20.06
2014-12-01,27.3,18.1,0.0,46,18.5,16.08
2014-12-02,28.4,17.7,0.0,52,16.7,19.72
2014-12-03,28.2,14.5,0.0,55,10.5,20.15
2014-12-04,28.6,14.4,0.0,55,11.9,20.16
2014-12-05,28.1,13.7,0.0,50,11.2,20.35
2014-12-06,27.8,14.1,0.0,53,14.8,20.04
2014-12-07,27.8,14.8,0.0,61,11.5,18.69
2014-12-08,28.8,17.3,0.0,61,9.4,18.42
2014-12-09,29.1,17.8,0.2,66,8.1,17.88
2014-12-10,29.3,19.1,0.0,66,12.7,18.43
2014-12-11,25.5,20.0,2.3,79,11.5,8.44
2014-12-12,25.3,19.5,10.0,87,12.1,9.5
2014-12-13,24.4,19.2,0.8,84,12.3,8.9
2014-12-14,26.6,17.7,0.0,76,9.5,16.34
2014-12-15,27.5,18.2,0.0,73,7.0,16.87
2014-12-16,28.0,18.9,0.0,63,16.2,18.73
2014-12-17,26.8,17.7,0.0,60,17.8,18.62
2014-12-18,25.5,16.5,0.0,61,19.1,14.46
2014-12-19,25.4,18.5,0.0,68,20.9,12.06
2014-12-20,27.1,17.2,0.0,67,12.8,17.55
2014-12-21,26.9,16.3,0.0,58,11.9,17.94
2014-12-22,27.0,14.3,0.0,57,14.5,20.06
2014-12-23,26.6,13.6,0.0,63,11.5,19.8
2014-12-24,26.5,13.8,0.0,61,12.6,19.7
2014-12-25,26.6,13.2,0.0,58,13.3,18.94
2014-12-26,26.6,12.2,0.0,52,16.1,19.26
2014-12-27,26.2,14.0,0.0,48,15.5,19.98
2014-12-28,26.4,14.0,0.0,52,17.0,20.07
2014-12-29,27.9,16.4,0.0,60,11.7,18.85
2014-12-30,27.4,18.4,0.0,70,14.3,16.02
2014-12-31,26.2,15.9,0.1,78,13.4,13.89
2015-01-01,24.7,17.4,2.4,83,21.2,12.0
2015-01-02,26.4,15.8,0.0,77,16.6,15.25
2015-01-03,26.1,16.0,0.0,71,10.4,14.9
2015-01-04,27.6,15.3,0.0,63,13.5,14.99
2015-01-05,26.8,18.0,0.3,65,19.5,13.4
2015-01-06,26.7,16.8,0.0,59,14.9,16.38
2015-01-07,28.0,17.9,0.0,56,8.8,19.46
2015-01-08,27.7,16.7,0.0,55,10.5,18.84
2015-01-09,27.3,16.2,0.0,51,15.0,20.56
2015-01-10,27.4,14.1,0.0,37,13.3,21.39
2015-01-11,27.5,12.5,0.0,33,17.0,21.63
2015-01-12,27.0,12.4,0.0,34,15.3,21.63
2015-01-13,27.3,12.2,0.0,35,13.0,21.73
2015-01-14,27.0,11.5,0.0,42,14.3,21.66
2015-01-15,26.7,11.8,0.0,48,12.8,21.08
2015-01-16,26.9,14.4,0.0,48,15.0,21.1
2015-01-17,27.3,14.9,0.0,48,14.8,21.14
2015-01-18,28.1,14.5,0.0,50,11.1,20.83
2015-01-19,28.4,15.1,0.0,55,10.9,18.41
2015-01-20,27.2,15.0,0.0,62,8.6,16.52
2015-01-21,27.4,16.7,0.0,57,12.1,15.62
2015-01-22,26.7,16.3,0.0,58,14.2,15.5
2015-01-23,28.0,16.8,0.0,53,12.5,19.5
2015-01-24,28.0,15.7,0.0,53,16.9,16.89
2015-01-25,28.3,17.7,0.0,53,13.0,19.21
2015-01-26,28.7,14.8,0.0,43,10.9,20.71
2015-01-27,28.4,15.9,0.0,46,12.7,21.68
2015-01-28,28.3,15.6,0.0,50,13.2,21.69
2015-01-29,28.5,15.5,0.0,52,10.5,21.11
2015-01-30,29.2,17.0,0.0,48,14.5,21.96
2015-01-31,29.1,17.2,0.0,47,15.9,22.02
2015-02-01,28.5,16.1,0.0,49,12.2,21.92
2015-02-02,29.2,16.9,0.0,44,15.7,22.46
2015-02-03,28.2,16.5,0.0,46,16.4,22.53
2015-02-04,28.5,15.6,0.0,40,20.2,23.2
2015-02-05,29.0,15.3,0.0,35,17.7,22.58
2015-02-06,29.5,15.5,0.0,29,13.5,22.55
2015-02-07,30.3,15.3,0.0,41,11.2,22.51
2015-02-08,29.5,16.3,0.0,43,10.3,22.02
2015-02-09,30.3,16.2,0.0,42,13.0,22.29
2015-02-10,30.1,17.8,0.0,43,14.7,22.77
2015-02-11,29.5,15.1,0.0,39,14.7,23.28
2015-02-12,29.6,15.2,0.0,42,12.3,23.39
2015-02-13,30.4,15.4,0.0,46,9.7,23.42
2015-02-14,31.2,15.8,0.0,46,9.7,23.41
2015-02-15,32.1,16.5,0.0,39,8.0,23.58
2015-02-16,31.9,18.6,0.0,36,10.7,23.76
2015-02-17,31.9,17.9,0.0,36,8.0,24.05
2015-02-18,32.8,16.7,0.0,52,14.1,23.83
2015-02-19,31.1,16.5,0.0,62,14.5,23.38
2015-02-20,31.4,16.8,0.0,51,10.2,22.64
2015-02-21,31.5,17.1,0.0,37,15.2,23.96
2015-02-22,31.3,18.4,0.0,33,16.1,24.0
2015-02-23,30.9,17.0,0.0,33,12.7,24.52
2015-02-24,31.4,16.6,0.0,32,13.3,24.8
2015-02-25,31.2,15.2,0.0,36,10.0,24.93
2015-02-26,32.1,16.4,0.0,59,14.2,24.26
2015-02-27,31.1,16.7,0.0,57,12.8,23.95
2015-02-28,30.0,18.0,0.0,55,16.1,20.55
2015-03-01,25.5,19.0,6.6,84,20.7,14.86
2015-03-02,27.8,18.9,0.5,75,17.9,19.76
2015-03-03,28.6,15.5,0.0,66,15.8,23.98
2015-03-04,28.9,14.3,0.0,51,14.2,25.14
2015-03-05,31.5,14.6,0.0,51,12.8,25.11
2015-03-06,32.1,17.7,0.0,51,13.6,23.49
2015-03-07,32.6,21.0,0.0,53,11.9,23.1
2015-03-08,31.0,20.1,2.9,60,12.5,20.52
2015-03-09,29.9,19.6,5.1,76,6.5,20.21
2015-03-10,29.7,19.3,7.3,71,13.0,18.33
2015-03-11,31.3,19.2,0.0,45,18.0,25.33
2015-03-12,31.9,17.7,0.0,36,13.0,25.89
2015-03-13,32.1,19.7,0.0,50,13.2,23.8
2015-03-14,31.5,19.8,0.0,67,15.3,22.03
2015-03-15,30.9,21.0,0.5,72,11.8,21.94
2015-03-16,30.6,19.9,0.0,65,5.6,20.33
2015-03-17,32.7,21.5,0.0,49,15.7,22.94
2015-03-18,34.2,22.2,0.0,46,13.8,24.22
2015-03-19,32.9,20.8,0.0,55,8.6,18.81
2015-03-20,34.6,20.2,0.0,53,11.6,25.83
2015-03-21,34.7,20.7,0.0,48,10.3,25.85
2015-03-22,34.9,19.3,0.0,52,11.3,26.2
2015-03-23,33.6,21.5,0.0,58,12.3,20.93
2015-03-24,35.1,21.7,0.0,57,10.0,22.0
2015-03-25,34.6,21.2,0.0,58,14.0,22.49
2015-03-26,34.1,21.9,0.0,60,11.5,21.69
2015-03-27,33.4,21.9,0.0,55,10.1,22.11
2015-03-28,34.5,21.7,0.0,59,10.5,23.76
2015-03-29,33.1,22.2,0.0,63,14.2,21.91
2015-03-30,33.6,22.1,0.0,56,14.1,21.09
2015-03-31,32.4,23.4,0.0,63,11.2,18.1
2015-04-01,33.8,22.4,0.0,56,18.6,21.61
2015-04-02,34.8,21.5,0.0,54,19.3,25.35
2015-04-03,35.0,19.7,0.0,54,18.0,24.2
2015-04-04,35.7,20.9,0.0,37,13.4,27.04
2015-04-05,36.1,20.3,0.0,34,14.9,27.2
2015-04-06,35.8,21.9,0.0,45,20.5,26.54
2015-04-07,35.5,20.1,0.0,54,16.8,26.57
2015-04-08,35.4,20.9,0.0,59,17.9,25.3
2015-04-09,34.7,21.8,0.0,58,16.5,22.56
2015-04-10,34.2,22.2,0.0,64,17.4,22.74
2015-04-11,32.1,21.3,3.4,69,15.0,20.32
2015-04-12,31.7,20.7,2.7,66,12.3,20.06
2015-04-13,30.9,21.3,0.0,61,18.2,21.62
2015-04-14,31.7,18.5,0.0,57,16.0,25.77
2015-04-15,32.0,17.3,0.0,52,16.2,24.69
2015-04-16,32.9,19.2,0.0,51,9.3,24.17
2015-04-17,32.2,21.2,0.5,60,13.0,21.65
2015-04-18,36.0,21.8,0.0,54,18.4,26.37
2015-04-19,36.3,21.6,0.0,55,15.5,25.26
2015-04-20,36.8,21.9,0.0,59,12.3,24.98
2015-04-21,35.8,22.4,0.5,68,18.8,24.0
2015-04-22,35.8,22.4,0.0,64,18.7,24.46
2015-04-23,34.5,22.6,6.7,70,16.3,21.83
2015-04-24,33.7,22.5,0.3,63,15.3,23.11
2015-04-25,34.3,22.0,0.0,61,19.8,23.19
2015-04-26,34.5,19.3,0.0,59,13.4,23.89
2015-04-27,35.0,20.0,0.0,59,14.1,23.78
2015-04-28,34.9,21.8,0.0,64,18.6,23.13
2015-04-29,36.9,22.4,0.0,61,21.4,25.29
2015-04-30,36.3,22.0,0.0,63,20.6,26.25
2015-05-01,37.2,22.0,0.0,61,19.6,25.71
2015-05-02,36.1,22.4,0.3,65,21.4,24.74
2015-05-03,36.3,22.2,0.0,61,20.8,24.71
2015-05-04,35.8,22.3,0.4,62,13.8,24.51
2015-05-05,34.3,23.0,2.0,66,15.0,22.82
2015-05-06,34.0,21.9,6.0,69,15.1,21.83
2015-05-07,33.8,23.1,3.1,72,18.2,22.33
2015-05-08,34.5,22.5,0.4,66,12.2,23.81
2015-05-09,34.9,23.2,1.2,70,13.5,22.82
2015-05-10,35.8,23.4,1.4,60,11.2,24.18
2015-05-11,34.6,23.6,2.4,69,13.6,22.27
2015-05-12,33.0,23.3,9.7,77,13.4,20.03
2015-05-13,31.6,22.5,16.9,80,8.4,16.84
2015-05-14,30.3,23.3,0.1,69,13.3,15.49
2015-05-15,29.7,22.6,3.8,72,9.6,12.02
2015-05-16,30.5,22.0,6.5,81,11.2,20.38
2015-05-17,30.4,23.0,1.0,81,14.8,19.32
2015-05-18,32.2,23.4,0.2,77,18.4,21.75
2015-05-19,32.3,22.8,0.2,75,21.2,22.83
2015-05-20,34.8,22.0,0.0,69,20.4,25.83
2015-05-21,32.2,23.4,0.0,74,19.6,21.91
2015-05-22,33.8,22.9,0.0,72,19.4,24.84
2015-05-23,32.9,23.1,0.3,72,17.8,23.04
2015-05-24,33.5,22.1,0.0,69,18.6,24.99
2015-05-25,32.9,22.4,0.0,70,18.3,22.48
2015-05-26,33.3,22.1,0.1,68,18.0,24.3
2015-05-27,33.6,22.7,0.2,70,21.3,24.39
2015-05-28,34.0,22.5,1.2,67,14.0,22.96
2015-05-29,31.8,23.7,1.4,72,19.9,21.47
2015-05-30,34.7,22.9,1.2,71,13.3,24.64
2015-05-31,32.2,23.8,0.7,77,19.3,19.4
2015-06-01,31.2,22.9,6.0,77,15.3,19.0
2015-06-02,30.3,23.0,0.9,79,17.9,18.46
2015-06-03,33.0,22.5,0.1,71,15.9,22.8
2015-06-04,33.1,22.7,1.7,70,16.1,22.56
2015-06-05,31.8,21.8,6.4,77,18.6,22.51
2015-06-06,31.4,21.9,0.4,73,16.3,21.88
2015-06-07,31.0,22.4,1.2,76,21.4,20.95
2015-06-08,29.1,22.3,2.6,80,18.7,16.31
2015-06-09,26.9,21.9,4.5,85,17.8,16.12
2015-06-10,30.0,21.4,5.1,81,18.5,16.38
2015-06-11,28.8,22.2,1.2,82,20.4,17.35
2015-06-12,27.4,21.9,7.6,84,19.4,13.53
2015-06-13,26.9,21.5,1.8,86,21.6,14.91
2015-06-14,24.1,20.8,5.2,90,18.0,6.57
2015-06-15,25.1,20.6,2.9,92,20.4,8.13
2015-06-16,25.4,21.0,3.0,89,21.7,10.5
2015-06-17,24.1,20.9,3.9,91,23.7,10.29
2015-06-18,24.2,21.0,13.4,93,22.2,7.4
2015-06-19,23.5,20.8,6.2,93,25.2,7.35
2015-06-20,23.0,20.9,26.1,95,27.4,5.78
2015-06-21,23.5,20.8,18.3,94,31.0,5.11
2015-06-22,24.6,21.2,3.8,89,34.5,12.64
2015-06-23,25.4,21.3,7.0,89,35.3,16.74
2015-06-24,24.8,21.5,7.7,90,33.5,15.92
2015-06-25,24.6,21.3,3.9,90,31.4,12.35
2015-06-26,25.9,21.8,1.8,85,34.9,16.35
2015-06-27,26.4,21.9,1.1,84,27.0,17.14
2015-06-28,27.2,21.6,0.2,81,23.6,17.78
2015-06-29,28.3,21.3,1.5,82,19.2,18.21
2015-06-30,26.8,21.4,1.0,83,20.7,18.94
2015-07-01,26.7,21.2,1.1,86,20.1,19.23
2015-07-02,27.3,21.0,0.3,82,20.3,17.3
2015-07-03,27.9,21.4,0.9,81,21.7,17.44
2015-07-04,27.8,21.4,0.2,78,22.1,18.39
2015-07-05,28.1,21.3,0.0,78,22.7,18.38
2015-07-06,27.3,20.5,0.1,79,27.9,19.44
2015-07-07,27.2,21.2,0.7,81,27.0,20.12
2015-07-08,26.5,21.5,1.3,84,26.0,14.66
2015-07-09,26.7,21.8,2.7,84,28.8,15.26
2015-07-10,26.4,21.7,1.0,84,31.4,14.77
2015-07-11,25.9,21.5,1.9,83,31.0,17.83
2015-07-12,26.4,21.3,0.8,81,24.2,17.04
2015-07-13,27.8,21.4,0.7,80,18.9,16.78
2015-07-14,28.6,21.6,0.5,83,21.8,18.98
2015-07-15,27.6,21.8,0.0,80,20.2,14.23
2015-07-16,26.8,21.5,0.5,83,24.9,13.98
2015-07-17,26.7,21.0,2.0,84,26.8,17.15
2015-07-18,26.5,21.4,2.7,83,29.4,17.0
2015-07-19,26.2,21.4,2.7,81,33.6,17.92
2015-07-20,26.4,21.1,0.8,84,27.8,15.82
2015-07-21,25.8,21.1,1.5,83,24.1,13.35
2015-07-22,26.7,21.2,2.2,83,25.6,17.01
2015-07-23,26.0,21.1,2.8,86,23.8,14.91
2015-07-24,25.4,21.0,3.8,89,22.9,11.5
2015-07-25,24.1,20.8,1.9,91,23.2,7.16
2015-07-26,25.5,20.9,1.4,85,25.6,14.07
2015-07-27,25.7,20.4,3.0,86,26.7,17.17
2015-07-28,26.1,20.3,1.5,83,25.4,18.31
2015-07-29,25.9,20.3,0.3,81,26.3,16.1
2015-07-30,26.4,20.2,0.5,80,23.4,16.64
2015-07-31,25.4,21.0,2.4,82,22.1,13.87
2015-08-01,27.5,20.9,1.4,82,22.0,17.26
2015-08-02,27.2,21.1,0.7,78,19.8,16.15
2015-08-03,27.1,21.2,0.0,78,24.0,16.21
2015-08-04,26.4,21.0,0.7,82,24.8,13.56
2015-08-05,25.5,20.3,1.0,85,29.5,14.61
2015-08-06,24.6,20.5,1.1,88,27.8,10.85
2015-08-07,26.3,21.2,2.4,86,26.4,13.32
2015-08-08,26.8,21.3,1.4,83,21.0,15.86
2015-08-09,26.6,21.1,1.3,83,22.4,15.91
2015-08-10,26.9,21.3,1.2,84,23.4,14.73
2015-08-11,27.6,21.3,1.0,82,23.8,17.94
2015-08-12,24.0,21.0,7.1,92,19.9,6.72
2015-08-13,26.2,20.8,2.2,88,20.5,11.31
2015-08-14,27.0,21.0,0.7,83,23.8,17.52
2015-08-15,27.4,21.1,1.2,81,22.3,17.79
2015-08-16,27.8,21.3,0.9,80,19.5,15.77
2015-08-17,27.1,21.2,0.2,80,13.7,11.84
2015-08-18,29.1,21.3,0.7,78,11.9,18.02
2015-08-19,29.7,21.3,0.9,78,12.7,17.22
2015-08-20,28.4,22.0,3.0,84,15.9,16.16
2015-08-21,26.9,21.5,6.2,89,16.5,11.37
2015-08-22,26.8,21.2,1.3,83,21.2,15.85
2015-08-23,27.5,21.3,1.1,79,22.1,19.34
2015-08-24,27.4,20.9,1.2,76,20.0,18.56
2015-08-25,28.4,20.8,0.4,76,21.3,18.68
2015-08-26,26.5,21.3,1.0,82,19.5,15.78
2015-08-27,26.9,21.4,0.1,82,20.9,14.65
2015-08-28,27.8,20.8,0.1,79,21.3,18.58
2015-08-29,27.4,21.1,0.4,81,22.0,16.5
2015-08-30,28.0,21.0,0.1,77,21.4,18.81
2015-08-31,29.2,20.8,0.0,76,19.8,18.01
2015-09-01,28.9,21.0,0.0,76,19.2,20.07
2015-09-02,27.8,20.6,1.3,80,18.1,17.77
2015-09-03,29.1,20.6,0.1,77,13.8,19.53
2015-09-04,31.1,20.4,0.2,74,15.8,23.55
2015-09-05,31.5,21.4,0.0,71,14.7,22.53
2015-09-06,30.2,21.9,0.0,72,15.3,18.57
2015-09-07,28.6,21.1,1.8,78,15.5,13.26
2015-09-08,26.3,20.4,16.5,90,13.6,11.32
2015-09-09,22.4,20.4,17.1,97,14.0,4.35
2015-09-10,24.5,20.1,12.7,93,13.8,8.1
2015-09-11,24.0,20.4,11.3,88,18.0,9.12
2015-09-12,26.6,20.3,1.2,85,17.7,15.86
2015-09-13,27.5,20.6,8.0,87,18.4,17.55
2015-09-14,25.8,21.0,5.0,89,19.0,13.44
2015-09-15,23.7,20.9,12.9,94,18.4,7.5
2015-09-16,23.9,20.8,7.8,94,17.4,8.11
2015-09-17,26.3,20.7,4.6,87,20.2,11.79
2015-09-18,26.7,21.4,0.2,85,20.2,14.98
2015-09-19,26.6,20.7,1.1,83,17.8,17.54
2015-09-20,26.4,20.9,1.0,85,21.6,16.32
2015-09-21,26.7,20.4,0.1,82,17.6,16.65
2015-09-22,27.3,20.4,0.0,79,12.7,17.64
2015-09-23,29.4,19.2,0.0,76,11.6,23.68
2015-09-24,29.5,20.7,0.0,76,11.6,21.09
2015-09-25,29.6,21.1,0.1,75,13.3,21.77
2015-09-26,29.4,21.1,0.0,75,11.7,19.72
2015-09-27,30.1,20.6,2.4,78,12.4,20.57
2015-09-28,31.2,20.6,0.0,71,9.3,21.74
2015-09-29,30.2,21.5,0.0,65,13.2,19.16
2015-09-30,30.7,21.2,3.3,67,19.5,20.56
2015-10-01,29.6,21.6,20.1,80,14.5,16.71
2015-10-02,26.0,20.8,2.1,88,16.6,13.12
2015-10-03,26.9,21.7,5.9,85,14.8,14.36
2015-10-04,26.3,21.5,11.8,89,11.1,11.83
2015-10-05,28.0,20.7,15.2,90,6.4,14.64
2015-10-06,27.9,20.3,4.7,87,8.2,15.9
2015-10-07,27.5,20.1,12.2,85,11.6,16.64
2015-10-08,27.1,21.0,23.2,85,11.4,14.56
2015-10-09,28.0,21.1,6.2,86,13.0,15.26
2015-10-10,25.6,21.4,1.9,85,16.4,11.94
2015-10-11,27.5,21.0,0.8,85,11.2,16.92
2015-10-12,28.1,21.0,3.0,84,10.1,18.61
2015-10-13,29.3,20.5,0.5,79,8.0,19.54
2015-10-14,29.3,20.2,0.0,70,11.6,20.67
2015-10-15,29.3,18.8,0.0,65,10.1,18.14
2015-10-16,29.3,19.7,0.0,65,7.9,18.31
2015-10-17,29.0,19.3,0.5,73,9.2,19.92
2015-10-18,29.5,20.7,0.1,73,10.9,19.77
2015-10-19,29.6,20.8,0.0,71,10.3,20.43
2015-10-20,30.6,20.0,0.0,63,11.9,20.91
2015-10-21,30.9,20.1,0.0,62,12.3,22.36
2015-10-22,31.5,20.0,0.0,59,13.7,22.74
2015-10-23,31.4,19.2,0.0,58,10.8,22.49
2015-10-24,31.7,18.8,0.0,55,13.3,22.62
2015-10-25,31.5,20.0,0.0,46,14.5,22.51
2015-10-26,30.3,18.8,0.0,52,12.6,19.77
2015-10-27,30.2,18.6,0.0,62,9.7,19.44
2015-10-28,30.3,20.3,0.0,68,13.9,19.31
2015-10-29,30.9,21.0,0.5,69,8.0,20.13
2015-10-30,29.8,20.3,0.0,71,9.7,17.54
2015-10-31,29.0,21.7,0.1,67,13.8,16.96
2015-11-01,29.3,21.6,0.0,61,13.9,17.22
2015-11-02,27.9,21.1,0.1,66,15.5,12.27
2015-11-03,28.5,21.4,3.0,70,11.7,14.17
2015-11-04,29.1,21.0,8.1,80,7.4,14.4
2015-11-05,28.3,20.5,0.8,81,10.4,16.3
2015-11-06,30.1,19.9,0.2,69,11.2,18.36
2015-11-07,30.2,20.5,0.0,65,14.5,18.87
2015-11-08,31.3,20.3,0.0,47,16.2,20.48
2015-11-09,31.2,20.6,0.0,46,14.2,19.56
2015-11-10,30.3,19.6,0.0,47,21.2,18.9
2015-11-11,28.7,20.9,0.0,61,28.1,13.57
2015-11-12,29.7,20.4,0.0,64,24.9,13.98
2015-11-13,31.1,21.0,0.0,58,14.8,18.53
2015-11-14,30.5,18.0,0.0,47,17.9,21.0
2015-11-15,29.7,17.1,0.2,50,17.9,15.7
2015-11-16,28.6,19.5,0.0,56,18.8,14.94
2015-11-17,30.9,18.8,0.0,53,16.8,18.31
2015-11-18,30.8,18.6,0.0,57,25.3,19.08
2015-11-19,30.5,19.3,0.5,59,23.0,15.75
2015-11-20,25.9,20.9,2.7,80,20.5,8.64
2015-11-21,27.8,20.7,10.9,80,18.9,10.87
2015-11-22,28.0,20.2,0.7,79,19.3,12.39
2015-11-23,24.8,20.9,4.1,84,16.9,7.7
2015-11-24,26.8,20.4,0.0,76,15.3,9.47
2015-11-25,28.4,18.8,0.0,65,15.5,15.99
2015-11-26,29.1,16.9,0.0,58,11.5,20.52
2015-11-27,30.1,18.7,0.0,58,10.1,19.76
2015-11-28,30.5,18.2,0.0,63,11.1,19.32
2015-11-29,30.1,17.9,0.0,59,16.0,19.86
2015-11-30,26.5,19.8,0.0,73,15.2,10.45
2015-12-01,29.6,20.8,0.1,70,15.6,14.99
2015-12-02,28.6,19.7,0.0,67,17.3,15.62
2015-12-03,29.9,19.1,0.0,62,15.8,16.47
2015-12-04,30.4,18.0,0.0,54,17.8,19.43
2015-12-05,30.7,17.2,0.0,46,20.5,20.18
2015-12-06,30.2,17.6,0.0,53,23.0,19.37
2015-12-07,30.7,17.6,0.0,56,17.8,19.47
2015-12-08,30.3,16.6,0.0,52,16.2,19.05
2015-12-09,31.5,16.4,0.0,52,16.9,18.57
2015-12-10,30.4,20.3,0.0,65,11.5,15.3
2015-12-11,30.2,19.3,0.0,68,11.5,16.56
2015-12-12,30.2,20.5,0.0,65,9.6,15.45
2015-12-13,30.9,21.0,0.0,65,12.9,15.86
2015-12-14,32.6,20.1,0.0,63,14.3,18.3
2015-12-15,32.0,19.6,0.0,68,10.2,18.3
2015-12-16,31.9,19.3,0.0,66,7.2,18.06
2015-12-17,31.5,20.7,0.0,68,11.7,18.13
2015-12-18,31.3,20.2,0.0,67,9.0,18.31
2015-12-19,31.1,20.1,0.0,63,8.4,18.72
2015-12-20,31.1,18.5,0.0,57,8.7,19.37
2015-12-21,30.0,19.6,0.0,65,14.9,14.75
2015-12-22,30.1,19.2,0.0,55,9.8,16.56
2015-12-23,30.3,18.0,0.0,47,10.2,19.58
2015-12-24,30.0,16.9,0.0,48,8.5,19.67
2015-12-25,29.4,18.7,0.0,44,16.8,19.59
2015-12-26,28.5,17.1,0.0,34,16.2,20.25
2015-12-27,28.9,16.2,0.0,37,20.2,19.92
2015-12-28,30.0,17.0,0.0,43,21.1,20.1
2015-12-29,30.7,16.6,0.0,41,22.1,20.15
2015-12-30,31.3,15.1,0.0,38,18.4,20.33
2015-12-31,31.0,16.2,0.0,36,20.3,19.77
2016-01-01,30.5,16.9,0.0,38,24.2,20.52
2016-01-02,29.9,15.1,0.0,38,14.8,20.44
2016-01-03,29.8,14.9,0.0,36,11.1,20.4
2016-01-04,29.6,15.2,0.0,37,12.3,20.4
2016-01-05,28.7,15.7,0.0,42,13.4,20.27
2016-01-06,28.5,15.2,0.0,42,11.2,20.41
2016-01-07,28.5,15.9,0.0,41,13.4,20.36
2016-01-08,28.5,14.5,0.0,37,12.6,20.21
2016-01-09,28.5,14.2,0.0,35,13.7,20.55
2016-01-10,28.6,14.5,0.0,33,16.1,20.82
2016-01-11,28.7,14.6,0.0,34,14.8,20.79
2016-01-12,28.7,14.1,0.0,40,11.0,20.34
2016-01-13,28.8,16.1,0.0,45,10.9,20.7
2016-01-14,28.1,14.3,0.0,61,10.1,20.36
2016-01-15,28.0,14.8,0.0,61,15.0,18.64
2016-01-16,26.4,15.4,0.0,70,12.8,15.37
2016-01-17,26.5,15.2,0.0,70,11.2,16.59
2016-01-18,27.4,13.4,0.0,61,12.7,17.76
2016-01-19,23.0,18.5,0.2,63,12.7,5.58
2016-01-20,27.9,18.9,0.3,58,8.2,17.14
2016-01-21,28.7,16.1,0.0,48,10.2,18.94
2016-01-22,28.4,18.7,0.8,56,20.0,17.85
2016-01-23,27.2,18.0,0.0,60,19.1,14.41
2016-01-24,28.7,19.2,0.0,61,11.8,16.11
2016-01-25,29.5,19.1,0.0,53,10.4,20.0
2016-01-26,30.4,16.5,0.0,48,12.6,21.37
2016-01-27,30.8,16.7,0.0,50,8.4,21.64
2016-01-28,31.9,17.8,0.0,44,9.2,21.91
2016-01-29,32.2,17.2,0.0,38,13.0,22.1
2016-01-30,31.8,17.4,0.0,39,13.1,21.93
2016-01-31,32.3,17.0,0.0,37,11.5,22.06
2016-02-01,32.3,17.1,0.0,28,10.2,21.51
2016-02-02,32.7,16.1,0.0,33,7.8,22.67
2016-02-03,32.3,16.4,0.0,32,9.2,22.71
2016-02-04,32.0,16.5,0.0,33,8.9,22.07
2016-02-05,31.1,16.4,0.0,40,13.6,22.33
2016-02-06,30.6,16.6,0.0,65,16.0,21.59
2016-02-07,30.4,16.8,0.0,58,11.5,22.01
2016-02-08,31.8,18.1,0.0,50,9.8,22.27
2016-02-09,31.6,19.2,0.0,58,14.8,19.74
2016-02-10,30.9,18.4,0.0,65,14.9,20.01
2016-02-11,29.1,18.0,0.0,68,13.0,18.5
2016-02-12,30.6,16.7,0.0,64,16.3,21.51
2016-02-13,29.9,16.5,0.0,59,14.4,19.5
2016-02-14,31.2,17.8,0.0,51,13.0,20.76
2016-02-15,31.9,19.0,0.0,46,9.5,22.79
2016-02-16,32.0,18.1,0.0,52,11.5,22.64
2016-02-17,32.5,19.6,0.0,44,13.8,23.5
2016-02-18,32.4,20.3,0.0,43,20.1,22.94
2016-02-19,32.2,20.6,0.0,43,11.5,22.14
2016-02-20,33.8,20.0,0.0,48,9.0,23.22
2016-02-21,33.9,19.8,0.0,57,12.7,21.73
2016-02-22,35.1,22.2,0.0,47,10.4,23.42
2016-02-23,35.0,21.0,0.0,53,18.0,23.26
2016-02-24,32.5,20.3,0.0,64,14.9,21.92
2016-02-25,33.3,19.7,0.0,52,15.2,23.44
2016-02-26,34.2,19.8,0.0,44,9.1,23.6
2016-02-27,33.6,22.7,0.0,46,11.8,21.13
2016-02-28,32.8,21.2,0.0,56,6.5,19.85
2016-02-29,33.3,21.5,0.0,46,7.1,20.91
2016-03-01,31.2,23.2,0.0,46,13.3,16.91
2016-03-02,32.3,22.1,0.0,46,11.4,19.53
2016-03-03,32.2,21.9,0.0,49,16.3,19.52
2016-03-04,32.7,22.1,0.0,41,9.9,21.54
2016-03-05,33.2,22.3,0.0,40,9.9,23.08
2016-03-06,33.5,22.5,0.0,50,17.2,21.09
2016-03-07,34.7,22.4,0.0,38,13.8,23.61
2016-03-08,34.3,22.2,0.0,37,14.4,24.22
2016-03-09,33.9,21.9,0.0,50,10.1,20.32
2016-03-10,35.6,22.6,0.0,48,14.8,23.88
2016-03-11,35.5,21.5,0.0,60,16.2,23.74
2016-03-12,35.5,21.5,0.4,62,17.3,23.76
2016-03-13,34.3,20.6,0.0,57,15.8,25.19
2016-03-14,34.0,20.0,0.0,34,12.6,26.16
2016-03-15,33.9,18.8,0.0,42,18.4,25.66
2016-03-16,33.1,18.6,0.0,50,15.8,26.16
2016-03-17,34.2,18.3,0.0,50,13.8,25.71
2016-03-18,36.0,20.6,0.0,43,14.0,26.0
2016-03-19,37.2,23.8,0.0,45,15.6,23.04
2016-03-20,37.8,24.9,0.0,34,21.2,25.93
2016-03-21,37.5,25.5,0.0,32,17.9,25.78
2016-03-22,37.0,22.6,0.0,35,16.9,26.63
2016-03-23,36.9,19.7,0.0,47,15.6,26.64
2016-03-24,36.3,21.0,0.0,55,17.4,25.72
2016-03-25,36.0,21.8,0.0,53,18.4,25.37
2016-03-26,36.5,21.1,0.0,52,14.4,24.74
2016-03-27,36.7,21.2,0.0,53,13.3,24.36
2016-03-28,36.5,22.6,0.0,59,14.6,24.42
2016-03-29,34.4,22.1,0.0,61,13.2,22.34
2016-03-30,35.3,22.4,0.0,57,15.1,22.57
2016-03-31,36.4,22.3,0.0,54,20.3,24.25
2016-04-01,37.0,21.2,0.0,46,15.9,25.7
2016-04-02,35.9,21.7,0.0,58,17.2,24.13
2016-04-03,35.4,22.4,0.0,59,17.1,21.29
2016-04-04,35.9,22.9,0.0,58,18.6,22.81
2016-04-05,34.6,22.9,2.2,66,15.2,22.02
2016-04-06,34.0,23.5,1.0,66,17.3,21.56
2016-04-07,34.5,23.3,0.0,58,13.5,22.37
2016-04-08,35.9,23.1,0.0,53,18.9,23.5
2016-04-09,35.2,22.2,0.2,62,16.3,23.69
2016-04-10,34.9,21.7,0.0,61,17.0,22.87
2016-04-11,35.8,22.5,0.0,59,15.3,22.37
2016-04-12,37.6,24.2,0.0,55,19.5,24.6
2016-04-13,36.5,23.5,0.0,56,18.1,24.9
2016-04-14,38.4,21.5,0.0,48,17.9,26.86
2016-04-15,38.7,23.2,0.0,54,18.4,24.36
2016-04-16,37.5,23.1,0.0,58,19.5,25.39
2016-04-17,37.8,22.0,0.0,52,20.2,27.06
2016-04-18,37.0,22.0,0.0,55,12.1,24.11
2016-04-19,36.4,23.2,0.0,63,17.5,24.25
2016-04-20,36.9,23.2,0.0,65,21.0,24.52
2016-04-21,36.3,23.4,0.2,64,20.6,23.32
2016-04-22,36.1,22.8,0.0,60,18.4,24.83
2016-04-23,37.5,21.0,0.0,51,17.4,27.41
2016-04-24,37.2,21.4,0.0,48,20.2,27.48
2016-04-25,36.7,21.1,0.0,48,19.2,27.0
2016-04-26,38.2,21.9,0.0,49,17.6,26.38
2016-04-27,38.5,22.5,0.0,49,16.4,26.16
2016-04-28,37.1,22.8,0.0,62,16.9,25.13
2016-04-29,36.1,22.9,0.5,62,15.2,23.27
2016-04-30,35.7,23.9,3.8,66,13.9,23.37
2016-05-01,36.8,23.5,0.0,59,18.7,25.82
2016-05-02,36.0,21.7,0.0,61,18.1,24.76
2016-05-03,37.1,22.5,1.4,64,21.8,25.81
2016-05-04,35.7,22.0,0.7,62,19.5,25.5
2016-05-05,36.7,21.6,0.0,57,17.7,26.34
2016-05-06,35.4,22.1,0.0,61,15.5,24.24
2016-05-07,36.1,21.4,0.0,57,18.6,26.37
2016-05-08,35.4,20.5,0.0,56,17.3,26.58
2016-05-09,36.6,21.2,0.0,51,16.9,27.34
2016-05-10,36.9,24.8,0.0,42,13.6,24.66
2016-05-11,37.2,23.4,0.0,50,14.1,23.89
2016-05-12,35.3,24.4,3.6,64,18.6,20.51
2016-05-13,34.9,23.0,2.0,72,13.1,21.53
2016-05-14,34.2,24.3,1.4,70,14.4,22.56
2016-05-15,35.0,24.0,15.8,75,10.1,20.13
2016-05-16,33.7,24.5,7.0,77,14.4,19.24
2016-05-17,34.3,23.8,2.0,77,13.7,19.6
2016-05-18,32.5,23.5,0.3,74,21.8,19.73
2016-05-19,31.3,23.6,0.0,74,22.8,18.56
2016-05-20,29.8,23.5,0.2,76,25.2,16.64
2016-05-21,32.7,23.2,0.0,71,22.1,23.09
2016-05-22,34.2,22.0,0.0,71,21.5,25.81
2016-05-23,33.7,22.7,0.0,69,20.8,25.17
2016-05-24,33.9,22.8,0.3,70,21.7,22.61
2016-05-25,32.6,23.0,0.7,73,21.8,21.51
2016-05-26,32.4,23.2,1.3,74,19.1,20.82
2016-05-27,33.2,22.6,1.7,73,18.8,22.1
2016-05-28,33.0,22.9,0.3,70,18.5,22.05
2016-05-29,32.6,22.8,1.0,71,20.0,22.16
2016-05-30,33.2,22.5,0.8,73,19.9,22.71
2016-05-31,33.0,22.8,0.6,72,20.3,21.59
2016-06-01,34.1,23.0,4.3,73,19.7,20.85
2016-06-02,32.1,22.5,18.6,80,14.7,18.85
2016-06-03,30.5,22.7,14.9,82,19.0,19.4
2016-06-04,29.6,23.0,6.6,81,15.3,15.74
2016-06-05,29.1,23.0,1.6,81,15.3,13.93
2016-06-06,28.0,22.3,14.3,88,15.2,10.36
2016-06-07,28.3,22.1,3.9,85,16.6,17.43
2016-06-08,27.8,22.5,9.3,89,15.0,11.82
2016-06-09,26.3,21.5,20.8,92,13.4,10.29
2016-06-10,27.7,21.3,37.2,91,16.1,8.43
2016-06-11,25.1,20.5,9.4,93,17.4,8.29
2016-06-12,26.2,20.6,9.3,89,21.5,12.5
2016-06-13,26.3,21.9,7.5,88,22.4,14.1
2016-06-14,27.6,21.7,0.8,83,24.1,18.71
2016-06-15,27.2,21.6,0.4,81,24.6,19.72
2016-06-16,27.4,21.4,1.1,84,21.4,18.02
2016-06-17,28.8,21.7,0.6,81,19.5,17.61
2016-06-18,28.4,22.2,2.9,83,19.7,14.19
2016-06-19,24.4,21.4,26.2,95,16.3,4.6
2016-06-20,26.0,21.4,9.3,90,17.5,11.59
2016-06-21,25.5,21.1,6.0,91,17.8,9.38
2016-06-22,25.8,20.6,11.4,87,20.4,12.1
2016-06-23,25.4,21.1,9.1,88,24.1,15.52
2016-06-24,25.7,21.2,27.1,93,19.3,8.2
2016-06-25,24.0,20.9,19.1,93,22.0,6.79
2016-06-26,23.8,21.0,4.2,91,24.3,9.39
2016-06-27,23.6,21.0,4.8,95,20.5,6.66
2016-06-28,22.0,20.8,18.9,98,22.4,3.85
2016-06-29,22.4,20.8,17.4,96,24.0,4.79
2016-06-30,24.9,21.1,8.5,92,28.0,9.03
2016-07-01,24.9,21.3,8.8,90,27.9,12.99
2016-07-02,25.3,21.1,4.2,88,29.5,14.48
2016-07-03,24.8,21.5,3.8,89,28.7,11.25
2016-07-04,26.0,21.6,4.5,88,27.8,13.08
2016-07-05,24.4,21.3,2.9,92,26.8,8.22
2016-07-06,25.5,21.2,2.2,89,25.8,13.87
2016-07-07,26.0,21.2,1.6,85,27.2,16.49
2016-07-08,25.6,21.3,2.2,85,30.0,15.95
2016-07-09,24.0,21.1,3.9,89,36.0,14.66
2016-07-10,24.1,21.1,13.4,91,33.4,12.17
2016-07-11,23.5,20.7,7.2,93,29.9,8.9
2016-07-12,24.8,21.0,2.3,88,32.1,15.34
2016-07-13,25.7,21.0,1.2,86,28.2,17.55
2016-07-14,26.2,20.5,1.2,84,23.3,17.66
2016-07-15,26.9,21.4,1.6,82,18.3,17.3
2016-07-16,26.3,21.2,0.1,83,20.1,14.68
2016-07-17,26.2,21.2,1.5,86,17.5,14.52
2016-07-18,25.5,21.1,4.7,87,17.7,12.76
2016-07-19,25.2,20.7,1.8,86,20.5,12.43
2016-07-20,23.4,20.5,15.1,92,20.5,8.69
2016-07-21,24.7,20.2,8.7,87,20.5,11.92
2016-07-22,22.9,20.5,7.8,94,19.4,6.49
2016-07-23,23.4,20.3,8.8,95,22.0,8.25
2016-07-24,24.8,20.5,23.5,93,16.6,8.33
2016-07-25,25.6,20.5,24.1,92,14.4,12.82
2016-07-26,27.1,20.7,5.2,86,15.5,15.7
2016-07-27,26.9,20.8,14.2,88,16.9,13.15
2016-07-28,26.4,20.7,16.9,90,16.4,13.97
2016-07-29,23.5,20.8,8.8,92,17.9,8.14
2016-07-30,22.4,20.3,16.0,96,17.7,5.12
2016-07-31,22.8,20.2,6.6,94,20.2,7.01
2016-08-01,23.3,20.1,17.5,93,26.4,8.11
2016-08-02,24.6,20.4,3.8,90,30.8,13.92
2016-08-03,22.4,20.5,18.9,94,26.3,6.7
2016-08-04,24.4,20.5,6.1,89,27.2,13.55
2016-08-05,24.7,20.6,3.6,88,31.9,14.22
2016-08-06,24.9,20.7,4.7,88,30.7,15.47
2016-08-07,24.8,20.7,4.1,88,32.6,14.82
2016-08-08,25.3,20.8,2.2,85,28.9,16.97
2016-08-09,25.4,20.9,0.9,85,27.2,17.47
2016-08-10,25.6,20.4,1.8,85,26.8,17.81
2016-08-11,25.3,20.5,1.3,87,24.4,14.32
2016-08-12,25.5,21.2,1.7,86,22.0,13.99
2016-08-13,26.2,21.1,0.7,83,23.4,17.53
2016-08-14,25.8,20.9,0.5,83,25.7,16.6
2016-08-15,25.7,20.9,0.3,83,26.3,16.13
2016-08-16,25.8,20.7,0.5,83,30.7,17.03
2016-08-17,24.9,20.8,1.3,85,27.1,14.67
2016-08-18,24.7,20.9,1.3,85,25.4,13.96
2016-08-19,26.6,20.7,0.2,83,22.3,13.02
2016-08-20,27.4,20.4,0.7,81,19.8,18.26
2016-08-21,25.3,21.0,1.6,86,19.8,15.51
2016-08-22,26.2,20.9,0.9,83,22.1,16.91
2016-08-23,25.9,20.9,1.7,87,21.6,14.31
2016-08-24,26.3,20.7,2.6,87,18.5,14.53
2016-08-25,26.7,21.0,1.1,84,15.5,14.28
2016-08-26,27.1,20.5,1.5,82,16.2,16.71
2016-08-27,26.8,20.8,0.8,83,17.6,15.47
2016-08-28,25.3,20.7,2.1,86,18.7,12.55
2016-08-29,27.1,20.5,8.3,88,15.4,14.17
2016-08-30,25.5,21.0,11.6,90,15.1,11.07
2016-08-31,25.1,20.7,2.4,89,13.3,9.37
2016-09-01,25.4,20.6,0.2,85,17.6,12.27
2016-09-02,25.7,20.6,0.5,84,18.1,14.33
2016-09-03,26.1,20.1,0.0,82,18.8,15.12
2016-09-04,26.4,20.1,0.4,82,20.9,17.34
2016-09-05,26.9,19.9,0.0,78,18.7,18.03
2016-09-06,25.9,19.8,0.6,82,20.2,17.54
2016-09-07,26.8,19.9,0.2,79,17.8,20.42
2016-09-08,26.4,19.4,0.3,77,13.9,19.25
2016-09-09,27.7,19.2,0.0,77,13.8,21.83
2016-09-10,27.2,19.4,0.1,78,15.8,19.22
2016-09-11,26.7,19.7,0.0,79,13.6,14.81
2016-09-12,27.2,19.4,0.2,80,14.8,17.09
2016-09-13,26.1,20.2,3.3,84,14.0,11.31
2016-09-14,23.7,20.6,14.5,93,13.7,5.48
2016-09-15,23.7,20.5,10.6,90,17.6,4.87
2016-09-16,25.3,20.5,1.6,89,22.4,13.44
2016-09-17,26.0,20.5,0.0,85,25.6,17.89
2016-09-18,25.8,20.5,1.1,83,25.4,18.96
2016-09-19,26.3,20.6,0.8,83,23.0,17.11
2016-09-20,26.0,20.5,1.2,81,20.6,13.18
2016-09-21,22.4,20.4,18.3,92,14.1,4.0
2016-09-22,25.4,20.3,0.4,84,22.7,12.03
2016-09-23,25.3,20.4,8.1,86,22.8,12.72
2016-09-24,22.3,20.6,34.9,97,20.2,4.04
2016-09-25,25.2,20.7,2.4,90,16.9,12.19
2016-09-26,27.2,21.2,1.6,84,15.7,14.05
2016-09-27,27.2,21.2,3.9,86,13.0,12.59
2016-09-28,28.1,20.7,4.1,84,11.8,17.16
2016-09-29,28.0,21.1,3.0,84,13.0,18.46
2016-09-30,27.1,20.0,5.8,87,17.6,18.4
2016-10-01,26.1,19.4,1.1,85,18.4,16.82
2016-10-02,26.2,19.4,0.2,83,17.3,14.31
2016-10-03,25.9,19.9,0.8,84,17.1,15.59
2016-10-04,25.7,20.3,0.8,84,17.2,14.17
2016-10-05,26.1,19.7,0.2,81,16.5,16.9
2016-10-06,26.6,18.6,0.0,82,15.7,19.43
2016-10-07,26.6,18.8,0.1,83,15.6,16.02
2016-10-08,25.9,20.0,1.2,85,20.0,14.26
2016-10-09,25.9,20.5,3.0,86,19.8,14.78
2016-10-10,25.1,20.7,3.5,91,16.8,11.83
2016-10-11,27.1,21.0,0.3,88,8.4,12.55
2016-10-12,28.1,20.5,1.4,85,7.2,17.39
2016-10-13,27.9,20.7,1.6,83,10.4,18.16
2016-10-14,28.5,18.9,0.0,70,14.5,22.17
2016-10-15,28.5,16.3,0.0,64,12.1,21.91
2016-10-16,28.3,16.4,0.0,64,12.6,21.7
2016-10-17,28.3,16.3,0.0,62,12.3,22.65
2016-10-18,28.2,19.3,0.0,61,10.0,18.2
2016-10-19,28.6,18.1,0.0,59,11.8,23.16
2016-10-20,28.6,16.4,0.0,61,10.6,21.77
2016-10-21,28.6,17.2,0.0,59,10.8,22.67
2016-10-22,28.5,18.5,0.0,62,10.7,21.31
2016-10-23,28.9,16.9,0.0,65,13.1,22.87
2016-10-24,29.0,20.2,0.0,72,12.1,18.48
2016-10-25,29.3,20.3,0.0,67,9.6,18.85
2016-10-26,28.4,20.5,0.0,58,13.8,18.08
2016-10-27,29.1,17.1,0.0,56,14.3,22.83
2016-10-28,28.8,17.8,0.0,50,16.0,22.81
2016-10-29,29.1,15.3,0.0,61,10.9,20.96
2016-10-30,29.2,19.7,0.2,65,12.2,18.13
2016-10-31,28.9,20.2,0.5,69,15.9,16.78
2016-11-01,28.5,20.7,0.0,67,18.9,16.84
2016-11-02,28.7,19.9,0.0,65,13.9,17.74
2016-11-03,30.3,19.5,0.0,55,14.1,20.24
2016-11-04,29.7,18.9,0.0,46,10.2,21.69
2016-11-05,29.2,16.8,0.0,44,12.0,22.51
2016-11-06,28.9,14.5,0.0,52,12.1,22.23
2016-11-07,29.4,14.7,0.0,56,9.7,21.7
2016-11-08,28.6,16.6,0.0,37,17.3,22.44
2016-11-09,28.4,15.3,0.0,36,16.2,22.33
2016-11-10,28.9,14.5,0.0,41,14.0,22.13
2016-11-11,29.0,15.1,0.0,40,15.5,21.61
2016-11-12,29.1,15.9,0.0,44,14.3,20.98
2016-11-13,30.4,18.8,0.0,51,13.3,18.58
2016-11-14,30.1,19.8,2.3,68,13.7,17.36
2016-11-15,29.3,20.1,5.7,77,13.8,16.27
2016-11-16,29.9,19.8,2.0,73,16.9,17.93
2016-11-17,29.6,20.3,0.0,60,20.7,19.33
2016-11-18,27.9,19.5,0.0,66,18.8,13.99
2016-11-19,28.7,17.1,0.0,57,14.8,20.14
2016-11-20,28.6,16.7,0.0,52,11.9,19.39
2016-11-21,29.5,17.3,0.0,51,13.3,20.65
2016-11-22,29.3,17.1,0.0,47,12.2,20.55
2016-11-23,29.3,16.1,0.0,41,13.7,20.97
2016-11-24,29.4,16.4,0.0,41,15.0,20.85
2016-11-25,29.9,16.9,0.0,44,17.9,20.8
2016-11-26,30.2,16.1,0.0,41,16.1,20.85
2016-11-27,31.1,14.9,0.0,37,12.7,20.99
2016-11-28,31.9,15.3,0.0,37,11.8,21.0
2016-11-29,31.0,14.4,0.0,39,11.7,19.93
2016-11-30,30.3,15.2,0.0,40,12.4,19.15
2016-12-01,30.5,16.6,0.0,43,16.6,19.34
2016-12-02,30.1,17.3,0.0,54,16.1,18.79
2016-12-03,28.0,20.2,0.2,68,22.3,11.42
2016-12-04,28.5,20.6,0.5,68,20.3,12.56
2016-12-05,29.5,20.3,0.0,65,14.4,16.83
2016-12-06,29.1,19.8,0.0,50,14.3,19.36
2016-12-07,28.3,17.1,0.0,46,16.3,19.88
2016-12-08,29.1,16.5,0.0,48,13.3,19.91
2016-12-09,28.6,14.5,0.0,44,10.2,20.46
2016-12-10,28.4,14.2,0.0,35,12.0,20.62
2016-12-11,28.5,14.5,0.0,35,14.8,20.16
2016-12-12,29.8,15.3,0.0,41,13.3,19.62
2016-12-13,26.7,19.9,2.2,58,25.5,13.4
2016-12-14,25.9,19.7,0.3,77,20.3,9.54
2016-12-15,29.1,19.4,0.0,65,17.8,17.55
2016-12-16,28.9,19.7,0.0,64,18.5,15.59
2016-12-17,29.0,18.5,0.0,60,12.3,15.76
2016-12-18,29.3,17.2,0.0,55,12.3,18.76
2016-12-19,29.6,16.1,0.0,47,12.0,19.86
2016-12-20,30.1,15.4,0.0,45,16.2,20.03
2016-12-21,30.3,14.9,0.0,41,10.5,20.39
2016-12-22,31.2,14.5,0.0,37,11.6,20.6
2016-12-23,31.3,14.5,0.0,31,12.3,20.52
2016-12-24,30.7,13.9,0.0,31,12.3,20.57
2016-12-25,30.4,13.7,0.0,33,9.8,20.57
2016-12-26,30.7,14.8,0.0,37,12.4,20.38
2016-12-27,30.1,16.5,0.0,41,16.2,20.31
2016-12-28,29.7,16.2,0.0,43,16.0,20.26
2016-12-29,29.8,16.4,0.0,44,16.2,20.35
2016-12-30,29.5,16.0,0.0,46,14.1,20.23
2016-12-31,29.2,15.2,0.0,46,12.2,20.28
2017-01-01,29.4,16.9,0.0,45,13.8,20.51
2017-01-02,29.2,15.6,0.0,42,10.5,20.51
2017-01-03,29.3,17.6,0.0,44,15.8,20.42
2017-01-04,28.6,15.7,0.0,41,14.5,20.79
2017-01-05,28.7,15.9,0.0,37,14.1,21.0
2017-01-06,28.8,14.9,0.0,35,11.9,21.13
2017-01-07,29.0,14.0,0.0,45,10.9,21.08
2017-01-08,28.5,13.4,0.0,52,13.3,21.03
2017-01-09,28.5,15.6,0.0,56,14.3,20.28
2017-01-10,27.8,15.8,0.0,48,13.9,20.63
2017-01-11,27.6,16.4,0.0,50,13.8,20.75
2017-01-12,27.7,16.0,0.0,49,12.1,20.6
2017-01-13,28.6,16.3,0.0,49,11.2,20.24
2017-01-14,27.4,18.9,0.1,55,20.0,14.53
2017-01-15,28.3,17.6,0.0,50,18.4,18.13
2017-01-16,28.9,18.4,0.0,46,13.4,19.58
2017-01-17,28.9,18.0,0.0,45,12.0,20.74
2017-01-18,28.7,17.9,0.0,42,18.8,21.36
2017-01-19,27.7,16.7,0.0,44,19.1,21.82
2017-01-20,28.4,16.4,0.0,47,18.1,21.68
2017-01-21,29.9,17.0,0.0,43,20.2,21.05
2017-01-22,30.3,19.1,0.0,41,17.6,20.75
2017-01-23,30.6,19.6,0.0,41,20.5,21.47
2017-01-24,30.4,18.8,0.0,47,20.7,21.49
2017-01-25,30.1,18.8,0.0,47,18.1,21.22
2017-01-26,25.8,19.1,0.0,46,16.1,7.91
2017-01-27,29.7,17.6,0.0,59,13.1,20.39
2017-01-28,30.6,20.1,0.0,56,21.4,19.66
2017-01-29,31.0,19.7,0.0,50,16.2,21.84
2017-01-30,30.7,20.0,0.0,44,17.4,21.51
2017-01-31,31.7,18.5,0.0,36,14.0,22.41
2017-02-01,31.8,19.1,0.0,37,14.3,22.49
2017-02-02,31.5,18.0,0.0,35,14.1,22.73
2017-02-03,30.5,18.9,0.0,42,15.6,22.14
2017-02-04,30.8,18.6,0.0,39,16.6,22.78
2017-02-05,30.6,17.8,0.0,39,15.3,23.09
2017-02-06,30.8,16.7,0.0,50,11.5,22.97
2017-02-07,31.1,18.2,0.0,45,14.1,23.07
2017-02-08,31.5,17.9,0.0,42,11.2,23.2
2017-02-09,31.7,18.1,0.0,45,13.0,23.32
2017-02-10,31.4,18.6,0.0,44,16.9,23.42
2017-02-11,30.9,17.8,0.0,53,15.3,23.27
2017-02-12,31.4,18.1,0.0,45,17.7,23.57
2017-02-13,31.1,18.8,0.0,36,20.8,23.58
2017-02-14,30.9,18.5,0.0,32,19.8,24.04
2017-02-15,30.9,19.8,0.0,39,20.2,23.58
2017-02-16,30.2,19.8,0.0,38,25.0,24.15
2017-02-17,31.3,18.8,0.0,38,28.6,24.03
2017-02-18,31.6,18.9,0.0,39,23.0,23.95
2017-02-19,32.6,19.3,0.0,37,17.4,24.21
2017-02-20,32.8,18.0,0.0,41,20.1,24.3
2017-02-21,33.2,17.9,0.0,54,16.6,24.26
2017-02-22,34.2,19.9,0.0,32,15.5,24.67
2017-02-23,34.2,21.6,0.0,31,18.0,24.56
2017-02-24,34.1,20.7,0.0,31,15.8,24.51
2017-02-25,33.9,22.0,0.0,31,14.9,24.67
2017-02-26,33.4,20.9,0.0,27,16.6,24.89
2017-02-27,33.3,20.1,0.0,25,22.3,25.14
2017-02-28,33.3,20.3,0.0,28,21.5,25.34
2017-03-01,33.8,21.1,0.0,27,20.1,25.22
2017-03-02,33.1,20.2,0.0,26,14.2,25.3
2017-03-03,33.7,19.7,0.0,29,19.2,25.73
2017-03-04,33.5,18.1,0.0,43,18.8,25.48
2017-03-05,32.9,18.7,0.0,43,14.2,25.27
2017-03-06,33.2,19.4,0.0,47,18.3,25.13
2017-03-07,33.0,17.8,0.0,43,20.8,25.59
2017-03-08,32.4,18.6,0.0,33,14.5,24.57
2017-03-09,34.0,20.4,0.0,30,16.6,24.89
2017-03-10,32.2,20.7,0.0,25,26.5,26.01
2017-03-11,31.8,16.6,0.0,29,16.2,27.06
2017-03-12,31.6,14.2,0.0,44,17.7,27.02
2017-03-13,32.8,17.3,0.0,45,18.0,26.23
2017-03-14,33.5,18.6,0.0,44,15.9,26.05
2017-03-15,33.6,20.6,0.0,55,18.8,24.96
2017-03-16,33.1,19.7,0.0,62,19.1,23.06
2017-03-17,33.4,20.1,0.0,45,17.6,26.18
2017-03-18,34.2,20.7,0.0,33,16.2,26.42
2017-03-19,34.7,21.2,0.0,38,18.5,25.24
2017-03-20,34.7,21.9,0.0,37,21.3,26.61
2017-03-21,34.9,19.9,0.0,35,15.0,26.28
2017-03-22,35.3,20.3,0.0,36,14.5,26.14
2017-03-23,35.7,23.0,0.0,45,19.8,25.77
2017-03-24,35.6,20.2,0.0,56,14.7,25.85
2017-03-25,35.5,21.0,0.0,53,16.9,23.65
2017-03-26,37.5,21.9,0.0,50,16.1,25.08
2017-03-27,37.8,22.8,0.0,43,15.3,26.07
2017-03-28,34.7,21.4,0.2,62,21.8,22.18
2017-03-29,35.2,22.0,0.0,64,19.6,22.63
2017-03-30,34.7,22.8,0.0,62,18.2,23.24
2017-03-31,35.9,22.7,0.4,58,16.6,22.11
2017-04-01,34.5,22.8,1.1,66,19.7,21.23
2017-04-02,34.5,21.8,0.6,62,14.2,22.83
2017-04-03,35.6,22.2,0.2,52,22.7,24.01
2017-04-04,36.1,21.8,0.0,52,19.8,24.25
2017-04-05,35.9,20.4,0.0,62,24.0,25.76
2017-04-06,36.2,21.0,0.0,56,17.6,26.91
2017-04-07,36.9,20.9,0.0,56,19.2,27.03
2017-04-08,37.2,22.7,0.0,39,19.3,27.41
2017-04-09,36.0,23.7,0.1,45,18.0,22.39
2017-04-10,36.4,22.9,0.3,57,20.0,24.22
2017-04-11,36.0,22.2,0.2,62,19.3,23.49
2017-04-12,37.3,22.3,0.0,57,15.3,26.72
2017-04-13,37.3,20.9,0.0,60,17.7,27.27
2017-04-14,36.7,21.6,0.0,63,23.1,24.78
2017-04-15,36.5,21.7,0.0,61,22.9,24.0
2017-04-16,35.6,20.9,0.0,67,24.4,25.27
2017-04-17,36.0,21.3,0.0,66,21.5,25.49
2017-04-18,37.0,21.5,0.0,64,21.7,25.24
2017-04-19,36.3,21.9,0.0,66,23.1,24.63
2017-04-20,36.6,21.4,0.0,65,23.5,25.87
2017-04-21,34.1,21.3,0.0,66,22.5,24.1
2017-04-22,34.2,20.7,0.0,62,21.1,25.51
2017-04-23,35.7,20.2,0.0,54,17.5,27.22
2017-04-24,36.0,21.4,0.0,50,26.8,26.96
2017-04-25,36.8,22.2,0.0,44,21.3,27.22
2017-04-26,36.3,22.0,0.0,39,18.4,27.0
2017-04-27,36.1,21.1,0.3,47,22.6,25.56
2017-04-28,34.8,21.3,2.6,63,16.2,23.31
2017-04-29,35.1,21.9,0.0,57,19.1,24.84
2017-04-30,34.2,20.7,0.0,48,16.9,23.27
2017-05-01,35.4,22.0,0.0,36,18.0,27.41
2017-05-02,35.1,20.4,0.6,65,24.3,24.53
2017-05-03,33.9,21.2,0.2,65,17.1,23.54
2017-05-04,34.7,22.4,1.6,70,16.2,22.98
2017-05-05,35.8,23.0,1.1,66,14.0,22.96
2017-05-06,34.1,23.7,5.5,72,14.8,22.44
2017-05-07,34.4,22.6,2.6,66,16.5,21.09
2017-05-08,35.5,22.0,1.5,68,22.2,24.42
2017-05-09,34.6,22.5,0.5,64,21.8,25.02
2017-05-10,35.4,21.9,0.0,65,15.7,24.32
2017-05-11,35.5,22.6,0.0,63,19.5,24.87
2017-05-12,33.6,22.0,0.7,69,15.6,23.39
2017-05-13,34.7,23.9,2.9,69,18.5,23.83
2017-05-14,33.6,24.1,3.9,74,20.4,21.37
2017-05-15,31.9,23.1,0.0,71,19.8,22.65
2017-05-16,35.3,21.9,0.1,65,21.9,26.84
2017-05-17,34.1,23.2,0.4,69,20.2,23.6
2017-05-18,35.3,22.6,0.4,67,23.9,24.93
2017-05-19,34.6,23.5,0.1,64,20.6,26.05
2017-05-20,34.8,22.3,0.1,67,21.3,23.03
2017-05-21,33.9,22.2,0.4,63,18.8,23.51
2017-05-22,33.9,23.5,0.0,62,21.3,18.69
2017-05-23,35.5,23.1,0.1,67,16.6,20.43
2017-05-24,36.5,24.8,0.0,66,20.2,21.83
2017-05-25,35.2,23.8,0.0,65,22.3,24.22
2017-05-26,32.2,23.1,0.0,71,20.2,19.03
2017-05-27,34.3,23.0,0.7,68,22.7,25.71
2017-05-28,32.4,22.7,0.1,71,24.6,20.11
2017-05-29,33.2,23.0,0.1,70,29.9,21.88
2017-05-30,30.8,22.6,1.9,76,31.9,21.77
2017-05-31,28.4,22.4,18.5,89,26.3,12.41
2017-06-01,29.1,22.3,2.2,85,21.1,19.2
2017-06-02,29.8,22.8,3.4,82,19.6,19.29
2017-06-03,28.4,22.1,1.4,85,25.7,16.42
2017-06-04,30.1,21.9,0.5,77,22.8,18.2
2017-06-05,30.3,22.4,3.8,80,24.2,17.87
2017-06-06,29.2,22.4,6.1,80,23.7,18.7
2017-06-07,24.8,21.8,10.1,92,19.9,7.66
2017-06-08,23.9,21.0,10.3,92,22.6,7.51
2017-06-09,26.5,21.3,2.8,86,25.7,15.25
2017-06-10,24.3,20.8,2.5,92,28.1,8.1
2017-06-11,23.8,21.1,23.4,97,22.0,4.31
2017-06-12,24.1,21.2,44.4,97,24.7,6.78
2017-06-13,27.3,21.1,1.0,85,23.9,15.97
2017-06-14,27.9,22.1,1.7,85,21.8,18.32
2017-06-15,26.9,22.0,5.2,88,20.8,15.91
2017-06-16,25.2,21.8,14.8,95,21.2,7.14
2017-06-17,25.1,21.5,6.5,94,19.1,11.13
2017-06-18,26.7,21.8,2.5,88,19.4,11.97
2017-06-19,26.0,21.7,9.2,89,22.1,11.79
2017-06-20,27.0,21.5,1.0,85,25.1,17.63
2017-06-21,28.3,21.4,0.9,82,25.0,19.81
2017-06-22,28.2,21.7,1.2,81,24.9,19.34
2017-06-23,26.1,22.1,2.8,86,27.4,17.0
2017-06-24,26.8,21.8,2.2,87,30.4,18.04
2017-06-25,26.2,21.4,3.9,89,31.0,17.02
2017-06-26,26.3,20.8,5.6,89,32.9,17.04
2017-06-27,24.3,20.3,13.9,94,33.7,7.36
2017-06-28,23.8,20.8,10.5,94,32.1,11.22
2017-06-29,25.3,21.0,5.8,91,30.9,15.9
2017-06-30,25.4,21.3,5.3,90,30.5,13.36
2017-07-01,26.0,20.9,2.5,88,31.4,16.09
2017-07-02,26.1,21.3,2.4,88,27.9,14.72
2017-07-03,26.1,21.4,1.4,88,27.6,13.21
2017-07-04,26.3,21.2,2.1,87,30.5,18.18
2017-07-05,26.1,21.3,1.0,86,30.7,17.23
2017-07-06,26.2,21.3,0.8,85,27.5,14.09
2017-07-07,28.0,21.6,0.6,82,24.1,17.89
2017-07-08,27.6,21.3,1.0,82,21.6,16.65
2017-07-09,27.8,21.6,2.1,83,17.5,18.45
2017-07-10,27.7,21.2,1.2,84,21.7,16.84
2017-07-11,26.6,21.6,1.2,84,25.3,12.11
2017-07-12,26.7,21.3,0.1,83,27.7,17.39
2017-07-13,26.4,21.1,2.6,86,31.0,16.09
2017-07-14,26.5,20.9,1.8,88,34.6,16.04
2017-07-15,26.4,21.2,4.8,89,33.1,13.45
2017-07-16,26.4,20.9,1.4,85,33.2,19.06
2017-07-17,24.6,20.9,2.8,90,30.7,10.77
2017-07-18,23.8,21.2,13.6,93,29.0,8.41
2017-07-19,22.4,21.1,25.7,96,32.6,4.06
2017-07-20,24.4,20.9,8.4,92,32.7,11.47
2017-07-21,25.1,20.8,5.0,92,33.5,13.92
2017-07-22,26.4,21.1,1.9,86,33.2,19.11
2017-07-23,26.4,20.8,2.1,85,31.3,18.9
2017-07-24,26.2,21.0,1.9,87,32.2,17.11
2017-07-25,26.6,21.3,1.3,84,32.3,18.18
2017-07-26,26.2,21.3,1.1,83,30.6,16.69
2017-07-27,26.8,20.9,0.6,83,31.4,16.93
2017-07-28,26.3,21.3,1.1,86,29.5,14.16
2017-07-29,26.6,21.2,0.3,83,23.4,13.87
2017-07-30,27.1,21.1,0.8,83,23.1,16.72
2017-07-31,28.3,21.1,0.2,81,24.9,18.48
2017-08-01,28.2,21.1,0.7,81,24.9,19.4
2017-08-02,26.9,21.1,1.8,85,27.4,17.61
2017-08-03,26.2,21.1,1.7,87,28.6,13.18
2017-08-04,26.7,21.2,2.3,86,31.8,16.91
2017-08-05,26.5,21.6,1.9,83,29.5,17.05
2017-08-06,26.9,21.5,1.9,84,24.8,17.1
2017-08-07,27.9,21.3,0.3,84,24.4,19.03
2017-08-08,27.7,21.3,0.9,82,22.5,16.94
2017-08-09,27.3,21.7,4.1,87,20.3,14.98
2017-08-10,26.6,21.1,4.2,86,21.3,13.53
2017-08-11,26.6,20.9,2.5,85,19.1,12.83
2017-08-12,26.6,20.5,3.4,83,21.2,15.22
2017-08-13,26.8,20.1,0.6,83,19.8,14.27
2017-08-14,27.4,20.4,1.0,82,14.8,12.43
2017-08-15,28.5,20.2,0.6,84,16.9,18.79
2017-08-16,28.2,20.9,2.4,82,20.5,18.73
2017-08-17,27.4,20.9,1.6,83,18.4,15.62
2017-08-18,26.7,21.4,1.1,86,20.9,8.46
2017-08-19,23.8,20.7,4.3,91,24.2,5.92
2017-08-20,25.4,20.7,2.4,91,29.9,10.03
2017-08-21,25.5,20.7,6.1,92,28.6,11.53
2017-08-22,26.4,20.6,0.7,87,26.8,14.12
2017-08-23,26.9,21.2,2.3,85,22.0,15.6
2017-08-24,26.9,21.3,5.9,84,19.3,13.83
2017-08-25,25.6,21.2,6.9,88,20.9,11.55
2017-08-26,24.2,21.1,45.3,94,24.1,4.82
2017-08-27,25.8,21.4,4.1,90,27.0,11.78
2017-08-28,24.8,21.3,1.1,89,28.7,9.87
2017-08-29,22.4,21.2,13.1,98,25.3,5.3
2017-08-30,26.8,21.0,1.6,87,27.4,19.17
2017-08-31,26.5,20.7,1.1,86,21.6,17.24
2017-09-01,28.4,21.0,0.8,82,17.8,19.08
2017-09-02,27.8,20.8,0.7,83,17.3,15.78
2017-09-03,27.8,20.9,2.0,83,17.2,17.85
2017-09-04,29.3,20.9,0.1,81,14.8,22.27
2017-09-05,28.5,21.5,7.1,87,12.8,15.29
2017-09-06,28.3,21.5,15.6,86,13.5,16.03
2017-09-07,27.7,21.7,17.3,87,11.9,13.93
2017-09-08,28.1,21.0,15.5,88,12.1,16.67
2017-09-09,29.3,21.3,1.8,87,22.7,19.39
2017-09-10,28.8,21.3,10.6,90,10.1,15.72
2017-09-11,29.8,22.1,2.6,83,20.8,19.86
2017-09-12,29.4,22.2,6.1,81,13.1,20.55
2017-09-13,29.6,21.6,4.3,83,8.9,19.84
2017-09-14,28.7,21.7,4.8,88,19.4,17.18
2017-09-15,25.0,21.6,4.9,93,16.9,9.41
2017-09-16,25.1,21.3,17.6,94,21.2,10.2
2017-09-17,22.8,21.0,8.8,96,24.2,5.43
2017-09-18,25.8,20.4,4.5,89,32.7,16.19
2017-09-19,24.2,20.9,4.6,92,31.5,7.1
2017-09-20,25.0,20.3,2.2,89,30.2,10.07
2017-09-21,26.1,20.6,0.4,87,23.2,12.73
2017-09-22,27.1,19.7,0.0,83,18.4,16.8
2017-09-23,27.7,19.5,0.2,82,13.6,20.84
2017-09-24,27.5,21.0,12.9,87,16.2,14.59
2017-09-25,26.8,20.4,10.2,90,12.8,14.28
2017-09-26,27.6,20.9,21.1,91,10.1,10.38
2017-09-27,27.7,21.1,18.9,88,15.6,14.56
2017-09-28,26.6,21.0,29.6,93,15.2,10.12
2017-09-29,25.1,21.6,30.5,94,15.7,7.83
2017-09-30,27.4,20.9,23.2,90,8.5,10.97
2017-10-01,26.3,21.2,14.9,93,13.7,8.56
2017-10-02,27.4,21.9,12.0,91,12.9,13.59
2017-10-03,26.0,21.1,6.0,91,12.5,8.96
2017-10-04,27.6,21.0,7.7,90,8.1,15.17
2017-10-05,28.7,21.4,0.7,85,11.3,17.02
2017-10-06,26.8,21.5,5.0,86,8.8,13.19
2017-10-07,27.4,21.0,17.2,88,14.1,15.48
2017-10-08,27.9,20.8,0.7,87,16.5,15.22
2017-10-09,27.4,21.6,4.0,87,17.1,13.75
2017-10-10,27.8,21.6,10.2,89,17.9,14.41
2017-10-11,28.4,21.0,5.5,86,15.0,16.99
2017-10-12,27.6,21.5,0.9,87,15.6,16.22
2017-10-13,28.1,21.9,4.6,89,19.3,15.69
2017-10-14,27.4,21.3,10.4,89,19.5,13.32
2017-10-15,26.9,20.9,3.9,91,19.6,12.32
2017-10-16,26.0,21.3,15.3,91,13.2,9.76
2017-10-17,28.6,21.1,0.3,80,13.6,18.21
2017-10-18,28.8,20.1,0.0,75,14.7,17.26
2017-10-19,29.4,18.8,0.0,66,11.1,21.34
2017-10-20,28.6,18.5,0.0,80,15.9,19.72
2017-10-21,27.8,20.0,0.0,83,16.3,20.16
2017-10-22,27.8,19.7,0.0,82,16.0,18.46
2017-10-23,28.0,20.3,3.2,87,11.1,15.0
2017-10-24,27.6,20.6,2.4,84,21.0,16.75
2017-10-25,28.4,22.1,1.2,80,15.2,17.28
2017-10-26,28.2,21.3,0.3,77,17.1,19.17
2017-10-27,28.4,19.8,0.0,69,11.6,19.47
2017-10-28,28.0,19.5,0.0,66,15.2,19.06
2017-10-29,27.6,19.6,0.1,68,17.0,18.06
2017-10-30,27.3,19.5,0.0,65,19.5,19.86
2017-10-31,27.8,18.4,0.0,62,19.0,21.46
2017-11-01,28.2,18.6,0.0,63,20.3,19.6
2017-11-02,27.9,18.5,0.0,63,18.2,20.52
2017-11-03,27.4,17.9,0.0,54,24.6,22.0
2017-11-04,27.5,18.0,0.0,60,21.8,19.74
2017-11-05,26.4,19.6,0.2,75,25.6,11.31
2017-11-06,27.9,20.6,0.0,74,25.1,14.62
2017-11-07,29.3,19.2,0.0,71,20.1,20.86
2017-11-08,28.6,18.9,0.0,69,17.9,18.84
2017-11-09,28.7,18.6,0.0,59,15.7,21.1
2017-11-10,28.4,17.5,0.0,54,15.5,21.05
2017-11-11,27.9,17.4,0.0,53,17.9,21.41
2017-11-12,27.9,16.5,0.0,48,12.7,21.83
2017-11-13,28.5,16.7,0.0,54,12.1,20.91
2017-11-14,29.1,16.3,0.0,53,12.8,20.11
2017-11-15,30.1,19.4,0.0,64,15.3,18.93
2017-11-16,28.7,18.4,0.0,65,14.0,15.67
2017-11-17,29.3,19.2,0.0,56,14.5,18.78
2017-11-18,29.3,19.3,0.0,61,15.6,16.48
2017-11-19,26.1,21.5,7.6,80,13.7,10.23
2017-11-20,28.3,20.7,8.1,81,12.7,14.0
2017-11-21,28.7,20.8,0.3,76,13.2,17.27
2017-11-22,28.7,20.9,0.0,71,12.9,16.98
2017-11-23,29.9,19.7,0.0,63,11.0,19.89
2017-11-24,29.2,20.4,0.0,62,11.8,16.47
2017-11-25,29.3,19.8,0.0,65,16.6,16.01
2017-11-26,29.0,18.7,0.0,63,16.9,19.52
2017-11-27,28.5,17.8,0.0,61,14.0,18.87
2017-11-28,28.9,17.6,0.0,57,14.3,20.31
2017-11-29,28.6,16.8,0.0,58,14.8,20.14
2017-11-30,29.4,17.0,0.0,60,20.9,19.25
2017-12-01,27.4,19.6,0.0,67,26.9,12.68
2017-12-02,28.1,19.6,0.2,66,24.7,16.68
2017-12-03,27.2,20.3,0.0,64,21.0,14.89
2017-12-04,27.8,20.1,0.3,68,20.6,15.96
2017-12-05,27.2,19.8,0.4,76,21.1,11.77
2017-12-06,25.3,20.0,4.2,85,13.9,8.61
2017-12-07,26.9,19.5,1.0,79,10.5,13.68
2017-12-08,28.8,19.2,0.0,66,12.4,19.24
2017-12-09,29.0,18.4,0.0,56,13.3,19.27
2017-12-10,29.0,18.4,0.0,54,17.6,19.07
2017-12-11,28.9,17.4,0.0,54,10.8,19.26
2017-12-12,28.9,17.3,0.0,67,11.8,19.22
2017-12-13,28.8,17.3,0.0,64,11.6,18.13
2017-12-14,29.2,18.4,0.0,62,13.1,17.28
2017-12-15,29.5,19.5,0.0,54,17.2,17.35
2017-12-16,28.6,18.5,0.0,57,21.3,18.92
2017-12-17,27.8,17.7,0.0,55,24.5,18.91
2017-12-18,27.1,17.4,0.0,57,20.4,18.38
2017-12-19,26.9,16.5,0.0,56,23.6,19.27
2017-12-20,27.6,15.6,0.0,54,16.2,19.02
2017-12-21,27.1,16.4,0.0,52,18.3,18.16
2017-12-22,28.0,15.9,0.0,52,18.4,19.44
2017-12-23,27.7,16.0,0.0,50,16.2,19.35
2017-12-24,28.0,16.5,0.0,54,16.6,19.29
2017-12-25,28.2,16.0,0.0,55,15.3,19.53
2017-12-26,28.2,16.1,0.0,51,17.1,19.57
2017-12-27,27.1,15.4,0.0,54,17.0,19.2
2017-12-28,27.1,15.6,0.0,49,18.2,19.49
2017-12-29,26.5,13.8,0.0,52,17.0,19.53
2017-12-30,26.9,14.5,0.0,51,14.6,19.53
2017-12-31,26.9,15.0,0.0,55,12.6,19.5
2018-01-01,27.4,15.7,0.0,52,11.5,19.67
2018-01-02,28.0,15.3,0.0,54,10.5,19.56
2018-01-03,28.2,15.5,0.0,57,14.5,17.52
2018-01-04,28.0,17.1,0.0,61,11.8,17.79
2018-01-05,27.4,16.7,0.0,53,12.2,19.68
2018-01-06,26.7,15.3,0.0,52,11.8,19.71
2018-01-07,26.7,14.9,0.0,52,9.2,19.61
2018-01-08,26.5,15.1,0.0,51,13.8,19.88
2018-01-09,27.0,15.7,0.0,53,17.2,19.14
2018-01-10,28.7,18.3,0.0,56,19.6,18.08
2018-01-11,30.2,19.3,0.0,57,13.2,18.7
2018-01-12,29.6,21.1,0.0,57,16.8,16.11
2018-01-13,30.8,20.2,0.0,53,16.1,19.59
2018-01-14,30.3,19.9,0.0,45,18.1,19.53
2018-01-15,30.5,19.4,0.0,49,12.8,18.3
2018-01-16,29.6,20.6,0.0,48,12.3,16.25
2018-01-17,29.0,18.5,0.0,48,15.1,15.32
2018-01-18,28.8,18.4,0.0,48,16.7,20.18
2018-01-19,28.1,17.1,0.0,48,15.1,20.57
2018-01-20,27.9,16.1,0.0,47,14.7,20.7
2018-01-21,28.2,15.5,0.0,44,13.8,20.99
2018-01-22,28.1,15.9,0.0,45,14.2,20.91
2018-01-23,28.0,15.9,0.0,57,13.0,20.57
2018-01-24,27.7,15.9,0.0,59,13.4,20.43
2018-01-25,28.5,16.1,0.0,51,12.1,21.01
2018-01-26,28.7,16.1,0.0,46,12.4,21.2
2018-01-27,28.5,16.8,0.0,50,13.9,20.88
2018-01-28,28.8,16.7,0.0,50,11.7,21.19
2018-01-29,29.3,17.8,0.0,46,15.9,21.38
2018-01-30,28.4,17.0,0.0,47,20.0,21.59
2018-01-31,29.1,16.5,0.0,39,18.3,22.05
2018-02-01,29.7,16.2,0.0,35,19.1,22.33
2018-02-02,29.8,16.4,0.0,32,14.6,22.21
2018-02-03,29.7,17.0,0.0,35,15.9,22.06
2018-02-04,29.6,15.7,0.0,31,16.8,22.32
2018-02-05,29.6,16.1,0.0,32,17.4,22.58
2018-02-06,30.2,16.2,0.0,40,13.4,20.52
2018-02-07,26.1,18.4,0.8,54,13.4,6.6
2018-02-08,29.7,16.8,0.0,55,12.3,19.52
2018-02-09,28.8,18.8,0.0,49,12.0,16.75
2018-02-10,28.9,20.0,0.0,50,14.5,11.12
2018-02-11,30.2,19.6,0.2,61,19.4,17.9
2018-02-12,28.6,18.3,0.6,64,7.6,17.63
2018-02-13,29.2,19.7,0.2,62,13.1,18.81
2018-02-14,30.9,19.6,0.0,55,16.0,21.55
2018-02-15,30.7,19.5,0.0,47,18.0,21.27
2018-02-16,30.0,19.3,0.0,42,15.5,21.23
2018-02-17,30.4,18.7,0.0,41,12.1,23.06
2018-02-18,31.3,18.6,0.0,36,12.1,23.38
2018-02-19,31.0,18.4,0.0,43,10.4,22.74
2018-02-20,31.6,18.3,0.0,42,13.2,21.87
2018-02-21,31.1,17.8,0.0,45,13.8,22.67
2018-02-22,31.7,17.5,0.0,39,13.9,21.74
2018-02-23,31.4,17.9,0.0,40,16.1,23.09
2018-02-24,31.7,19.6,0.0,31,21.8,23.89
2018-02-25,32.0,18.9,0.0,26,19.8,24.74
2018-02-26,31.8,17.9,0.0,27,14.0,24.39
2018-02-27,32.9,18.7,0.0,25,23.4,24.65
2018-02-28,32.9,18.6,0.0,27,17.3,24.28
2018-03-01,32.6,19.9,0.0,28,16.6,24.14
2018-03-02,33.4,19.1,0.0,27,14.9,24.41
2018-03-03,33.2,18.5,0.0,35,15.6,24.27
2018-03-04,33.3,18.2,0.0,50,12.5,24.16
2018-03-05,33.3,18.7,0.0,50,13.3,24.28
2018-03-06,34.1,19.7,0.0,40,16.4,24.24
2018-03-07,34.1,18.7,0.0,38,16.3,24.6
2018-03-08,34.5,18.6,0.0,52,13.5,24.56
2018-03-09,33.5,17.5,0.0,48,10.1,23.94
2018-03-10,34.4,19.3,0.0,39,13.0,23.76
2018-03-11,34.1,20.4,0.0,38,10.2,23.59
2018-03-12,34.6,21.3,0.0,33,16.4,23.51
2018-03-13,34.5,21.8,0.0,33,16.8,21.23
2018-03-14,30.8,23.5,0.1,43,17.3,12.33
2018-03-15,28.5,20.8,7.0,73,16.1,8.16
2018-03-16,29.6,21.4,9.3,73,16.6,13.76
2018-03-17,29.7,19.8,0.2,63,12.6,18.94
2018-03-18,30.4,21.6,0.6,67,13.7,18.69
2018-03-19,31.0,21.3,1.4,68,14.8,19.1
2018-03-20,33.6,22.4,0.0,49,15.5,21.0
2018-03-21,33.9,21.6,0.0,42,19.2,22.55
2018-03-22,34.7,21.0,0.0,37,20.2,24.24
2018-03-23,34.6,20.8,0.0,32,22.5,25.12
2018-03-24,35.4,20.8,0.0,30,18.8,25.28
2018-03-25,35.5,24.0,0.0,31,18.9,20.6
2018-03-26,36.2,22.0,0.0,44,11.9,23.99
2018-03-27,34.4,21.9,0.0,62,18.0,20.83
2018-03-28,35.5,22.1,0.0,68,23.7,21.5
2018-03-29,36.1,21.3,0.0,64,19.7,24.8
2018-03-30,36.2,20.4,0.0,61,22.8,25.0
2018-03-31,35.0,19.6,0.0,62,19.0,24.83
2018-04-01,35.6,19.5,0.0,51,16.6,23.56
2018-04-02,35.2,19.9,0.0,50,17.5,22.45
2018-04-03,34.9,19.9,0.0,62,18.0,22.0
2018-04-04,34.2,21.1,0.1,62,13.2,21.19
2018-04-05,33.5,22.3,0.0,58,12.5,20.37
2018-04-06,31.9,22.4,3.8,67,13.7,18.74
2018-04-07,32.9,22.2,3.8,60,13.2,20.17
2018-04-08,32.8,22.2,1.6,48,16.3,19.4
2018-04-09,32.7,21.8,0.0,47,9.9,21.13
2018-04-10,32.7,21.3,0.1,52,12.3,20.54
2018-04-11,33.7,22.2,3.5,54,13.6,21.0
2018-04-12,33.1,22.2,0.0,54,13.8,21.12
2018-04-13,33.4,22.3,0.1,52,12.5,19.32
2018-04-14,33.4,23.3,0.0,55,15.5,19.72
2018-04-15,33.6,23.5,0.1,61,13.6,19.57
2018-04-16,34.4,22.1,0.1,68,13.7,22.78
2018-04-17,34.8,23.6,0.2,65,17.4,21.35
2018-04-18,34.5,23.5,0.3,64,20.5,21.1
2018-04-19,35.3,24.5,0.0,63,19.3,21.91
2018-04-20,34.8,23.2,0.2,65,19.7,23.57
2018-04-21,36.5,21.7,0.0,50,14.9,25.19
2018-04-22,35.9,22.9,0.0,57,20.4,22.41
2018-04-23,36.5,22.2,0.0,61,21.5,25.85
2018-04-24,36.4,21.3,0.0,59,17.0,23.27
2018-04-25,36.8,20.5,0.0,57,19.4,26.37
2018-04-26,36.5,19.7,0.0,47,19.2,26.75
2018-04-27,36.7,21.1,0.0,46,20.0,24.28
2018-04-28,35.6,22.9,0.1,58,17.6,22.01
2018-04-29,35.1,21.9,0.2,68,17.9,21.19
2018-04-30,36.5,21.9,0.0,65,23.8,23.73
2018-05-01,36.8,21.3,0.0,65,19.5,23.67
2018-05-02,36.7,21.6,0.0,66,23.4,24.42
2018-05-03,36.6,20.5,0.0,62,18.5,25.42
2018-05-04,35.0,22.5,0.3,68,20.4,22.19
2018-05-05,34.2,23.3,0.0,65,14.2,20.66
2018-05-06,34.2,23.3,0.7,67,18.2,22.25
2018-05-07,35.1,22.9,0.4,64,19.2,21.95
2018-05-08,36.4,23.2,0.0,61,20.9,24.05
2018-05-09,36.7,21.8,0.3,56,16.5,22.41
2018-05-10,33.4,23.9,2.3,69,16.3,18.53
2018-05-11,33.3,23.3,0.9,69,17.0,17.07
2018-05-12,34.5,23.1,1.4,70,21.4,20.91
2018-05-13,34.9,22.5,0.8,69,18.2,22.84
2018-05-14,32.4,22.7,4.0,73,15.7,20.08
2018-05-15,32.9,21.7,1.2,65,13.5,23.95
2018-05-16,32.3,22.6,2.7,73,12.2,23.1
2018-05-17,33.6,22.3,3.5,76,14.8,22.5
2018-05-18,30.9,23.2,6.8,78,20.5,17.32
2018-05-19,31.3,22.6,2.1,77,19.1,21.64
2018-05-20,31.9,23.3,0.1,76,21.3,21.33
2018-05-21,32.8,21.6,1.2,73,21.4,23.48
2018-05-22,33.9,22.0,1.9,72,15.7,23.52
2018-05-23,33.3,22.6,0.9,71,20.5,24.19
2018-05-24,34.0,22.2,7.2,71,21.6,21.86
2018-05-25,34.3,22.6,0.9,69,20.2,21.74
2018-05-26,35.4,22.3,1.5,65,14.8,23.68
2018-05-27,35.4,23.4,0.1,68,18.8,22.67
2018-05-28,31.7,23.9,9.0,81,20.5,16.0
2018-05-29,32.4,23.2,15.0,80,21.8,14.75
2018-05-30,31.1,22.6,0.8,77,21.1,19.36
2018-05-31,30.0,22.6,1.0,80,18.7,18.88
2018-06-01,29.2,23.3,7.3,84,15.1,14.4
2018-06-02,31.7,23.3,8.6,81,17.5,20.33
2018-06-03,27.7,22.7,4.7,88,19.4,12.34
2018-06-04,29.4,22.4,23.2,85,17.8,15.7
2018-06-05,29.8,21.5,6.9,85,17.4,18.01
2018-06-06,29.4,22.3,1.8,83,18.7,20.76
2018-06-07,28.5,22.1,13.3,88,19.8,13.64
2018-06-08,24.7,21.4,44.2,96,23.8,6.75
2018-06-09,24.7,20.8,63.5,95,21.5,5.04
2018-06-10,25.8,20.9,13.7,93,30.7,10.62
2018-06-11,27.1,21.8,3.8,89,32.9,16.55
2018-06-12,27.7,22.4,4.0,87,33.4,17.23
2018-06-13,28.1,22.1,2.6,84,26.9,18.93
2018-06-14,28.2,22.2,1.2,84,25.4,20.17
2018-06-15,27.5,21.9,1.2,87,23.5,17.19
2018-06-16,27.4,21.3,1.2,84,24.0,19.65
2018-06-17,26.4,21.3,3.4,87,28.6,19.8
2018-06-18,25.7,21.2,6.1,91,30.6,18.24
2018-06-19,25.7,20.8,7.3,93,27.2,13.14
2018-06-20,26.2,21.0,6.4,90,22.0,12.03
2018-06-21,26.4,20.0,4.7,87,26.6,11.31
2018-06-22,25.4,20.2,5.1,89,19.1,9.91
2018-06-23,25.1,19.7,5.6,92,21.0,8.35
2018-06-24,25.8,21.2,7.9,91,27.7,16.51
2018-06-25,24.2,21.2,6.3,94,28.2,8.18
2018-06-26,25.6,21.0,5.8,92,30.6,12.92
2018-06-27,25.2,20.9,6.3,90,30.2,14.86
2018-06-28,23.1,21.0,12.0,96,26.2,5.94
2018-06-29,25.0,21.0,3.9,92,23.2,11.28
2018-06-30,26.4,20.9,4.8,90,22.1,13.76
2018-07-01,26.1,20.6,2.6,90,23.6,17.89
2018-07-02,26.3,21.0,4.8,90,24.4,15.98
2018-07-03,25.6,20.7,2.3,89,26.2,12.92
2018-07-04,25.9,21.3,4.8,87,32.1,19.72
2018-07-05,25.3,20.9,6.4,91,31.2,16.95
2018-07-06,25.1,20.4,13.7,92,23.4,7.93
2018-07-07,25.2,21.0,7.9,89,28.0,10.95
2018-07-08,23.4,21.1,6.8,93,24.2,7.16
2018-07-09,24.1,20.7,12.4,95,23.0,7.3
2018-07-10,23.5,20.8,15.7,95,27.1,8.05
2018-07-11,22.2,20.7,59.5,97,30.0,4.81
2018-07-12,23.3,20.7,23.1,95,28.4,7.35
2018-07-13,24.2,21.1,6.9,93,27.4,9.75
2018-07-14,24.3,21.2,8.1,91,31.7,12.04
2018-07-15,24.4,21.3,7.7,91,38.2,12.43
2018-07-16,23.1,21.1,11.6,93,35.5,11.27
2018-07-17,24.0,21.1,8.5,91,33.6,12.7
2018-07-18,25.3,21.0,6.2,91,28.6,16.05
2018-07-19,25.5,20.8,4.5,89,31.5,18.43
2018-07-20,24.7,20.8,5.8,91,31.2,13.52
2018-07-21,24.8,20.8,7.3,92,29.5,14.32
2018-07-22,24.0,21.0,5.3,91,33.7,12.18
2018-07-23,23.8,21.2,2.4,92,28.9,7.99
2018-07-24,25.3,20.9,3.1,88,30.2,14.38
2018-07-25,26.9,21.0,1.9,85,30.4,18.36
2018-07-26,25.3,20.9,1.5,87,28.4,12.96
2018-07-27,24.4,21.2,2.4,89,32.8,11.75
2018-07-28,25.8,21.0,1.5,87,29.6,13.28
2018-07-29,27.1,21.0,1.6,85,27.2,17.19
2018-07-30,26.7,21.1,1.7,86,27.1,17.58
2018-07-31,26.5,21.0,1.2,86,29.5,18.05
2018-08-01,26.7,20.8,2.0,86,31.3,18.03
2018-08-02,27.0,20.9,0.5,84,31.4,20.81
2018-08-03,26.3,20.7,1.6,85,28.8,19.0
2018-08-04,25.9,21.0,1.7,85,31.8,18.5
2018-08-05,26.1,21.0,1.9,84,31.7,19.81
2018-08-06,25.0,20.5,3.5,87,35.4,16.83
2018-08-07,25.0,20.7,3.5,87,35.3,17.73
2018-08-08,25.7,20.7,7.8,90,33.2,13.09
2018-08-09,25.5,20.7,2.9,87,32.1,17.7
2018-08-10,25.6,20.7,2.9,87,29.2,15.98
2018-08-11,25.0,20.4,3.6,89,31.5,12.7
2018-08-12,21.9,20.7,27.3,93,30.5,5.19
2018-08-13,23.1,20.7,14.0,92,31.5,10.41
2018-08-14,25.0,20.9,10.4,89,35.5,12.44
2018-08-15,24.5,21.0,6.0,90,31.5,10.45
2018-08-16,23.0,20.9,17.2,93,31.9,6.81
2018-08-17,25.4,20.8,3.2,87,37.6,16.17
2018-08-18,25.5,20.6,4.6,89,34.4,15.45
2018-08-19,25.3,20.6,2.0,86,33.4,16.14
2018-08-20,24.0,20.7,3.2,90,27.8,9.99
2018-08-21,24.4,20.3,2.9,91,29.7,13.85
2018-08-22,26.1,20.0,3.5,87,30.3,20.25
2018-08-23,26.1,20.4,1.8,87,28.1,19.15
2018-08-24,26.7,19.8,1.2,83,25.3,17.05
2018-08-25,26.3,19.9,0.7,84,27.4,18.27
2018-08-26,26.5,20.6,2.5,85,28.9,19.2
2018-08-27,24.0,20.4,3.9,91,25.6,9.57
2018-08-28,23.2,20.3,8.7,95,22.2,8.19
2018-08-29,24.8,20.1,5.1,92,23.5,12.24
2018-08-30,26.8,20.7,2.3,87,24.2,18.44
2018-08-31,26.8,20.6,1.7,84,24.2,19.07
2018-09-01,26.5,20.3,2.2,86,20.0,17.88
2018-09-02,26.1,20.1,1.0,85,23.4,17.27
2018-09-03,26.6,19.6,0.8,81,23.8,19.76
2018-09-04,26.5,19.6,1.5,84,23.1,19.36
2018-09-05,27.1,19.6,1.0,83,22.7,18.05
2018-09-06,26.9,19.9,0.6,83,24.9,18.76
2018-09-07,25.1,20.0,1.9,86,24.5,17.52
2018-09-08,26.3,19.2,3.9,85,19.8,19.81
2018-09-09,27.1,18.6,0.1,79,14.9,22.36
2018-09-10,27.8,17.3,0.0,79,13.2,23.93
2018-09-11,29.4,18.4,0.0,78,14.5,24.33
2018-09-12,28.6,19.2,0.0,78,12.9,25.46
2018-09-13,29.6,18.4,0.0,76,16.2,24.58
2018-09-14,29.3,18.4,0.0,78,14.8,24.75
2018-09-15,30.2,19.5,0.1,76,16.9,24.21
2018-09-16,30.0,19.6,0.2,78,20.0,22.53
2018-09-17,27.5,20.5,5.4,84,19.7,16.17
2018-09-18,29.0,19.2,1.1,80,21.9,23.19
2018-09-19,29.0,19.0,0.0,77,18.7,22.59
2018-09-20,27.4,19.5,4.1,85,16.3,12.64
2018-09-21,24.4,20.4,5.9,93,20.2,7.87
2018-09-22,26.1,20.0,1.5,86,21.9,11.2
2018-09-23,27.7,19.5,0.3,82,14.8,20.23
2018-09-24,29.2,18.4,0.1,80,14.8,23.07
2018-09-25,29.7,20.4,0.5,79,14.1,20.52
2018-09-26,28.0,21.1,8.5,87,11.6,13.13
2018-09-27,29.0,21.1,19.2,86,12.4,17.03
2018-09-28,28.7,20.6,6.6,87,9.2,16.75
2018-09-29,28.3,21.4,7.9,85,12.1,18.01
2018-09-30,29.3,21.5,2.1,82,12.7,21.43
2018-10-01,29.7,22.0,7.9,80,14.8,20.33
2018-10-02,29.6,21.3,0.1,78,13.0,21.7
2018-10-03,30.0,21.8,0.3,72,13.5,20.63
2018-10-04,29.7,21.9,0.3,69,14.8,20.44
2018-10-05,27.9,21.7,0.0,73,19.0,9.55
2018-10-06,29.7,21.8,0.5,72,22.7,18.14
2018-10-07,31.0,21.7,0.0,64,22.3,23.29
2018-10-08,30.7,19.6,0.0,69,15.6,22.47
2018-10-09,30.3,21.4,0.4,79,17.2,19.87
2018-10-10,30.8,20.8,0.0,74,18.7,18.57
2018-10-11,31.4,20.7,0.1,73,18.9,20.04
2018-10-12,31.6,21.4,0.0,71,16.9,19.37
2018-10-13,31.6,21.4,0.0,70,20.3,20.52
2018-10-14,32.5,21.1,0.0,68,20.1,21.15
2018-10-15,31.6,22.0,0.4,72,11.5,19.47
2018-10-16,28.7,21.0,22.4,85,15.0,14.71
2018-10-17,26.3,20.2,14.7,91,10.5,9.78
2018-10-18,27.9,19.9,4.2,84,12.2,16.8
2018-10-19,28.4,19.6,1.7,80,14.6,19.53
2018-10-20,29.2,20.8,0.0,67,17.0,21.41
2018-10-21,29.6,19.2,0.0,59,17.7,21.81
2018-10-22,30.5,19.7,0.0,55,14.4,22.17
2018-10-23,31.3,19.6,0.0,60,10.8,21.01
2018-10-24,29.9,21.2,0.1,65,14.0,18.42
2018-10-25,29.7,21.9,0.2,62,14.8,19.36
2018-10-26,30.7,21.3,0.0,57,20.6,19.19
2018-10-27,31.0,19.9,0.0,45,24.3,22.44
2018-10-28,31.4,19.0,0.0,37,24.0,22.53
2018-10-29,30.5,19.0,0.0,38,21.6,22.59
2018-10-30,29.6,17.6,0.0,39,16.1,22.92
2018-10-31,30.3,18.6,0.0,44,19.4,21.11
2018-11-01,30.0,20.4,0.0,48,15.6,19.81
2018-11-02,29.9,20.2,1.9,68,20.2,17.51
2018-11-03,29.8,21.7,3.2,72,18.9,16.13
2018-11-04,30.8,20.8,0.0,68,19.3,18.36
2018-11-05,30.6,21.6,0.0,63,16.9,19.45
2018-11-06,29.2,20.8,0.6,64,15.6,16.3
2018-11-07,31.0,20.9,0.3,57,17.0,18.85
2018-11-08,31.9,20.4,0.0,49,14.4,20.32
2018-11-09,32.0,19.7,0.0,46,14.1,20.62
2018-11-10,31.7,19.1,0.0,46,11.2,20.54
2018-11-11,31.4,19.8,0.0,45,11.6,20.92
2018-11-12,30.5,17.7,0.0,45,12.8,21.48
2018-11-13,30.0,16.8,0.0,39,12.6,21.71
2018-11-14,30.2,16.1,0.0,40,11.3,21.58
2018-11-15,30.8,17.1,0.0,40,17.9,21.42
2018-11-16,30.3,19.7,0.1,61,24.8,16.14
2018-11-17,31.0,21.0,0.1,70,17.1,17.4
2018-11-18,30.7,21.3,0.6,72,13.6,17.23
2018-11-19,26.8,20.9,9.9,87,11.3,7.03
2018-11-20,29.0,20.6,1.5,72,17.6,15.88
2018-11-21,30.0,20.7,0.0,63,18.9,18.52
2018-11-22,30.0,19.1,0.0,63,26.8,17.56
2018-11-23,28.8,20.3,0.0,64,26.0,14.8
2018-11-24,29.9,20.7,0.0,59,15.8,14.28
2018-11-25,30.9,19.8,0.0,54,12.5,16.94
2018-11-26,30.4,19.1,0.0,51,16.2,19.85
2018-11-27,29.6,16.9,0.0,45,18.4,20.47
2018-11-28,28.9,16.1,0.0,49,20.4,20.33
2018-11-29,29.7,16.5,0.0,50,15.7,19.94
2018-11-30,29.6,17.7,0.0,54,17.3,19.25
2018-12-01,29.3,17.3,0.0,47,15.5,20.09
2018-12-02,28.7,16.7,0.0,50,14.4,19.42
2018-12-03,27.2,17.1,0.0,56,17.7,12.62
2018-12-04,29.8,18.4,0.1,63,19.5,16.01
2018-12-05,28.2,20.8,2.2,73,15.6,14.18
2018-12-06,28.6,19.9,1.2,74,11.2,13.28
2018-12-07,30.0,20.7,0.6,66,12.4,16.59
2018-12-08,30.4,19.4,0.0,59,11.0,16.94
2018-12-09,30.2,20.8,0.0,60,13.2,15.75
2018-12-10,29.7,20.1,0.3,63,13.2,14.67
2018-12-11,29.6,18.9,0.0,53,11.6,18.43
2018-12-12,29.4,17.5,0.0,55,13.6,19.13
2018-12-13,29.2,18.1,0.0,54,13.5,18.82
2018-12-14,28.6,18.7,0.1,57,19.1,16.69
2018-12-15,28.0,18.7,0.0,61,24.5,16.51
2018-12-16,27.6,17.6,0.0,57,18.9,18.73
2018-12-17,26.9,15.5,0.0,51,14.5,18.96
2018-12-18,27.0,14.6,0.0,61,18.7,19.0
2018-12-19,25.7,14.9,0.0,65,22.1,18.95
2018-12-20,26.7,15.4,0.0,64,14.5,18.03
2018-12-21,27.9,17.3,0.0,63,13.6,15.7
2018-12-22,28.8,18.1,0.0,62,13.3,17.23
2018-12-23,29.3,18.6,0.0,62,15.8,17.94
2018-12-24,29.4,18.9,0.0,61,15.7,17.96
2018-12-25,29.7,19.8,0.0,58,14.8,15.02
2018-12-26,29.6,19.2,0.0,61,11.7,15.72
2018-12-27,27.8,19.9,0.1,59,12.6,14.55
2018-12-28,27.5,17.5,0.0,48,19.8,19.05
2018-12-29,27.3,16.0,0.0,45,18.6,18.75
2018-12-30,27.0,15.5,0.0,47,19.5,19.41
2018-12-31,27.1,14.9,0.0,47,16.9,19.64
2019-01-01,27.9,14.7,0.0,39,18.9,20.12
2019-01-02,28.5,14.1,0.0,34,17.2,19.88
2019-01-03,28.9,15.2,0.0,35,19.4,19.95
2019-01-04,29.2,15.9,0.0,37,18.2,19.89
2019-01-05,29.5,15.7,0.0,41,14.8,20.07
2019-01-06,29.2,15.1,0.0,46,12.5,19.78
2019-01-07,29.3,15.6,0.0,44,16.4,19.95
2019-01-08,29.0,16.5,0.0,46,15.5,19.86
2019-01-09,29.5,15.7,0.0,47,12.8,20.08
2019-01-10,29.5,16.1,0.0,40,13.3,20.22
2019-01-11,29.5,15.6,0.0,43,13.2,20.1
2019-01-12,29.5,16.3,0.0,48,10.8,20.13
2019-01-13,29.2,17.0,0.0,47,14.1,20.04
2019-01-14,29.1,16.9,0.0,44,17.0,20.09
2019-01-15,29.2,15.3,0.0,42,17.6,20.44
2019-01-16,28.9,15.8,0.0,45,15.2,20.41
2019-01-17,29.6,15.8,0.0,45,14.8,20.37
2019-01-18,29.7,16.8,0.0,43,15.1,20.65
2019-01-19,29.1,16.5,0.0,44,14.3,20.41
2019-01-20,29.7,16.5,0.0,44,16.3,20.74
2019-01-21,29.7,16.7,0.0,45,13.6,20.89
2019-01-22,28.3,15.0,0.0,68,13.9,19.76
2019-01-23,28.6,16.8,0.0,59,12.6,19.9
2019-01-24,29.1,15.7,0.0,56,14.7,18.83
2019-01-25,28.7,15.9,0.0,57,14.0,19.32
2019-01-26,28.8,16.1,0.0,59,19.9,18.6
2019-01-27,27.2,15.0,0.0,68,15.0,15.76
2019-01-28,25.3,17.5,0.3,73,19.8,15.55
2019-01-29,27.4,16.2,0.0,62,20.6,20.16
2019-01-30,28.2,16.3,0.0,54,18.7,21.14
2019-01-31,28.5,16.5,0.0,45,18.5,21.13
2019-02-01,28.8,16.8,0.0,49,15.7,19.18
2019-02-02,28.8,17.1,0.0,50,15.1,17.99
2019-02-03,29.8,18.0,0.0,43,19.3,19.57
2019-02-04,30.3,17.8,0.0,48,19.6,21.61
2019-02-05,30.8,18.8,0.0,46,16.4,21.25
2019-02-06,31.4,18.6,0.0,49,15.8,20.29
2019-02-07,31.2,18.3,0.0,53,14.9,21.19
2019-02-08,30.1,18.2,0.0,44,14.2,21.68
2019-02-09,30.3,16.9,0.0,35,21.0,22.28
2019-02-10,31.2,18.2,0.0,45,14.5,19.53
2019-02-11,30.2,19.8,0.8,59,18.8,18.2
2019-02-12,32.0,21.0,0.0,46,19.0,22.14
2019-02-13,32.0,20.6,0.0,39,18.6,22.37
2019-02-14,32.6,20.0,0.0,42,18.4,22.52
2019-02-15,31.2,19.3,0.0,48,16.7,18.8
2019-02-16,31.6,19.0,0.0,39,14.9,22.95
2019-02-17,31.0,18.1,0.0,36,22.7,23.28
2019-02-18,32.0,14.4,0.0,39,11.5,23.48
2019-02-19,33.7,16.6,0.0,47,15.0,23.01
2019-02-20,33.8,20.1,0.0,47,16.7,20.22
2019-02-21,33.7,21.5,0.0,37,14.5,22.84
2019-02-22,34.9,21.0,0.0,32,19.3,23.28
2019-02-23,35.2,21.4,0.0,26,15.4,23.68
2019-02-24,34.0,21.0,0.0,31,17.8,23.57
2019-02-25,33.7,20.3,0.0,36,17.4,23.23
2019-02-26,33.0,20.3,0.0,31,18.3,23.77
2019-02-27,32.1,18.0,0.0,41,18.9,23.53
2019-02-28,31.3,17.6,0.0,40,15.3,24.01
2019-03-01,32.6,17.6,0.0,32,11.7,24.27
2019-03-02,33.6,18.4,0.0,36,22.0,23.39
2019-03-03,32.9,19.8,0.0,39,12.4,23.37
2019-03-04,34.8,20.4,0.0,45,24.3,23.35
2019-03-05,33.6,18.0,0.0,55,19.1,24.12
2019-03-06,34.2,17.6,0.0,47,19.1,24.56
2019-03-07,33.2,15.3,0.0,39,13.3,25.26
2019-03-08,35.0,19.6,0.0,26,12.6,24.8
2019-03-09,34.6,20.4,0.0,36,16.3,24.27
2019-03-10,34.3,20.9,0.0,37,18.7,23.34
2019-03-11,34.9,19.9,0.0,46,19.3,22.68
2019-03-12,33.3,21.1,0.0,48,18.4,19.95
2019-03-13,34.9,22.0,0.0,33,16.2,22.03
2019-03-14,34.5,21.0,0.0,36,19.8,24.15
2019-03-15,34.7,21.4,0.0,34,18.9,24.53
2019-03-16,35.0,21.6,0.0,35,16.4,24.74
2019-03-17,34.5,20.0,0.0,42,13.5,24.7
2019-03-18,34.8,20.8,0.0,39,18.8,24.91
2019-03-19,34.7,20.0,0.0,40,18.1,25.11
2019-03-20,34.3,19.6,0.0,41,16.7,24.97
2019-03-21,33.9,19.1,0.0,43,16.6,24.16
2019-03-22,34.8,21.7,0.0,34,16.8,25.07
2019-03-23,35.5,22.6,0.0,31,16.8,25.29
2019-03-24,36.2,21.5,0.0,37,16.1,25.23
2019-03-25,34.8,23.9,0.0,47,15.0,19.72
2019-03-26,35.5,22.8,0.0,50,17.9,21.55
2019-03-27,33.6,22.3,0.3,66,15.8,20.31
2019-03-28,35.5,22.7,0.0,62,15.9,23.02
2019-03-29,35.0,22.9,0.0,61,19.7,22.94
2019-03-30,34.3,21.6,0.0,61,19.0,21.9
2019-03-31,34.8,21.1,0.2,66,17.1,22.53
2019-04-01,34.6,22.5,0.0,63,16.2,21.09
2019-04-02,35.7,21.0,0.0,55,18.7,24.72
2019-04-03,36.8,20.0,0.0,47,17.3,25.01
2019-04-04,35.0,21.1,0.1,60,20.5,21.66
2019-04-05,34.4,21.0,0.4,64,17.3,22.72
2019-04-06,35.1,22.3,0.0,60,15.8,23.05
2019-04-07,35.4,23.5,0.0,55,18.1,22.02
2019-04-08,35.6,22.5,0.0,51,20.1,23.37
2019-04-09,35.0,21.4,0.0,64,20.0,23.93
2019-04-10,35.9,21.7,0.0,59,21.9,22.92
2019-04-11,35.3,22.1,0.0,58,29.8,23.35
2019-04-12,36.7,22.6,0.0,56,19.2,22.98
2019-04-13,35.7,23.3,0.1,59,18.4,22.16
2019-04-14,36.2,23.8,0.0,51,21.2,22.08
2019-04-15,34.1,22.6,0.4,58,23.5,22.52
2019-04-16,33.1,21.8,0.0,64,16.5,20.4
2019-04-17,33.8,21.5,0.0,60,13.8,23.57
2019-04-18,34.7,22.1,0.0,31,17.7,26.22
2019-04-19,35.1,21.9,0.0,36,16.2,25.42
2019-04-20,34.8,21.9,0.0,47,16.2,24.73
2019-04-21,34.7,20.8,0.0,57,19.5,25.49
2019-04-22,36.0,21.2,0.0,47,17.2,23.65
2019-04-23,35.2,24.0,0.0,39,15.6,20.69
2019-04-24,36.3,24.3,0.0,34,16.7,22.16
2019-04-25,36.9,23.8,0.0,45,16.9,22.52
2019-04-26,36.4,22.7,0.0,60,16.1,22.86
2019-04-27,36.8,24.3,0.0,58,18.0,22.59
2019-04-28,36.6,24.2,4.6,66,18.7,20.36
2019-04-29,35.4,24.4,0.6,68,23.2,20.66
2019-04-30,33.1,23.5,0.6,76,21.3,17.6
2019-05-01,34.9,22.0,0.0,66,20.2,22.8
2019-05-02,34.5,20.1,0.0,64,20.1,26.09
2019-05-03,32.3,20.0,0.0,67,19.7,25.28
2019-05-04,32.8,19.5,0.0,65,18.4,24.81
2019-05-05,33.9,20.4,0.0,57,16.6,23.83
2019-05-06,35.2,21.7,0.0,57,16.6,22.09
2019-05-07,33.3,21.6,0.2,67,22.3,22.28
2019-05-08,33.4,22.0,2.5,70,21.7,21.27
2019-05-09,33.7,20.8,0.0,59,17.0,23.77
2019-05-10,36.1,22.2,0.0,46,19.1,24.73
2019-05-11,36.0,22.8,0.0,52,17.6,21.61
2019-05-12,35.5,21.9,0.0,56,18.9,21.12
2019-05-13,35.6,21.3,0.0,61,21.0,23.18
2019-05-14,35.2,21.4,0.0,62,20.6,23.84
2019-05-15,36.7,21.4,0.0,57,20.2,26.06
2019-05-16,37.2,20.4,0.0,54,17.7,25.7
2019-05-17,37.3,21.5,0.0,50,19.6,25.77
2019-05-18,38.0,21.8,0.0,50,18.5,25.1
2019-05-19,38.2,23.1,0.0,55,24.2,24.58
2019-05-20,37.2,23.4,0.0,56,23.2,21.99
2019-05-21,35.9,23.3,0.1,64,18.0,21.83
2019-05-22,35.9,23.9,1.1,67,14.4,21.51
2019-05-23,35.1,23.6,0.4,70,24.5,22.56
2019-05-24,36.7,23.2,1.4,71,18.7,21.91
2019-05-25,36.8,23.0,0.0,63,20.6,23.65
2019-05-26,35.4,23.7,0.1,66,21.2,23.97
2019-05-27,36.8,22.1,0.2,61,22.0,24.26
2019-05-28,35.1,23.5,0.4,65,19.4,20.79
2019-05-29,37.8,23.0,0.0,63,19.9,24.06
2019-05-30,36.0,22.1,0.0,64,20.1,24.7
2019-05-31,35.7,22.2,1.4,70,23.5,23.8
2019-06-01,34.4,23.0,2.4,67,20.3,23.8
2019-06-02,34.7,22.9,1.0,70,20.9,23.12
2019-06-03,31.5,23.0,0.0,72,22.0,14.88
2019-06-04,33.0,22.0,0.5,74,19.0,18.82
2019-06-05,35.8,22.0,0.9,71,20.2,23.3
2019-06-06,34.7,23.4,0.6,69,18.6,22.14
2019-06-07,34.1,23.1,3.2,77,21.8,21.81
2019-06-08,33.6,22.8,2.8,77,17.6,21.91
2019-06-09,32.9,22.9,1.6,77,23.0,22.74
2019-06-10,30.7,22.8,5.3,75,24.0,20.84
2019-06-11,28.4,22.4,4.0,81,28.2,11.95
2019-06-12,27.6,22.3,8.5,87,34.5,15.86
2019-06-13,27.7,22.4,7.5,89,32.8,19.47
2019-06-14,27.4,21.8,10.6,89,25.5,17.11
2019-06-15,28.5,22.2,2.9,82,28.2,21.36
2019-06-16,29.2,22.1,1.1,81,26.0,21.72
2019-06-17,29.8,22.4,0.7,80,26.9,20.56
2019-06-18,28.4,22.1,1.5,84,27.1,20.25
2019-06-19,29.0,22.2,2.1,83,26.7,19.95
2019-06-20,26.2,22.1,13.1,90,24.5,15.01
2019-06-21,27.8,21.7,7.4,87,19.8,18.17
2019-06-22,26.8,22.2,9.9,90,18.4,11.26
2019-06-23,27.1,21.8,32.5,91,14.8,12.64
2019-06-24,26.8,21.8,8.2,90,16.4,12.37
2019-06-25,28.9,21.7,3.6,86,22.9,20.23
2019-06-26,27.5,21.9,9.2,91,23.0,17.9
2019-06-27,27.0,21.6,10.3,91,29.5,14.67
2019-06-28,24.5,21.5,8.6,93,33.4,9.57
2019-06-29,24.7,21.6,10.2,94,28.3,9.02
2019-06-30,24.6,21.1,9.5,94,25.6,8.98
2019-07-01,26.3,21.2,4.4,90,26.6,15.33
2019-07-02,27.1,21.6,2.6,89,27.6,17.51
2019-07-03,24.5,21.7,4.5,93,28.2,11.74
2019-07-04,26.7,21.6,5.0,90,32.7,17.19
2019-07-05,25.9,21.8,7.7,91,34.4,17.48
2019-07-06,24.7,21.4,9.8,93,33.0,11.92
2019-07-07,24.5,21.5,11.1,95,30.6,8.41
2019-07-08,24.4,21.5,9.8,92,31.0,12.21
2019-07-09,24.7,21.3,13.1,93,30.3,11.06
2019-07-10,24.7,20.6,16.8,93,30.9,11.35
2019-07-11,23.1,20.4,25.4,97,25.2,6.66
2019-07-12,26.3,20.5,2.8,89,26.3,16.54
2019-07-13,27.0,21.5,4.7,89,23.3,18.82
2019-07-14,26.8,21.7,4.9,88,25.4,13.77
2019-07-15,26.1,21.4,3.6,87,22.7,16.64
2019-07-16,25.9,21.5,6.8,91,20.8,16.15
2019-07-17,26.6,21.1,16.2,90,19.4,14.46
2019-07-18,28.3,21.2,11.2,87,17.3,16.9
2019-07-19,26.9,21.5,5.4,87,18.1,14.57
2019-07-20,26.7,21.6,4.0,92,19.7,16.8
2019-07-21,26.5,21.7,13.3,90,26.8,17.88
2019-07-22,26.3,21.4,12.2,92,25.2,16.12
2019-07-23,24.3,21.3,18.3,95,24.4,11.44
2019-07-24,24.6,21.1,8.9,92,27.7,9.87
2019-07-25,26.2,21.5,1.5,88,26.4,14.59
2019-07-26,24.2,21.1,13.9,95,25.5,8.74
2019-07-27,23.3,20.1,10.8,95,25.9,6.79
2019-07-28,24.2,21.4,6.4,94,26.4,7.33
2019-07-29,25.2,20.9,4.6,90,27.1,12.57
2019-07-30,23.5,20.5,7.2,94,28.6,9.73
2019-07-31,25.7,20.8,5.0,90,28.3,16.93
2019-08-01,25.8,21.1,5.1,90,31.1,18.49
2019-08-02,22.2,20.9,23.3,95,30.4,5.5
2019-08-03,22.1,20.0,41.0,97,32.9,6.08
2019-08-04,22.1,20.1,40.3,95,32.9,6.15
2019-08-05,23.6,20.8,49.7,95,32.9,9.07
2019-08-06,22.8,21.2,43.8,95,31.0,4.87
2019-08-07,23.6,21.6,37.3,94,37.2,6.57
2019-08-08,24.9,21.0,10.8,92,39.8,14.04
2019-08-09,25.1,20.8,17.6,94,33.4,13.71
2019-08-10,24.0,20.8,8.2,93,35.1,13.26
2019-08-11,25.5,21.0,4.8,88,33.8,18.15
2019-08-12,26.2,20.7,3.3,88,28.9,16.86
2019-08-13,25.5,21.2,3.8,88,25.6,15.68
2019-08-14,25.2,21.3,5.8,93,25.4,13.82
2019-08-15,25.4,21.0,3.1,88,26.3,13.18
2019-08-16,26.5,21.2,2.4,87,26.7,16.97
2019-08-17,26.8,21.2,2.1,86,20.9,18.01
2019-08-18,27.4,21.2,8.4,88,18.4,14.17
2019-08-19,27.6,21.1,6.8,88,17.2,14.18
2019-08-20,28.4,20.8,0.8,83,20.4,20.57
2019-08-21,27.4,20.6,1.8,84,21.3,17.36
2019-08-22,26.8,21.0,4.6,87,21.5,18.25
2019-08-23,26.4,21.1,2.3,88,23.4,16.1
2019-08-24,24.9,20.9,5.1,90,24.6,14.81
2019-08-25,26.5,21.0,0.6,85,24.8,20.75
2019-08-26,27.8,20.6,0.7,84,25.1,21.23
2019-08-27,27.0,20.6,1.1,85,26.5,18.68
2019-08-28,26.1,20.9,4.6,92,23.9,18.79
2019-08-29,27.6,21.5,5.0,90,25.9,19.06
2019-08-30,26.8,21.5,2.4,88,27.1,18.37
2019-08-31,24.1,21.4,3.9,93,24.4,9.75
2019-09-01,23.8,21.0,9.8,96,23.4,7.57
2019-09-02,22.9,20.7,6.9,96,24.5,6.0
2019-09-03,24.2,21.2,11.2,94,28.8,8.48
2019-09-04,23.8,21.1,14.1,96,32.0,6.32
2019-09-05,22.9,21.1,13.5,95,31.3,6.81
2019-09-06,24.2,21.1,11.3,93,34.5,10.26
2019-09-07,23.2,21.1,14.4,94,34.6,7.18
2019-09-08,23.9,21.1,9.7,93,32.6,8.76
2019-09-09,26.5,21.2,4.7,90,32.6,20.4
2019-09-10,26.0,21.1,2.5,90,27.5,18.15
2019-09-11,26.8,21.0,2.6,87,26.9,19.16
2019-09-12,26.1,21.0,2.2,90,24.5,15.25
2019-09-13,26.4,21.2,1.7,88,25.6,15.79
2019-09-14,26.9,21.0,1.6,87,22.8,19.37
2019-09-15,26.7,21.0,13.2,88,21.3,12.19
2019-09-16,27.5,20.7,5.0,87,21.4,17.69
2019-09-17,27.0,20.4,4.2,86,18.8,14.62
2019-09-18,27.7,20.6,6.4,89,14.1,12.19
2019-09-19,23.2,21.4,17.9,97,18.1,5.58
2019-09-20,27.4,20.7,1.1,86,18.5,17.0
2019-09-21,28.1,20.7,1.3,86,21.6,19.72
2019-09-22,28.4,21.3,1.4,87,15.3,18.75
2019-09-23,28.0,20.6,0.4,83,12.9,20.27
2019-09-24,26.6,21.4,12.1,91,10.8,11.93
2019-09-25,26.2,20.9,7.8,91,14.1,12.3
2019-09-26,25.8,20.9,6.3,94,23.8,12.37
2019-09-27,27.4,20.8,1.6,85,17.1,18.36
2019-09-28,27.2,20.7,1.6,87,15.8,15.61
2019-09-29,28.2,20.8,0.3,84,10.5,20.44
2019-09-30,28.4,20.9,7.4,88,10.7,19.67
2019-10-01,27.6,20.1,4.3,88,11.2,18.84
2019-10-02,28.6,20.2,1.3,84,10.3,20.34
2019-10-03,28.4,21.1,9.0,88,11.0,18.66
2019-10-04,28.1,20.5,11.9,88,15.4,17.17
2019-10-05,28.6,20.5,6.9,86,10.3,19.66
2019-10-06,26.1,20.0,10.0,88,10.4,10.71
2019-10-07,27.0,19.1,3.8,86,10.4,16.26
2019-10-08,28.1,21.0,7.7,88,11.1,19.63
2019-10-09,28.2,20.3,6.8,88,10.0,18.99
2019-10-10,28.0,20.4,1.9,89,14.2,16.28
2019-10-11,27.6,20.4,6.3,87,8.2,16.33
2019-10-12,27.4,20.6,2.9,85,10.6,15.67
2019-10-13,28.1,20.9,4.6,86,12.8,18.29
2019-10-14,28.6,21.5,3.5,82,16.9,18.49
2019-10-15,28.5,21.7,2.6,83,20.1,19.02
2019-10-16,27.7,21.3,3.1,86,19.8,17.45
2019-10-17,25.2,21.1,1.4,88,21.4,11.57
2019-10-18,27.2,20.8,23.4,90,19.1,12.94
2019-10-19,25.9,20.7,12.7,90,19.1,10.82
2019-10-20,27.0,20.8,14.2,91,12.7,13.77
2019-10-21,26.6,20.6,14.0,91,14.1,10.16
2019-10-22,25.7,20.7,12.5,92,13.1,11.33
2019-10-23,24.5,20.5,11.0,96,17.1,7.98
2019-10-24,23.6,20.7,27.2,95,30.2,6.32
2019-10-25,23.0,20.3,18.9,94,30.4,6.74
2019-10-26,24.7,20.4,8.0,89,23.7,9.9
2019-10-27,26.2,20.2,1.6,84,17.7,16.59
2019-10-28,28.1,18.6,2.9,84,18.4,19.6
2019-10-29,28.4,20.4,0.1,79,19.1,20.07
2019-10-30,26.7,20.4,3.2,86,28.0,14.93
2019-10-31,25.8,20.8,13.2,91,28.1,10.98
2019-11-01,26.2,19.0,1.2,83,20.6,16.59
2019-11-02,27.7,17.9,0.2,80,13.2,19.26
2019-11-03,26.7,18.7,2.9,87,9.0,16.01
2019-11-04,28.2,20.4,3.0,82,12.8,18.5
2019-11-05,28.3,20.2,3.4,84,11.8,19.34
2019-11-06,28.2,20.2,9.7,83,10.6,17.99
2019-11-07,28.0,20.3,9.9,83,10.5,18.08
2019-11-08,28.7,19.0,0.0,78,12.1,21.35
2019-11-09,28.5,18.7,0.0,78,7.4,19.41
2019-11-10,28.3,18.3,0.0,73,14.2,20.45
2019-11-11,28.3,19.5,0.0,70,14.9,20.12
2019-11-12,28.1,19.2,0.1,71,18.3,19.16
2019-11-13,27.8,20.1,0.0,67,18.4,17.21
2019-11-14,27.5,19.8,0.0,69,19.5,16.63
2019-11-15,28.0,19.6,5.8,78,18.3,18.57
2019-11-16,27.9,20.5,4.8,81,17.5,16.15
2019-11-17,28.6,20.5,0.5,71,19.4,18.45
2019-11-18,29.9,20.3,0.0,65,20.2,18.46
2019-11-19,28.6,20.4,0.7,72,14.4,17.25
2019-11-20,28.7,20.5,1.0,74,17.7,17.09
2019-11-21,28.2,20.5,0.6,74,21.7,15.85
2019-11-22,28.3,19.0,0.0,68,19.1,20.03
2019-11-23,28.4,18.2,0.0,63,20.6,20.35
2019-11-24,28.4,17.6,0.0,62,17.3,20.28
2019-11-25,28.9,17.8,0.0,65,18.0,20.26
2019-11-26,28.4,19.1,0.0,64,21.3,20.26
2019-11-27,28.5,18.6,0.5,65,19.1,18.3
2019-11-28,28.9,19.9,0.4,71,23.6,14.34
2019-11-29,29.1,20.5,0.0,70,19.1,17.67
2019-11-30,29.0,19.8,0.0,66,21.6,17.96
2019-12-01,26.9,20.0,0.9,81,19.4,10.93
2019-12-02,25.7,19.6,5.5,87,25.6,8.82
2019-12-03,22.0,19.5,5.4,91,20.5,3.64
2019-12-04,25.3,19.8,0.0,75,23.5,6.77
2019-12-05,26.8,18.4,0.0,70,24.9,15.98
2019-12-06,27.4,18.0,0.0,71,24.9,17.41
2019-12-07,27.0,17.6,0.0,71,16.8,19.16
2019-12-08,26.1,18.4,0.6,79,19.2,10.6
2019-12-09,27.7,18.7,0.0,73,18.7,15.59
2019-12-10,27.4,17.9,0.0,69,16.6,17.25
2019-12-11,27.4,17.8,0.0,67,14.1,16.64
2019-12-12,27.9,17.5,0.0,62,15.8,18.26
2019-12-13,28.9,17.2,0.0,64,11.7,18.55
2019-12-14,28.6,17.8,0.0,64,12.8,18.27
2019-12-15,28.0,18.8,0.0,70,15.5,16.48
2019-12-16,29.0,18.2,0.0,65,16.2,18.07
2019-12-17,28.2,18.4,0.0,66,21.6,15.28
2019-12-18,28.5,17.8,0.0,64,19.5,19.03
2019-12-19,28.6,17.6,0.0,65,19.8,18.88
2019-12-20,27.8,17.9,0.0,67,19.6,16.29
2019-12-21,28.6,18.3,0.0,65,19.2,18.23
2019-12-22,28.8,18.6,0.0,65,21.2,17.93
2019-12-23,28.6,18.3,0.0,66,16.7,17.74
2019-12-24,28.8,18.1,0.0,66,14.9,17.19
2019-12-25,29.4,19.7,0.1,65,18.2,17.15
2019-12-26,30.7,19.9,0.0,65,9.8,17.4
2019-12-27,29.8,21.1,0.3,66,10.7,15.98
2019-12-28,28.0,20.4,0.0,66,16.9,13.55
2019-12-29,28.7,19.7,0.3,64,19.4,14.84
2019-12-30,29.1,19.0,0.0,64,14.3,16.65
2019-12-31,29.4,18.1,0.0,67,9.7,18.38
2020-01-01,28.8,18.2,0.3,65,16.9,15.86
2020-01-02,29.3,17.9,0.6,65,10.2,15.11
2020-01-03,29.4,18.0,0.0,63,11.5,16.51
2020-01-04,29.3,16.3,0.0,58,16.1,19.41
2020-01-05,28.8,16.2,0.0,62,16.1,18.28
2020-01-06,27.0,19.2,0.8,74,22.1,10.99
2020-01-07,28.6,19.8,0.5,72,18.4,14.03
2020-01-08,30.1,18.9,0.0,67,10.9,17.14
2020-01-09,28.5,19.0,0.0,68,13.2,15.39
2020-01-10,27.5,19.4,0.0,63,22.4,14.49
2020-01-11,28.8,18.3,0.0,62,17.1,18.76
2020-01-12,28.2,17.8,0.0,60,20.5,17.38
2020-01-13,28.2,16.6,0.0,58,9.8,20.0
2020-01-14,28.6,15.8,0.0,58,10.5,20.14
2020-01-15,28.9,16.5,0.0,59,14.1,20.25
2020-01-16,27.8,15.7,0.0,66,11.9,19.78
2020-01-17,27.9,16.0,0.0,56,13.6,19.41
2020-01-18,29.6,17.0,0.0,58,16.9,19.61
2020-01-19,28.5,19.5,0.2,67,12.9,16.04
2020-01-20,30.1,19.4,0.0,60,12.5,16.74
2020-01-21,30.0,20.6,0.0,52,19.0,19.07
2020-01-22,30.3,18.4,0.0,49,18.7,20.93
2020-01-23,30.5,18.7,0.0,54,18.4,20.63
2020-01-24,30.6,18.1,0.0,48,17.3,21.02
2020-01-25,30.5,17.8,0.0,45,14.0,20.95
2020-01-26,31.1,17.7,0.0,46,11.7,20.78
2020-01-27,31.6,18.6,0.0,55,19.4,20.82
2020-01-28,29.4,17.7,0.0,71,19.6,18.51
2020-01-29,29.6,16.7,0.0,67,11.2,21.11
2020-01-30,30.7,17.6,0.0,60,14.8,21.39
2020-01-31,31.3,16.6,0.0,58,13.6,21.84
2020-02-01,30.0,15.2,0.0,63,11.8,21.27
2020-02-02,29.7,17.7,0.0,59,14.6,16.98
2020-02-03,30.3,19.2,0.0,58,10.9,18.67
2020-02-04,30.7,18.3,0.0,56,14.7,21.6
2020-02-05,30.9,17.9,0.0,57,15.1,21.59
2020-02-06,31.2,18.4,0.0,56,17.8,21.51
2020-02-07,29.6,17.6,0.0,58,18.9,21.44
2020-02-08,27.5,14.3,0.0,62,13.9,22.62
2020-02-09,29.4,14.5,0.0,58,14.6,22.29
2020-02-10,27.9,19.8,1.1,66,24.6,14.93
2020-02-11,29.8,19.1,0.0,57,22.2,19.85
2020-02-12,30.3,19.3,0.0,55,18.9,20.66
2020-02-13,31.1,18.9,0.0,51,15.9,22.54
2020-02-14,31.0,18.9,0.0,46,12.6,22.73
2020-02-15,32.4,20.3,0.0,36,9.5,23.17
2020-02-16,32.4,19.0,0.0,35,17.1,23.18
2020-02-17,32.3,18.9,0.0,36,17.9,23.25
2020-02-18,32.3,19.3,0.0,39,17.7,22.94
2020-02-19,32.9,18.5,0.0,38,11.9,23.35
2020-02-20,32.5,19.7,0.0,40,18.0,23.11
2020-02-21,32.2,19.7,0.0,38,18.1,23.45
2020-02-22,32.9,19.2,0.0,34,16.7,23.73
2020-02-23,32.7,19.1,0.0,39,17.1,23.52
2020-02-24,33.6,19.5,0.0,41,13.0,23.62
2020-02-25,33.1,20.9,0.0,41,15.0,20.79
2020-02-26,33.2,20.7,0.0,43,18.6,21.47
2020-02-27,31.6,22.0,0.2,48,18.1,19.22
2020-02-28,32.2,21.9,0.0,47,18.0,20.85
2020-02-29,31.3,21.7,0.1,51,17.3,18.52
2020-03-01,31.4,22.3,0.9,57,13.2,19.53
2020-03-02,30.7,20.6,0.4,61,12.8,18.85
2020-03-03,32.1,21.1,0.0,54,17.3,17.67
2020-03-04,32.7,20.6,0.0,44,22.1,23.79
2020-03-05,32.3,18.1,0.0,48,22.9,23.91
2020-03-06,31.0,16.6,0.0,61,22.7,23.79
2020-03-07,30.4,17.0,0.0,60,18.3,18.72
2020-03-08,31.4,19.5,0.0,56,15.3,17.05
2020-03-09,32.0,20.5,0.0,51,13.9,19.21
2020-03-10,33.4,20.1,0.0,51,20.2,21.38
2020-03-11,32.4,19.4,0.0,57,22.6,20.04
2020-03-12,33.3,19.8,0.1,56,18.7,20.44
2020-03-13,33.4,19.5,0.0,49,15.9,23.02
2020-03-14,34.5,20.7,0.0,39,15.3,23.97
2020-03-15,35.1,22.5,0.0,36,18.3,24.5
2020-03-16,34.8,22.7,0.1,43,17.4,21.82
2020-03-17,34.7,22.8,0.0,47,15.3,20.25
2020-03-18,34.4,21.4,0.0,55,16.9,22.06
2020-03-19,33.4,23.4,0.0,44,19.7,19.11
2020-03-20,35.3,23.6,0.0,27,19.2,23.53
2020-03-21,34.7,20.5,0.0,24,16.0,25.74
2020-03-22,35.4,21.4,0.0,41,22.3,25.41
2020-03-23,35.8,21.7,0.0,43,19.1,24.62
2020-03-24,33.2,21.3,0.2,60,10.0,20.36
2020-03-25,33.5,23.7,0.3,61,21.0,19.14
2020-03-26,35.2,21.6,0.0,57,14.3,23.78
2020-03-27,34.8,21.8,0.0,54,13.2,23.04
2020-03-28,36.1,21.4,0.0,44,15.1,25.71
2020-03-29,36.1,23.0,0.0,44,17.9,25.37
2020-03-30,35.5,21.3,0.0,53,14.2,22.29
2020-03-31,36.2,22.6,0.0,46,15.2,24.19
2020-04-01,36.5,22.3,0.0,39,15.5,24.49
2020-04-02,36.6,22.5,0.0,47,25.8,23.95
2020-04-03,35.3,22.8,0.0,59,21.0,21.14
2020-04-04,35.6,22.9,0.0,60,14.5,20.48
2020-04-05,35.5,23.5,1.3,64,21.1,19.13
2020-04-06,34.1,23.7,0.4,71,15.3,18.0
2020-04-07,35.8,22.4,0.0,64,25.3,23.27
2020-04-08,36.2,20.7,0.0,57,19.5,24.35
2020-04-09,35.6,20.1,0.0,48,15.2,24.43
2020-04-10,34.9,21.3,0.1,50,19.6,21.29
2020-04-11,35.5,21.5,0.0,47,17.3,23.12
2020-04-12,35.4,21.2,0.0,58,15.8,21.81
2020-04-13,36.0,22.1,0.0,54,17.5,21.2
2020-04-14,37.4,23.4,0.0,38,14.2,24.76
2020-04-15,35.9,22.4,0.0,60,24.5,21.05
2020-04-16,35.3,22.7,0.2,68,21.8,20.82
2020-04-17,35.6,23.4,0.0,63,17.1,21.47
2020-04-18,34.9,23.0,1.8,68,15.5,20.63
2020-04-19,36.7,23.0,0.2,55,19.4,21.24
2020-04-20,36.6,23.3,0.1,46,14.9,24.17
2020-04-21,35.2,23.9,1.9,70,23.6,20.74
2020-04-22,35.7,22.7,0.0,61,19.4,24.55
2020-04-23,36.8,21.9,0.0,62,20.9,25.47
2020-04-24,34.8,22.9,0.1,67,21.9,22.63
2020-04-25,35.0,22.8,0.1,63,16.9,23.22
2020-04-26,36.6,22.5,0.0,48,21.1,26.15
2020-04-27,36.4,21.1,0.0,55,19.3,26.21
2020-04-28,36.8,21.3,0.0,53,21.0,25.93
2020-04-29,35.0,22.6,0.2,64,15.6,19.21
2020-04-30,34.7,22.2,0.4,68,16.2,19.82
2020-05-01,34.9,23.4,0.1,64,18.6,20.25
2020-05-02,35.9,23.6,0.5,68,16.7,21.29
2020-05-03,35.9,23.8,0.1,64,17.2,20.46
2020-05-04,36.7,24.2,0.0,64,18.8,21.52
2020-05-05,37.4,23.0,0.0,57,22.7,22.42
2020-05-06,36.7,23.9,0.0,63,18.2,21.75
2020-05-07,35.2,24.4,0.0,68,22.9,21.81
2020-05-08,36.6,23.6,0.0,63,25.1,25.73
2020-05-09,35.5,22.9,0.0,63,18.4,20.85
2020-05-10,34.0,24.7,0.3,63,12.2,21.46
2020-05-11,34.0,24.1,0.6,58,22.1,21.29
2020-05-12,36.1,23.7,0.1,59,18.8,21.77
2020-05-13,35.9,25.2,0.0,56,16.7,22.59
2020-05-14,36.3,24.3,0.4,67,20.2,21.87
2020-05-15,35.4,24.0,1.6,64,19.3,22.56
2020-05-16,32.5,24.7,0.5,66,13.8,16.66
2020-05-17,34.3,24.2,2.3,70,15.5,16.44
2020-05-18,35.0,23.3,0.2,70,21.0,19.8
2020-05-19,30.8,23.1,2.0,76,21.2,18.3
2020-05-20,33.8,22.0,0.1,70,24.4,21.25
2020-05-21,34.4,22.3,0.0,68,22.9,23.31
2020-05-22,34.4,22.0,0.0,68,23.5,22.74
2020-05-23,37.1,22.0,0.0,67,21.6,23.87
2020-05-24,36.3,22.9,0.0,66,23.3,22.62
2020-05-25,36.0,23.6,0.0,65,20.9,22.21
2020-05-26,35.9,24.0,0.1,67,20.4,23.19
2020-05-27,36.1,23.9,0.3,65,21.7,23.61
2020-05-28,35.5,22.3,0.0,66,21.6,24.92
2020-05-29,35.3,22.2,0.0,65,19.5,22.97
2020-05-30,34.9,22.4,0.0,59,17.1,21.18
2020-05-31,28.7,24.2,6.6,80,13.8,9.71
2020-06-01,29.3,22.1,21.2,87,14.5,12.46
2020-06-02,28.6,21.9,10.9,85,30.1,15.02
2020-06-03,24.9,21.4,12.9,94,32.6,12.29
2020-06-04,27.4,21.4,4.3,89,25.2,16.65
2020-06-05,27.8,21.9,0.8,87,22.7,18.57
2020-06-06,29.0,21.4,0.6,82,24.6,21.07
2020-06-07,27.5,21.7,1.0,84,22.9,18.11
2020-06-08,28.9,21.5,1.6,81,23.4,21.53
2020-06-09,29.7,21.7,1.2,81,21.6,20.69
2020-06-10,30.0,21.9,0.7,81,22.4,19.17
2020-06-11,25.4,21.8,4.7,90,23.5,7.89
2020-06-12,25.1,20.6,13.4,93,29.6,9.35
2020-06-13,25.6,21.7,7.1,92,28.5,13.54
2020-06-14,26.5,22.0,7.1,93,28.4,10.84
2020-06-15,27.2,21.9,3.3,88,30.4,19.04
2020-06-16,24.9,22.2,15.5,96,28.7,8.07
2020-06-17,23.1,21.2,22.6,98,30.4,7.09
2020-06-18,26.3,21.4,6.4,91,32.5,12.41
2020-06-19,27.1,22.0,2.9,88,28.1,16.75
2020-06-20,28.4,21.7,0.5,84,23.7,19.2
2020-06-21,27.8,21.9,1.9,84,27.6,18.7
2020-06-22,25.9,21.7,2.3,89,22.7,12.14
2020-06-23,27.5,21.6,1.5,84,23.1,18.5
2020-06-24,27.5,21.5,4.3,86,19.1,18.85
2020-06-25,29.6,21.5,0.5,82,19.5,18.5
2020-06-26,29.1,22.0,6.3,85,19.3,18.48
2020-06-27,29.0,21.7,6.0,86,22.5,19.22
2020-06-28,28.0,21.6,6.1,89,15.8,13.99
2020-06-29,27.5,21.8,11.1,88,15.0,13.41
2020-06-30,24.8,21.9,15.1,94,19.0,9.74
2020-07-01,26.5,21.7,16.4,92,23.5,13.95
2020-07-02,25.7,21.4,11.8,92,23.4,12.5
2020-07-03,24.7,21.5,75.4,94,29.8,8.23
2020-07-04,23.8,21.5,19.8,97,29.3,6.51
2020-07-05,24.3,21.6,12.0,94,25.5,8.3
2020-07-06,25.0,21.5,4.7,92,28.7,11.57
2020-07-07,26.0,21.6,12.7,92,27.6,16.7
2020-07-08,26.3,21.6,4.5,91,26.0,16.53
2020-07-09,25.1,21.6,10.5,94,22.1,11.41
2020-07-10,25.7,21.4,4.8,93,20.8,13.36
2020-07-11,24.7,21.1,4.3,93,17.9,8.92
2020-07-12,27.0,21.1,4.7,88,18.7,15.72
2020-07-13,24.5,21.5,33.6,93,19.4,8.97
2020-07-14,25.2,21.3,18.5,94,24.3,8.6
2020-07-15,25.4,20.9,16.3,95,24.7,8.58
2020-07-16,22.5,20.7,31.2,98,25.1,4.38
2020-07-17,25.1,21.2,9.8,94,28.5,13.2
2020-07-18,26.4,21.4,6.1,92,24.0,15.1
2020-07-19,28.1,21.6,7.5,89,16.5,15.51
2020-07-20,27.9,21.1,8.6,89,18.2,15.53
2020-07-21,28.8,21.4,0.9,83,14.8,19.18
2020-07-22,29.5,21.7,1.8,85,16.3,20.47
2020-07-23,27.4,21.5,1.1,87,10.6,11.96
2020-07-24,26.7,21.5,13.7,92,16.9,12.74
2020-07-25,25.6,21.1,16.2,92,18.3,7.27
2020-07-26,24.5,20.5,11.1,94,24.0,11.06
2020-07-27,27.3,21.0,3.7,84,19.0,19.25
2020-07-28,27.6,21.2,15.2,88,17.9,16.62
2020-07-29,27.9,20.9,25.5,90,19.4,13.7
2020-07-30,27.6,21.1,2.1,87,16.1,18.89
2020-07-31,27.4,21.1,16.8,91,20.6,14.91
2020-08-01,27.0,21.1,5.1,90,23.5,18.2
2020-08-02,25.9,21.6,9.4,92,28.3,14.82
2020-08-03,23.8,21.2,25.1,96,31.1,6.43
2020-08-04,22.3,21.3,51.1,95,36.1,5.14
2020-08-05,22.8,21.4,40.8,95,37.4,5.43
2020-08-06,24.2,21.1,14.5,94,34.7,14.75
2020-08-07,24.2,21.8,10.2,93,30.3,10.93
2020-08-08,23.3,21.4,3.9,94,26.0,6.34
2020-08-09,26.2,21.2,1.4,89,27.0,15.37
2020-08-10,22.9,20.8,15.0,96,25.0,7.32
2020-08-11,24.3,20.5,4.7,93,24.9,9.45
2020-08-12,25.3,21.1,2.5,89,30.3,12.36
2020-08-13,23.5,21.1,10.6,95,23.8,8.38
2020-08-14,24.5,20.8,4.0,91,30.9,10.9
2020-08-15,23.9,21.0,11.5,93,31.6,10.14
2020-08-16,23.4,20.9,15.3,95,27.4,7.53
2020-08-17,25.1,21.2,6.8,92,32.1,11.74
2020-08-18,25.0,20.9,3.8,91,26.8,13.11
2020-08-19,26.5,21.0,2.4,86,29.0,18.03
2020-08-20,25.2,20.9,8.1,93,25.0,11.19
2020-08-21,25.4,21.1,7.3,92,30.4,13.67
2020-08-22,26.5,21.4,4.1,89,29.5,17.53
2020-08-23,26.8,21.0,2.5,89,24.7,19.85
2020-08-24,26.9,21.0,1.8,88,23.9,18.07
2020-08-25,28.5,20.8,0.9,84,20.0,19.0
2020-08-26,28.6,19.6,0.1,82,16.3,18.85
2020-08-27,27.8,20.1,1.0,84,20.8,17.07
2020-08-28,27.8,20.4,0.9,84,23.3,19.38
2020-08-29,26.8,20.9,2.3,87,23.7,17.68
2020-08-30,27.0,21.0,1.7,87,24.6,18.99
2020-08-31,28.4,20.9,1.8,85,17.1,18.42
2020-09-01,29.1,20.6,0.8,82,15.2,20.47
2020-09-02,28.8,21.1,18.1,85,15.3,17.84
2020-09-03,27.7,20.6,8.2,88,14.5,15.39
2020-09-04,29.7,20.8,2.6,82,16.7,21.5
2020-09-05,30.2,21.7,3.2,81,13.8,20.33
2020-09-06,29.0,22.3,10.8,87,15.5,19.47
2020-09-07,29.2,20.9,7.9,86,14.7,21.17
2020-09-08,28.2,20.9,15.2,88,14.4,19.26
2020-09-09,27.9,21.0,9.6,89,16.0,18.75
2020-09-10,28.7,21.0,7.9,88,19.5,17.47
2020-09-11,26.4,21.4,6.9,91,23.1,14.01
2020-09-12,25.1,21.1,11.4,93,26.7,13.56
2020-09-13,24.7,20.5,7.3,93,19.2,8.15
2020-09-14,24.6,20.6,9.9,92,19.1,8.54
2020-09-15,27.3,20.8,10.2,90,22.6,15.16
2020-09-16,25.0,21.1,10.9,93,21.2,12.86
2020-09-17,27.1,21.0,4.5,88,20.0,17.7
2020-09-18,26.4,21.0,24.2,91,21.5,14.4
2020-09-19,25.8,21.1,4.3,92,16.8,10.96
2020-09-20,25.8,20.9,7.2,92,23.2,11.12
2020-09-21,22.5,21.2,24.9,97,37.0,7.65
2020-09-22,23.6,21.0,59.2,94,32.9,8.58
2020-09-23,25.8,20.5,3.2,90,30.4,17.43
2020-09-24,27.1,21.3,3.6,90,20.9,16.38
2020-09-25,27.2,21.5,3.6,89,21.7,16.71
2020-09-26,24.0,20.7,10.8,93,19.5,7.46
2020-09-27,26.9,20.6,3.0,89,14.6,13.5
2020-09-28,27.8,19.3,1.0,83,11.9,17.46
2020-09-29,27.9,20.2,1.5,84,14.5,19.35
2020-09-30,27.9,20.7,0.7,82,18.5,20.86
2020-10-01,28.2,20.2,0.6,83,16.6,20.01
2020-10-02,28.4,20.9,2.1,87,16.6,20.02
2020-10-03,28.3,21.0,5.4,89,16.5,18.28
2020-10-04,26.4,20.8,7.2,89,18.8,15.17
2020-10-05,28.0,20.5,16.4,88,13.6,16.44
2020-10-06,28.4,20.6,0.7,86,13.9,20.58
2020-10-07,28.8,21.5,0.1,82,14.0,19.86
2020-10-08,28.8,20.9,0.0,77,13.0,22.64
2020-10-09,28.7,20.7,3.8,85,11.9,18.39
2020-10-10,28.8,21.9,16.8,89,16.2,15.92
2020-10-11,24.0,21.4,16.2,95,19.4,7.32
2020-10-12,24.3,20.9,8.2,91,12.0,6.65
2020-10-13,24.8,20.0,6.0,95,15.2,7.89
2020-10-14,24.2,21.1,5.6,94,27.7,6.03
2020-10-15,25.0,20.5,7.3,94,30.8,11.79
2020-10-16,25.2,20.3,9.3,92,23.6,14.0
2020-10-17,27.1,20.3,0.9,86,17.3,16.61
2020-10-18,28.0,20.0,0.3,84,14.5,18.67
2020-10-19,27.5,20.7,5.1,87,10.8,15.26
2020-10-20,27.6,20.6,81.9,91,10.9,11.46
2020-10-21,25.5,21.2,6.8,91,10.5,8.37
2020-10-22,27.3,21.0,1.6,90,16.8,13.46
2020-10-23,28.3,21.0,0.4,85,14.7,17.87
2020-10-24,27.7,20.5,6.4,86,15.5,17.36
2020-10-25,27.4,20.7,3.8,84,10.1,16.92
2020-10-26,28.0,20.6,5.1,82,13.1,17.4
2020-10-27,27.9,20.6,0.4,74,14.7,18.81
2020-10-28,27.5,19.6,0.1,71,14.2,19.29
2020-10-29,27.8,18.3,0.0,68,14.3,18.99
2020-10-30,26.8,20.0,0.4,73,11.0,16.11
2020-10-31,27.8,20.6,0.2,72,12.5,18.43
2020-11-01,28.6,20.4,0.3,70,11.9,18.89
2020-11-02,28.9,19.7,0.0,68,11.8,20.68
2020-11-03,29.3,19.3,0.0,64,16.1,20.85
2020-11-04,28.7,20.5,0.7,64,17.5,19.57
2020-11-05,29.0,19.0,0.0,55,18.7,21.56
2020-11-06,29.0,17.6,0.0,60,17.0,20.73
2020-11-07,28.8,20.5,0.9,73,20.6,18.24
2020-11-08,29.2,20.4,0.0,70,21.3,17.0
2020-11-09,28.5,18.5,0.0,59,13.9,21.48
2020-11-10,27.3,15.9,0.0,46,20.3,22.38
2020-11-11,27.5,15.4,0.0,48,21.8,22.24
2020-11-12,29.4,16.6,0.0,61,23.8,20.19
2020-11-13,28.7,20.8,1.2,79,20.9,15.24
2020-11-14,29.9,20.5,0.0,66,22.8,20.42
2020-11-15,29.6,18.8,0.0,64,21.7,20.86
2020-11-16,28.3,21.1,2.0,76,25.2,11.9
2020-11-17,28.9,20.7,0.6,77,27.0,15.63
2020-11-18,29.0,20.8,0.2,75,18.2,15.44
2020-11-19,29.9,20.2,0.0,70,19.8,18.25
2020-11-20,30.0,19.5,0.0,61,14.3,19.73
2020-11-21,30.2,16.7,0.0,47,15.7,20.96
2020-11-22,30.2,18.2,0.0,49,13.4,19.74
2020-11-23,29.7,18.9,0.0,59,17.9,18.17
2020-11-24,28.8,18.2,0.0,60,18.3,19.26
2020-11-25,29.2,17.2,0.0,55,22.5,20.39
2020-11-26,28.0,19.1,1.1,68,23.2,15.09
2020-11-27,27.5,18.8,0.2,68,26.3,18.5
2020-11-28,23.9,17.7,1.4,80,23.4,8.02
2020-11-29,26.8,18.5,1.2,81,18.7,12.0
2020-11-30,29.2,19.4,0.0,70,19.5,17.69
2020-12-01,27.9,18.5,0.0,65,21.0,18.94
2020-12-02,28.4,16.6,0.0,59,22.7,20.06
2020-12-03,28.8,16.6,0.0,61,17.2,19.31
2020-12-04,29.1,18.3,0.0,64,20.6,19.71
2020-12-05,29.0,17.9,0.0,58,19.6,20.0
2020-12-06,28.8,17.0,0.0,57,21.3,20.11
2020-12-07,28.0,19.6,0.0,69,27.5,13.27
2020-12-08,28.2,20.6,0.6,76,26.8,12.77
2020-12-09,27.6,20.2,4.3,81,19.9,12.32
2020-12-10,29.0,19.6,0.0,61,16.1,18.47
2020-12-11,29.3,17.9,0.0,56,10.9,18.81
2020-12-12,29.3,17.4,0.0,50,13.3,19.17
2020-12-13,29.2,16.2,0.0,53,10.5,19.16
2020-12-14,29.7,17.1,0.0,54,12.0,18.98
2020-12-15,29.3,17.6,0.0,53,15.1,19.4
2020-12-16,29.3,17.2,0.0,61,20.5,18.43
2020-12-17,28.1,19.5,0.3,66,20.9,12.93
2020-12-18,29.2,18.7,0.0,62,19.9,17.42
2020-12-19,28.4,17.7,0.0,60,23.4,19.38
2020-12-20,27.3,17.2,0.0,59,24.3,17.25
2020-12-21,27.6,15.8,0.0,55,22.3,19.73
2020-12-22,28.2,14.4,0.0,53,18.1,20.07
2020-12-23,28.4,15.3,0.0,58,15.3,18.96
2020-12-24,29.3,17.0,0.0,55,15.2,18.49
2020-12-25,29.0,18.3,0.0,53,16.5,19.0
2020-12-26,28.5,16.7,0.0,56,16.3,19.38
2020-12-27,29.0,16.4,0.0,56,13.7,19.57
2020-12-28,29.8,16.7,0.0,54,12.8,19.68
2020-12-29,28.8,16.8,0.0,50,13.9,19.59
2020-12-30,29.5,16.7,0.0,59,17.1,19.05
2020-12-31,29.3,19.5,0.0,66,19.2,18.06
2021-01-01,28.8,18.8,0.0,65,20.5,16.9
2021-01-02,28.1,16.1,0.0,58,18.8,19.59
2021-01-03,28.0,17.8,0.0,65,22.0,14.13
2021-01-04,26.0,20.0,4.6,80,15.3,8.43
2021-01-05,28.6,20.7,1.2,73,13.7,16.84
2021-01-06,28.1,19.5,1.5,76,15.5,15.65
2021-01-07,26.5,20.4,16.1,85,18.6,11.58
2021-01-08,27.6,19.7,9.4,86,15.9,12.2
2021-01-09,27.2,19.9,1.7,84,16.0,13.76
2021-01-10,28.0,19.3,0.0,72,17.4,19.45
2021-01-11,29.2,18.9,0.0,66,15.5,18.7
2021-01-12,28.8,18.5,0.0,56,23.9,15.93
2021-01-13,28.6,18.5,0.0,51,23.7,19.15
2021-01-14,29.6,17.2,0.0,56,18.4,20.24
2021-01-15,26.5,17.7,0.0,64,14.1,8.93
2021-01-16,29.5,19.0,0.0,61,12.6,16.07
2021-01-17,30.9,19.0,0.0,58,20.2,18.14
2021-01-18,30.4,18.5,0.0,51,17.7,20.12
2021-01-19,29.8,18.4,0.0,56,16.2,20.49
2021-01-20,30.1,17.3,0.0,50,13.7,20.86
2021-01-21,30.2,16.1,0.0,50,15.2,21.06
2021-01-22,30.7,17.3,0.0,55,12.6,20.93
2021-01-23,30.5,18.8,0.0,47,13.0,21.23
2021-01-24,29.9,17.9,0.0,49,11.4,21.29
2021-01-25,30.5,16.7,0.0,44,11.6,21.55
2021-01-26,30.0,16.3,0.0,42,10.2,21.65
2021-01-27,29.8,15.4,0.0,46,10.3,21.72
2021-01-28,29.2,17.0,0.0,49,13.6,21.4
2021-01-29,28.6,17.6,0.0,52,16.3,21.08
2021-01-30,29.7,17.3,0.0,46,14.8,21.93
2021-01-31,28.7,17.7,0.0,51,15.5,15.96
2021-02-01,29.4,18.5,0.0,46,19.2,21.06
2021-02-02,28.5,17.9,0.0,52,18.0,20.92
2021-02-03,28.7,17.1,0.0,51,18.2,20.69
2021-02-04,28.7,17.4,0.0,47,17.9,20.27
2021-02-05,29.0,17.4,0.0,45,12.8,21.71
2021-02-06,29.1,16.8,0.0,45,15.2,22.42
2021-02-07,29.3,17.5,0.0,40,17.8,22.67
2021-02-08,29.3,17.8,0.0,40,24.1,23.02
2021-02-09,29.7,16.4,0.0,43,13.7,22.98
2021-02-10,29.7,15.2,0.0,41,11.6,23.25
2021-02-11,29.9,16.3,0.0,38,12.3,23.22
2021-02-12,30.1,17.5,0.0,40,14.0,23.0
2021-02-13,29.8,17.5,0.0,36,17.0,23.38
2021-02-14,30.3,15.1,0.0,38,14.1,23.39
2021-02-15,30.5,15.8,0.0,47,12.0,23.24
2021-02-16,30.7,17.2,0.0,62,13.6,22.96
2021-02-17,30.5,17.6,0.0,63,12.2,21.21
2021-02-18,28.9,19.6,0.0,60,17.9,17.85
2021-02-19,27.2,18.4,0.0,51,23.4,18.79
2021-02-20,26.8,16.7,0.4,60,23.8,19.98
2021-02-21,25.6,18.7,1.4,69,22.7,15.96
2021-02-22,28.0,18.4,1.1,74,20.2,16.56
2021-02-23,31.1,19.0,0.0,53,13.0,20.68
2021-02-24,31.4,19.8,0.0,45,14.6,22.1
2021-02-25,32.5,17.6,0.0,52,11.6,22.7
2021-02-26,33.3,19.8,0.0,48,14.8,23.21
2021-02-27,33.1,21.6,0.0,37,19.4,19.75
2021-02-28,33.5,20.8,0.0,34,17.7,22.29
2021-03-01,34.0,18.4,0.0,38,14.5,22.38
2021-03-02,33.4,21.7,0.0,47,14.8,17.77
2021-03-03,34.0,20.6,0.0,35,18.4,24.18
2021-03-04,33.5,20.5,0.0,26,21.3,24.95
2021-03-05,33.4,19.3,0.0,25,16.2,25.14
2021-03-06,33.5,17.4,0.0,28,11.9,25.16
2021-03-07,33.4,18.4,0.0,49,10.5,24.85
2021-03-08,33.8,18.6,0.0,45,13.3,24.92
2021-03-09,33.9,19.8,0.0,33,14.2,24.92
2021-03-10,34.0,18.2,0.0,32,15.8,25.01
2021-03-11,33.5,18.4,0.0,46,19.5,24.62
2021-03-12,31.8,20.5,0.3,60,13.3,20.68
2021-03-13,33.8,19.0,0.0,33,15.4,25.25
2021-03-14,33.6,20.6,0.0,27,18.5,25.42
2021-03-15,34.3,20.0,0.0,33,17.8,25.35
2021-03-16,34.2,19.8,0.0,53,15.1,23.77
2021-03-17,34.4,20.4,0.0,53,13.1,22.42
2021-03-18,34.5,21.3,0.0,59,18.1,22.02
2021-03-19,34.3,20.8,0.0,51,10.5,21.29
2021-03-20,35.2,21.3,0.0,40,21.3,24.06
2021-03-21,33.5,20.2,0.0,61,16.2,22.24
2021-03-22,34.8,21.3,0.0,52,16.6,23.93
2021-03-23,35.2,22.5,0.0,35,17.3,24.77
2021-03-24,35.2,23.2,0.6,36,23.0,21.69
2021-03-25,35.4,23.4,0.0,36,18.8,20.93
2021-03-26,36.5,23.5,0.0,31,15.4,23.95
2021-03-27,36.5,22.7,0.0,32,13.9,24.69
2021-03-28,34.6,22.6,0.0,63,17.5,20.31
2021-03-29,35.2,22.4,0.0,64,23.5,20.53
2021-03-30,34.6,22.2,0.3,66,19.2,22.47
2021-03-31,37.6,21.2,0.0,55,22.7,26.18
2021-04-01,37.1,19.1,0.0,51,22.3,26.98
2021-04-02,35.9,19.1,0.0,56,18.7,26.14
2021-04-03,33.9,19.4,0.0,64,21.0,24.82
2021-04-04,36.3,19.3,0.0,60,22.0,24.18
2021-04-05,37.3,20.7,0.0,48,17.2,22.52
2021-04-06,37.4,23.2,0.0,43,18.7,23.13
2021-04-07,35.7,22.0,0.0,59,20.6,18.75
2021-04-08,34.5,22.7,1.1,64,22.1,19.7
2021-04-09,34.2,22.0,1.1,62,16.0,19.17
2021-04-10,34.6,21.5,0.0,50,20.0,19.8
2021-04-11,33.8,22.7,0.1,60,18.2,20.54
2021-04-12,33.9,22.7,0.0,50,22.0,20.71
2021-04-13,34.1,23.5,1.5,57,16.3,19.76
2021-04-14,32.8,20.7,7.0,68,15.3,20.71
2021-04-15,33.2,20.8,0.0,68,17.4,22.73
2021-04-16,33.9,21.4,0.0,64,20.1,23.66
2021-04-17,35.1,21.3,0.0,64,22.4,23.21
2021-04-18,35.1,21.5,0.0,65,20.7,21.88
2021-04-19,34.7,23.0,0.2,68,21.2,22.17
2021-04-20,34.9,22.1,0.0,64,22.5,23.61
2021-04-21,35.4,20.8,0.0,62,19.9,23.64
2021-04-22,34.8,20.8,0.0,64,22.9,22.41
2021-04-23,34.8,22.0,0.0,67,20.8,22.72
2021-04-24,34.1,21.9,0.0,63,12.6,21.79
2021-04-25,34.9,22.9,0.9,58,18.6,21.37
2021-04-26,34.2,23.3,0.5,58,20.9,21.46
2021-04-27,35.5,23.7,0.0,52,16.6,23.12
2021-04-28,34.2,22.9,0.2,59,17.4,20.38
2021-04-29,33.8,21.7,1.4,68,13.3,22.06
2021-04-30,35.9,21.5,0.1,56,16.0,23.5
2021-05-01,35.4,23.7,0.0,56,12.3,21.33
2021-05-02,33.8,22.9,0.0,59,16.3,20.86
2021-05-03,34.5,24.5,0.3,57,20.4,22.35
2021-05-04,33.5,22.8,1.8,70,16.2,19.66
2021-05-05,32.7,22.7,9.6,73,15.6,18.48
2021-05-06,34.6,22.7,0.3,65,18.0,18.1
2021-05-07,32.1,23.7,1.6,76,15.3,16.43
2021-05-08,34.1,23.2,0.3,65,15.0,23.31
2021-05-09,31.5,23.8,1.2,73,13.9,18.29
2021-05-10,31.9,22.9,7.9,78,13.4,18.13
2021-05-11,32.2,23.0,7.7,77,17.9,20.2
2021-05-12,33.3,22.3,3.0,72,19.0,22.62
2021-05-13,32.6,23.2,13.9,79,15.0,17.11
2021-05-14,33.1,22.8,2.4,73,20.1,20.7
2021-05-15,29.7,22.5,14.4,70,32.4,15.53
2021-05-16,23.0,21.6,53.0,93,43.6,4.33
2021-05-17,28.5,22.0,2.8,85,28.5,19.0
2021-05-18,29.0,22.3,9.3,87,27.5,17.89
2021-05-19,28.1,22.1,3.1,87,23.7,18.3
2021-05-20,29.3,21.9,6.1,86,20.1,19.5
2021-05-21,29.2,21.7,11.5,86,16.1,18.71
2021-05-22,29.3,21.7,1.1,81,17.4,19.27
2021-05-23,29.9,21.3,0.6,78,17.8,21.84
2021-05-24,29.5,22.1,11.3,85,15.5,17.03
2021-05-25,29.5,22.0,2.0,83,20.5,20.75
2021-05-26,29.6,20.7,0.4,80,22.5,20.94
2021-05-27,29.2,20.7,0.0,77,25.2,21.74
2021-05-28,28.7,21.2,1.4,82,20.4,20.15
2021-05-29,28.7,21.8,5.9,84,19.3,19.82
2021-05-30,28.9,21.6,1.5,82,22.8,19.47
2021-05-31,29.2,21.7,4.7,82,21.5,21.66
2021-06-01,29.7,22.1,4.1,84,21.0,21.41
2021-06-02,29.3,22.1,5.6,83,16.0,18.16
2021-06-03,29.8,22.3,19.6,86,14.3,15.54
2021-06-04,26.5,22.3,21.9,90,12.2,9.85
2021-06-05,25.7,21.4,7.1,93,16.8,9.87
2021-06-06,26.9,21.2,2.5,86,14.8,13.67
2021-06-07,29.2,21.0,0.3,79,21.8,22.36
2021-06-08,28.4,21.2,2.4,86,24.0,20.21
2021-06-09,25.3,21.5,8.4,91,28.5,11.46
2021-06-10,25.4,21.3,10.2,88,23.4,10.05
2021-06-11,27.2,21.7,5.0,88,29.7,14.3
2021-06-12,23.3,21.4,29.0,96,30.9,5.41
2021-06-13,25.9,20.9,14.9,93,24.4,9.99
2021-06-14,23.6,20.8,93.9,96,31.1,5.46
2021-06-15,23.0,21.3,61.7,97,28.0,6.08
2021-06-16,24.3,21.3,17.6,94,29.5,9.79
2021-06-17,24.7,21.3,10.3,92,31.4,12.54
2021-06-18,25.9,21.3,10.8,92,30.4,12.9
2021-06-19,25.1,20.7,9.1,93,30.0,10.74
2021-06-20,25.0,20.8,3.3,89,25.7,15.21
2021-06-21,27.2,21.0,2.1,88,21.6,18.04
2021-06-22,28.3,21.3,0.5,81,20.6,21.32
2021-06-23,27.8,21.2,0.3,83,21.6,20.14
2021-06-24,27.0,20.9,1.2,85,26.1,15.84
2021-06-25,26.1,20.9,0.6,85,23.0,13.82
2021-06-26,26.1,20.9,1.8,86,22.3,15.0
2021-06-27,25.0,21.2,5.4,90,16.8,9.85
2021-06-28,28.9,20.0,1.2,83,20.9,21.47
2021-06-29,28.9,20.4,0.1,81,18.1,19.8
2021-06-30,29.6,21.0,1.0,82,19.9,22.21
2021-07-01,27.4,21.4,3.5,86,22.1,16.3
2021-07-02,27.7,21.4,1.0,84,21.8,16.06
2021-07-03,28.3,21.2,2.4,85,18.6,18.71
2021-07-04,27.5,21.1,2.3,85,14.9,16.44
2021-07-05,28.6,21.6,1.1,85,19.1,17.72
2021-07-06,28.7,21.1,5.3,83,14.4,19.85
2021-07-07,28.0,22.0,5.4,88,17.3,16.77
2021-07-08,27.2,21.7,6.5,89,16.5,12.74
2021-07-09,26.2,21.6,15.2,93,19.2,12.41
2021-07-10,25.3,20.9,10.8,92,20.3,12.31
2021-07-11,24.1,21.2,10.4,93,25.5,8.86
2021-07-12,24.1,21.2,17.9,95,24.2,7.18
2021-07-13,22.6,21.1,34.4,97,28.4,4.07
2021-07-14,22.8,21.3,35.9,96,27.3,5.53
2021-07-15,24.5,19.9,21.5,95,26.4,7.28
2021-07-16,24.6,21.5,10.5,94,26.1,11.19
2021-07-17,26.7,21.3,8.6,89,23.5,14.22
2021-07-18,25.5,21.4,32.5,92,22.9,10.89
2021-07-19,25.0,20.9,7.4,91,31.6,13.27
2021-07-20,23.7,20.6,14.5,95,27.0,10.03
2021-07-21,23.9,20.6,23.8,94,30.2,7.17
2021-07-22,22.4,20.8,16.1,95,33.1,5.57
2021-07-23,25.0,20.9,6.2,94,32.9,9.22
2021-07-24,26.7,21.2,1.4,87,30.6,16.29
2021-07-25,26.4,21.4,3.2,88,29.1,19.12
2021-07-26,26.2,20.8,4.9,88,30.2,18.48
2021-07-27,26.6,20.7,2.6,87,32.1,19.6
2021-07-28,25.3,20.8,5.7,90,33.3,15.95
2021-07-29,25.6,20.7,4.8,89,32.9,15.63
2021-07-30,24.9,20.9,1.8,90,29.6,10.26
2021-07-31,24.5,21.0,2.7,88,32.5,11.17
2021-08-01,26.2,20.4,2.1,86,31.1,18.34
2021-08-02,25.7,20.5,3.3,87,30.0,18.58
2021-08-03,26.3,20.8,2.4,87,31.5,20.17
2021-08-04,25.6,21.1,4.2,89,32.5,18.11
2021-08-05,25.8,21.0,3.0,87,31.7,19.11
2021-08-06,26.4,21.3,2.6,86,30.6,19.4
2021-08-07,26.6,21.0,1.7,88,22.5,19.09
2021-08-08,27.6,20.9,4.5,87,18.3,19.48
2021-08-09,27.7,20.8,3.7,87,22.3,18.57
2021-08-10,28.1,21.2,0.2,84,22.5,19.18
2021-08-11,27.6,21.0,1.2,84,22.4,20.06
2021-08-12,26.8,20.8,0.9,86,21.7,15.56
2021-08-13,27.8,20.8,1.2,83,21.4,18.66
2021-08-14,27.1,21.0,1.4,82,26.3,19.96
2021-08-15,27.5,21.1,1.7,83,24.5,21.14
2021-08-16,27.5,20.9,3.9,87,18.9,14.87
2021-08-17,25.0,21.0,5.7,94,19.8,8.88
2021-08-18,25.4,20.8,4.2,92,21.0,11.63
2021-08-19,26.1,20.6,4.9,90,23.0,14.68
2021-08-20,26.3,20.4,1.6,86,18.0,14.46
2021-08-21,27.2,20.5,1.0,84,19.3,16.23
2021-08-22,28.1,20.4,7.9,86,16.4,21.6
2021-08-23,28.3,20.5,1.8,83,17.1,20.51
2021-08-24,28.2,20.6,0.2,84,18.7,16.15
2021-08-25,27.7,20.9,5.2,86,17.3,18.73
2021-08-26,26.7,20.9,10.3,90,22.2,16.26
2021-08-27,27.2,21.0,8.8,90,18.7,13.4
2021-08-28,26.0,20.9,4.8,91,14.5,12.63
2021-08-29,25.1,20.8,1.5,89,19.8,8.21
2021-08-30,24.1,20.9,6.5,91,19.1,9.86
2021-08-31,27.6,20.4,1.1,83,19.5,20.12
2021-09-01,27.1,20.5,4.1,89,22.1,18.1
2021-09-02,27.3,20.7,6.0,88,20.8,18.29
2021-09-03,27.2,20.9,1.5,87,24.0,18.01
2021-09-04,25.3,20.9,8.1,91,21.3,12.22
2021-09-05,26.6,20.9,9.8,89,22.7,14.3
2021-09-06,24.8,20.6,5.8,93,23.6,11.59
2021-09-07,24.1,20.8,19.6,94,28.6,11.0
2021-09-08,24.8,20.9,6.8,93,29.5,13.66
2021-09-09,26.3,20.9,4.0,88,31.3,20.81
2021-09-10,26.7,20.8,2.3,87,28.6,20.33
2021-09-11,25.4,21.0,4.7,92,27.7,16.88
2021-09-12,25.3,21.2,7.0,91,31.7,18.42
2021-09-13,25.5,21.2,5.3,93,30.4,14.25
2021-09-14,26.2,20.9,3.0,90,27.6,18.24
2021-09-15,26.7,20.8,1.0,86,24.5,19.32
2021-09-16,27.6,20.7,0.8,83,22.2,19.09
2021-09-17,26.8,20.5,1.4,86,20.7,19.43
2021-09-18,28.1,20.1,1.2,83,16.5,19.05
2021-09-19,28.1,19.8,0.0,82,17.8,23.48
2021-09-20,26.8,20.2,0.6,86,18.8,13.16
2021-09-21,26.6,20.9,4.4,88,19.8,13.62
2021-09-22,26.2,20.6,1.7,88,17.7,11.28
2021-09-23,25.4,20.2,9.7,93,18.4,10.38
2021-09-24,27.3,20.7,5.6,86,14.7,17.41
2021-09-25,28.0,20.5,1.3,84,18.5,17.67
2021-09-26,27.7,19.5,0.5,83,16.3,17.89
2021-09-27,25.0,20.2,4.2,89,19.2,10.85
2021-09-28,25.1,20.6,4.8,91,26.3,13.37
2021-09-29,26.3,20.8,7.0,91,24.3,17.88
2021-09-30,27.4,21.1,3.3,87,14.9,17.52
2021-10-01,28.7,20.6,9.7,87,11.4,18.76
2021-10-02,28.8,20.9,1.4,83,15.1,19.25
2021-10-03,29.0,22.0,0.8,81,13.6,20.91
2021-10-04,29.6,21.1,4.9,83,11.7,21.99
2021-10-05,28.9,21.2,13.8,87,14.8,19.48
2021-10-06,27.2,21.2,23.4,89,15.3,14.47
2021-10-07,27.7,20.7,6.2,88,15.6,14.03
2021-10-08,27.6,20.9,3.2,88,16.6,17.9
2021-10-09,27.4,21.0,6.3,88,15.5,15.81
2021-10-10,27.1,21.2,5.4,91,13.8,14.97
2021-10-11,27.8,21.0,6.6,90,16.4,14.57
2021-10-12,26.9,20.0,30.1,91,11.8,14.84
2021-10-13,27.7,19.5,0.7,84,12.4,19.33
2021-10-14,28.5,20.5,0.6,81,14.2,20.56
2021-10-15,28.9,20.2,0.8,74,14.6,19.76
2021-10-16,29.3,19.9,0.0,71,13.5,20.31
2021-10-17,28.9,19.8,0.6,83,20.8,19.9
2021-10-18,28.7,20.5,0.0,79,18.0,21.01
2021-10-19,28.8,19.5,0.0,76,14.4,22.55
2021-10-20,30.0,19.3,0.0,69,12.7,21.65
2021-10-21,29.7,21.1,0.8,69,12.3,20.11
2021-10-22,29.4,21.0,0.5,73,16.0,15.97
2021-10-23,29.7,21.3,6.9,76,13.1,19.97
2021-10-24,28.1,20.7,9.5,83,10.2,13.45
2021-10-25,28.8,20.0,2.1,77,15.3,19.95
2021-10-26,29.2,20.0,0.0,60,18.5,21.2
2021-10-27,28.7,18.4,0.0,48,20.1,23.01
2021-10-28,28.2,17.8,0.0,52,19.5,22.69
2021-10-29,29.9,20.6,0.0,58,23.2,17.87
2021-10-30,29.4,21.2,1.4,75,27.3,16.57
2021-10-31,29.3,21.0,7.1,81,18.5,16.46
2021-11-01,28.9,20.8,2.9,78,19.2,16.93
2021-11-02,29.3,20.6,1.0,78,22.6,16.22
2021-11-03,28.3,20.8,5.0,81,20.8,13.69
2021-11-04,29.1,20.2,0.6,77,19.2,17.92
2021-11-05,28.7,20.5,8.2,81,16.4,16.7
2021-11-06,28.8,19.6,0.1,76,19.2,19.24
2021-11-07,28.9,19.3,0.0,71,17.2,19.81
2021-11-08,29.0,19.3,0.1,66,17.3,18.46
2021-11-09,29.0,18.2,0.0,58,18.2,21.13
2021-11-10,28.4,17.4,0.0,53,15.1,19.17
2021-11-11,26.0,19.4,0.0,58,19.4,8.51
2021-11-12,28.0,19.1,1.3,70,20.5,10.95
2021-11-13,29.9,21.0,1.2,79,17.4,16.68
2021-11-14,28.0,20.8,10.2,87,18.6,10.84
2021-11-15,28.5,20.6,10.8,84,20.1,16.49
2021-11-16,26.8,20.5,23.7,90,23.2,11.18
2021-11-17,27.9,20.1,13.0,88,19.8,15.48
2021-11-18,25.8,19.8,0.6,86,16.6,11.25
2021-11-19,24.6,20.7,31.1,93,21.2,4.33
2021-11-20,26.5,21.0,7.6,90,17.1,11.92
2021-11-21,27.0,20.3,6.1,86,13.2,15.44
2021-11-22,27.4,19.8,4.0,86,10.3,16.69
2021-11-23,28.0,20.5,3.9,85,14.1,15.89
2021-11-24,27.9,20.5,3.2,85,16.2,14.59
2021-11-25,27.8,19.9,0.0,78,22.2,17.06
2021-11-26,27.0,18.5,0.0,73,22.1,18.41
2021-11-27,25.7,16.9,0.0,72,22.8,16.05
2021-11-28,26.7,16.4,1.4,73,25.5,16.34
2021-11-29,26.2,19.9,5.1,86,24.6,12.67
2021-11-30,26.5,20.0,2.4,82,22.7,14.48
2021-12-01,26.8,20.1,4.4,83,25.1,13.76
2021-12-02,26.8,19.4,3.8,89,14.4,14.16
2021-12-03,27.4,19.0,0.5,87,14.7,14.68
2021-12-04,26.0,19.5,2.3,90,15.4,13.5
2021-12-05,27.1,19.3,0.6,81,8.8,16.57
2021-12-06,27.3,17.2,0.0,70,11.1,18.87
2021-12-07,27.4,17.4,0.0,69,14.1,18.41
2021-12-08,27.7,16.5,0.0,62,14.2,19.76
2021-12-09,28.3,17.8,0.1,73,16.9,17.35
2021-12-10,27.3,19.2,1.0,80,21.6,14.43
2021-12-11,27.5,18.3,0.0,75,19.5,16.36
2021-12-12,27.5,18.4,0.2,73,22.0,16.48
2021-12-13,27.9,18.3,0.0,72,19.1,17.35
2021-12-14,27.0,18.5,0.1,74,18.0,14.83
2021-12-15,26.2,18.6,0.0,73,18.4,13.86
2021-12-16,27.3,17.6,0.0,67,15.9,18.68
2021-12-17,27.1,16.1,0.0,58,14.8,19.49
2021-12-18,26.7,15.2,0.0,55,18.9,19.93
2021-12-19,26.1,14.9,0.0,49,20.8,20.0
2021-12-20,26.6,14.2,0.0,60,16.5,19.7
2021-12-21,26.9,14.0,0.0,60,12.1,19.74
2021-12-22,28.3,14.2,0.0,55,11.7,19.7
2021-12-23,28.5,14.3,0.0,56,11.3,19.57
2021-12-24,29.1,14.8,0.0,54,11.3,19.63
2021-12-25,29.1,15.2,0.0,60,9.8,19.65
2021-12-26,30.1,17.0,0.0,47,10.1,19.61
2021-12-27,29.6,15.5,0.0,50,13.2,19.53
2021-12-28,28.8,16.9,0.0,55,14.1,19.64
2021-12-29,28.6,15.4,0.0,52,10.8,19.11
2021-12-30,28.7,16.9,0.0,60,17.9,19.42
2021-12-31,27.0,17.5,0.0,67,24.6,13.74
2022-01-01,27.4,17.9,0.5,70,23.2,13.7
2022-01-02,28.8,17.8,0.0,63,17.9,19.22
2022-01-03,28.0,16.7,0.0,62,16.9,18.91
2022-01-04,28.6,17.0,0.0,55,15.1,19.77
2022-01-05,28.0,16.0,0.0,58,11.9,19.82
2022-01-06,28.3,16.0,0.0,52,14.0,20.0
2022-01-07,28.8,16.9,0.0,61,16.2,18.23
2022-01-08,28.2,16.0,0.0,64,14.3,17.58
2022-01-09,28.7,15.8,0.0,63,15.8,19.42
2022-01-10,28.4,16.2,0.0,69,14.2,18.53
2022-01-11,28.5,16.0,0.0,63,20.1,19.9
2022-01-12,27.3,13.8,0.0,62,19.9,20.48
2022-01-13,26.7,13.2,0.0,69,18.9,19.97
2022-01-14,26.7,13.4,0.0,68,16.0,18.91
2022-01-15,28.3,15.3,0.0,62,15.6,19.61
2022-01-16,28.7,16.9,0.1,59,19.5,18.49
2022-01-17,27.5,18.1,0.6,64,20.7,18.26
2022-01-18,28.4,16.9,0.0,60,15.3,20.4
2022-01-19,28.2,16.1,0.0,53,13.0,20.83
2022-01-20,30.1,16.3,0.0,47,13.5,20.8
2022-01-21,31.4,17.1,0.0,45,12.5,20.94
2022-01-22,29.4,15.9,0.0,67,19.2,20.9
2022-01-23,26.7,16.1,0.0,74,24.5,18.54
2022-01-24,24.9,14.1,0.0,65,16.4,19.81
2022-01-25,26.4,11.9,0.0,64,13.0,21.34
2022-01-26,27.5,13.6,0.0,54,11.9,21.13
2022-01-27,29.1,15.7,0.0,59,17.6,19.0
2022-01-28,28.3,17.0,0.0,56,22.0,20.99
2022-01-29,28.6,15.9,0.0,47,18.3,21.79
2022-01-30,30.3,16.7,0.0,45,13.0,21.61
2022-01-31,31.0,17.2,0.0,43,11.8,21.82
2022-02-01,30.9,17.8,0.0,43,13.0,22.13
2022-02-02,31.8,16.9,0.0,47,15.6,22.17
2022-02-03,31.4,17.7,0.0,55,21.2,22.03
2022-02-04,28.9,15.0,0.0,67,14.1,22.09
2022-02-05,30.5,15.4,0.0,62,10.3,22.46
2022-02-06,31.0,16.4,0.0,65,22.8,22.25
2022-02-07,30.7,16.7,0.0,66,11.9,21.23
2022-02-08,30.8,16.9,0.0,63,16.6,21.97
2022-02-09,30.8,17.3,0.0,56,13.3,22.43
2022-02-10,31.2,17.7,0.0,48,11.7,21.74
2022-02-11,30.7,18.8,0.0,39,21.2,22.85
2022-02-12,30.3,18.1,0.0,40,18.5,23.03
2022-02-13,30.4,17.8,0.0,41,18.2,22.69
2022-02-14,31.2,18.4,0.0,40,12.7,22.91
2022-02-15,31.2,19.1,0.0,41,13.9,20.96
2022-02-16,31.3,17.8,0.0,41,15.5,21.52
2022-02-17,30.8,18.9,0.0,39,14.3,19.83
2022-02-18,31.8,19.2,0.0,40,17.2,19.63
2022-02-19,32.1,18.3,0.0,42,16.8,23.31
2022-02-20,32.2,18.1,0.0,47,22.4,23.44
2022-02-21,33.2,19.4,0.0,34,15.6,23.75
2022-02-22,34.0,19.3,0.0,36,14.3,23.8
2022-02-23,33.2,20.8,0.0,39,18.6,23.53
2022-02-24,32.9,20.0,0.0,37,16.2,23.98
2022-02-25,33.6,18.3,0.0,25,15.6,24.48
2022-02-26,33.2,19.0,0.0,22,18.3,24.87
2022-02-27,32.6,18.2,0.0,30,14.9,24.36
2022-02-28,32.7,18.5,0.0,28,14.8,24.42
2022-03-01,33.3,18.2,0.0,30,17.5,22.79
2022-03-02,33.1,20.4,0.0,24,18.7,24.07
2022-03-03,33.4,19.8,0.0,22,23.4,24.74
2022-03-04,33.2,19.4,0.0,26,19.3,24.45
2022-03-05,33.9,20.2,0.0,26,16.3,23.88
2022-03-06,32.8,19.4,0.0,29,19.2,20.39
2022-03-07,33.4,20.2,0.0,36,22.8,23.53
2022-03-08,32.9,21.2,0.0,41,16.3,19.73
2022-03-09,34.1,20.8,0.0,44,16.6,20.91
2022-03-10,33.7,21.0,0.0,41,15.0,19.7
2022-03-11,33.4,21.7,0.0,38,13.1,21.83
2022-03-12,33.6,22.7,0.0,33,18.1,22.0
2022-03-13,34.6,22.0,0.0,31,16.7,23.12
2022-03-14,34.8,21.6,0.0,29,15.4,21.27
2022-03-15,35.3,21.0,0.0,26,14.7,25.71
2022-03-16,36.7,19.4,0.0,39,17.6,25.38
2022-03-17,37.0,20.3,0.0,53,22.1,22.92
2022-03-18,36.5,20.4,0.0,62,22.1,20.27
2022-03-19,32.6,21.4,0.2,75,22.9,14.91
2022-03-20,32.7,21.4,0.3,73,21.3,18.46
2022-03-21,34.3,21.4,0.0,65,20.6,18.25
2022-03-22,34.6,21.3,2.0,67,24.3,19.36
2022-03-23,35.8,21.1,0.0,64,23.7,19.58
2022-03-24,34.5,21.2,0.2,66,26.0,17.23
2022-03-25,35.5,21.7,0.0,70,32.3,18.2
2022-03-26,36.7,21.5,0.1,64,20.5,21.69
2022-03-27,35.7,21.6,0.0,60,17.6,18.91
2022-03-28,37.0,21.9,0.0,59,17.4,21.9
2022-03-29,37.2,22.4,0.0,62,26.7,22.98
2022-03-30,39.1,21.7,0.0,61,22.3,24.6
2022-03-31,37.8,21.8,0.0,61,22.3,26.02
2022-04-01,37.6,19.6,0.0,56,20.9,25.61
2022-04-02,37.7,20.5,0.0,61,26.0,22.8
2022-04-03,36.7,21.0,0.0,58,19.8,23.15
2022-04-04,36.0,20.8,0.0,59,21.7,22.46
2022-04-05,36.0,22.3,0.6,66,22.7,20.35
2022-04-06,35.7,22.1,0.0,66,23.7,20.37
2022-04-07,37.2,21.4,0.0,62,18.9,23.23
2022-04-08,36.5,22.6,0.0,61,18.8,22.26
2022-04-09,36.1,23.2,0.0,64,20.2,22.5
2022-04-10,35.3,22.6,1.4,70,21.0,21.12
2022-04-11,36.2,22.5,0.0,62,16.2,21.16
2022-04-12,36.6,22.7,0.0,60,17.2,21.81
2022-04-13,37.2,22.5,0.0,59,19.2,22.86
2022-04-14,29.9,22.9,0.3,77,16.1,9.13
2022-04-15,35.0,23.2,14.5,78,25.7,16.76
2022-04-16,33.3,23.1,10.8,77,14.6,20.45
2022-04-17,32.4,21.4,0.7,75,28.5,22.15
2022-04-18,30.1,21.0,1.3,73,13.0,18.53
2022-04-19,34.1,21.3,0.0,59,16.2,22.05
2022-04-20,35.7,21.3,0.0,58,18.4,24.6
2022-04-21,36.3,23.0,0.0,55,16.6,23.66
2022-04-22,35.3,23.3,0.0,58,15.0,20.97
2022-04-23,35.4,22.9,0.0,53,18.1,23.39
2022-04-24,35.0,23.1,0.0,59,16.8,24.01
2022-04-25,36.2,24.5,0.0,51,24.6,24.2
2022-04-26,34.3,22.9,0.2,63,14.6,12.86
2022-04-27,37.3,23.5,0.2,49,22.5,23.79
2022-04-28,35.1,23.5,1.1,70,19.5,22.92
2022-04-29,37.3,23.0,0.0,66,18.0,24.22
2022-04-30,36.8,22.9,0.0,70,22.2,24.24
2022-05-01,35.9,22.3,0.0,67,22.1,25.17
2022-05-02,35.4,21.5,0.0,67,19.1,25.64
2022-05-03,34.6,21.7,0.0,68,17.2,24.94
2022-05-04,36.0,22.3,2.2,68,18.5,23.1
2022-05-05,35.8,22.6,0.1,67,18.2,23.1
2022-05-06,35.9,22.0,0.0,66,19.9,24.35
2022-05-07,35.5,21.8,0.0,68,18.6,23.99
2022-05-08,36.2,22.0,0.0,68,27.2,21.86
2022-05-09,33.5,23.1,0.0,75,23.6,19.79
2022-05-10,32.3,22.8,0.9,76,24.5,16.66
2022-05-11,29.6,22.1,13.3,84,27.6,9.67
2022-05-12,30.3,22.3,12.6,84,25.9,15.94
2022-05-13,29.4,22.4,1.0,83,22.0,11.41
2022-05-14,31.7,22.1,0.0,78,19.1,23.19
2022-05-15,32.0,21.5,0.2,77,19.3,24.65
2022-05-16,34.9,22.3,3.4,75,20.2,24.42
2022-05-17,30.4,22.6,2.6,83,16.0,14.94
2022-05-18,28.9,22.3,5.3,85,14.9,9.54
2022-05-19,26.5,22.1,97.8,94,23.8,6.07
2022-05-20,22.1,19.6,92.1,94,28.2,4.53
2022-05-21,25.7,19.0,6.0,87,26.2,14.8
2022-05-22,29.1,21.4,1.3,84,24.6,21.89
2022-05-23,30.2,22.2,1.5,83,22.5,21.1
2022-05-24,31.0,22.1,0.6,81,19.7,23.16
2022-05-25,31.0,21.4,0.0,77,14.4,25.26
2022-05-26,30.7,20.9,0.0,78,17.4,26.2
2022-05-27,30.2,21.3,0.0,75,19.1,25.47
2022-05-28,30.6,20.8,0.0,75,18.3,24.94
2022-05-29,30.7,20.9,0.0,74,20.3,25.71
2022-05-30,31.3,21.1,0.1,75,18.9,24.8
2022-05-31,30.3,21.6,1.3,77,20.2,22.53
2022-06-01,31.1,21.7,19.2,78,20.3,22.64
2022-06-02,32.0,20.9,1.6,79,19.9,24.0
2022-06-03,31.7,21.5,1.4,80,18.3,22.57
2022-06-04,33.7,21.2,0.1,72,20.7,26.13
2022-06-05,31.3,21.9,4.0,79,24.3,23.26
2022-06-06,30.3,21.6,6.7,80,17.0,19.18
2022-06-07,27.7,22.0,1.6,84,21.5,16.62
2022-06-08,29.9,21.5,1.4,81,21.2,23.06
2022-06-09,28.7,21.5,1.1,81,24.1,19.38
2022-06-10,26.9,21.2,7.7,87,26.9,18.68
2022-06-11,26.1,20.9,2.9,90,26.6,15.66
2022-06-12,26.8,21.1,1.1,88,22.7,11.71
2022-06-13,28.4,20.9,3.2,87,24.8,17.11
2022-06-14,29.5,21.3,0.9,81,18.5,21.75
2022-06-15,29.3,21.6,0.6,82,21.4,17.05
2022-06-16,28.9,21.4,2.2,82,18.0,18.6
2022-06-17,29.4,21.7,7.3,83,20.9,20.08
2022-06-18,29.8,21.6,13.9,85,18.0,18.39
2022-06-19,28.1,21.5,3.8,85,19.8,15.78
2022-06-20,28.9,21.2,4.6,85,23.4,17.39
2022-06-21,26.0,20.9,3.1,91,27.1,11.82
2022-06-22,24.0,20.2,8.3,94,21.4,10.82
2022-06-23,27.7,20.4,8.4,87,22.6,18.88
2022-06-24,24.9,20.6,6.2,93,25.6,11.02
2022-06-25,24.3,20.4,4.3,94,27.9,8.93
2022-06-26,25.3,20.2,3.4,90,28.3,13.15
2022-06-27,26.0,20.1,4.3,90,28.2,14.9
2022-06-28,27.2,20.6,1.9,86,24.3,16.86
2022-06-29,27.3,20.4,4.3,91,23.7,13.28
2022-06-30,27.5,20.7,2.6,89,24.3,16.1
2022-07-01,26.3,20.9,2.0,88,29.0,16.64
2022-07-02,26.8,20.9,2.2,86,26.8,18.26
2022-07-03,25.5,21.0,1.8,87,27.1,15.08
2022-07-04,23.5,20.5,15.1,95,31.7,6.6
2022-07-05,23.8,20.9,15.4,95,26.5,9.46
2022-07-06,25.6,20.3,8.2,92,26.2,14.85
2022-07-07,24.9,20.4,6.1,92,29.7,10.91
2022-07-08,22.6,20.5,12.8,95,26.0,4.81
2022-07-09,22.9,20.0,15.2,95,26.7,6.48
2022-07-10,22.9,19.9,8.9,93,29.3,7.6
2022-07-11,22.1,19.9,17.6,95,26.1,4.98
2022-07-12,22.7,19.6,21.1,95,31.1,6.93
2022-07-13,22.0,19.9,23.3,95,32.3,5.63
2022-07-14,22.8,20.1,11.9,94,35.3,10.23
2022-07-15,25.1,20.7,8.6,91,36.0,18.59
2022-07-16,25.1,20.9,10.0,93,30.8,12.34
2022-07-17,26.6,20.7,11.5,90,28.4,17.53
2022-07-18,25.0,20.6,2.5,89,28.5,13.13
2022-07-19,26.6,20.3,2.4,87,23.3,19.21
2022-07-20,28.6,21.0,2.3,85,20.2,19.99
2022-07-21,28.9,20.6,0.7,81,19.4,20.86
2022-07-22,26.7,20.6,1.3,84,21.3,16.53
2022-07-23,26.6,20.7,1.1,86,22.1,14.73
2022-07-24,24.6,20.5,6.9,91,24.0,8.86
2022-07-25,25.6,20.5,2.7,88,22.7,12.6
2022-07-26,26.4,20.5,1.1,84,16.6,12.97
2022-07-27,28.1,20.1,12.7,87,12.7,19.81
2022-07-28,28.4,20.5,1.3,83,12.3,18.38
2022-07-29,29.7,20.6,9.1,85,21.3,21.59
2022-07-30,28.9,20.5,22.7,87,20.4,19.57
2022-07-31,28.0,20.9,10.0,88,16.3,16.14
2022-08-01,28.6,20.8,11.6,86,16.2,16.88
2022-08-02,27.1,21.0,12.8,89,17.4,12.23
2022-08-03,27.5,20.9,25.7,89,13.1,13.44
2022-08-04,27.1,20.9,5.7,89,20.8,14.53
2022-08-05,24.6,20.4,12.7,94,33.2,12.81
2022-08-06,25.1,20.7,7.6,93,30.0,11.13
2022-08-07,24.7,20.4,4.8,91,34.9,11.94
2022-08-08,23.1,20.3,13.0,95,34.3,9.53
2022-08-09,22.5,20.6,13.5,94,37.6,8.72
2022-08-10,24.0,20.2,11.7,92,38.2,15.71
2022-08-11,25.4,20.5,8.4,92,35.0,16.55
2022-08-12,26.1,20.6,2.0,86,41.1,19.76
2022-08-13,25.9,20.5,1.9,86,30.4,20.29
2022-08-14,25.6,20.4,1.1,87,26.8,12.88
2022-08-15,26.7,20.5,2.6,86,26.4,18.72
2022-08-16,27.1,20.5,1.8,86,25.3,17.91
2022-08-17,27.0,20.3,1.2,84,23.8,19.46
2022-08-18,27.9,20.6,1.3,84,21.6,19.01
2022-08-19,27.3,20.7,0.6,83,24.6,19.95
2022-08-20,27.6,20.6,2.3,85,25.3,19.5
2022-08-21,26.8,21.0,3.7,84,26.1,19.25
2022-08-22,26.5,20.8,2.1,86,32.8,20.19
2022-08-23,26.4,20.4,2.2,88,27.3,17.01
2022-08-24,26.6,20.4,5.4,88,19.1,16.61
2022-08-25,27.1,20.4,1.1,85,15.8,17.26
2022-08-26,27.9,20.5,9.5,85,14.8,19.49
2022-08-27,27.0,20.3,6.0,87,13.1,15.12
2022-08-28,28.0,19.9,1.2,81,13.4,20.73
2022-08-29,27.4,20.7,11.6,88,12.1,17.15
2022-08-30,28.7,21.1,9.8,87,13.4,17.43
2022-08-31,29.1,20.5,13.6,85,14.2,21.34
2022-09-01,27.6,19.9,10.1,88,11.3,14.04
2022-09-02,29.3,20.5,5.0,86,16.6,20.29
2022-09-03,28.7,19.9,1.8,84,14.6,21.85
2022-09-04,28.9,20.5,1.1,84,15.5,19.58
2022-09-05,28.3,21.2,19.7,89,15.3,16.82
2022-09-06,27.2,20.5,47.9,89,13.5,13.38
2022-09-07,27.6,20.8,17.1,90,15.0,13.2
2022-09-08,26.6,20.9,6.5,90,17.1,13.11
2022-09-09,25.7,20.7,2.6,91,23.5,15.47
2022-09-10,24.6,20.8,9.4,93,25.4,11.04
2022-09-11,24.0,20.9,8.5,95,29.7,9.46
2022-09-12,24.2,20.9,7.5,94,35.1,10.22
2022-09-13,26.0,20.6,4.1,91,27.4,16.51
2022-09-14,26.2,20.3,2.9,90,27.9,20.78
2022-09-15,26.0,20.2,2.8,90,30.3,19.63
2022-09-16,26.5,20.1,4.4,90,28.4,16.95
2022-09-17,26.6,20.7,2.5,86,25.3,20.62
2022-09-18,27.1,20.7,2.7,86,22.0,20.73
2022-09-19,27.7,19.6,0.0,79,22.1,19.49
2022-09-20,26.5,19.1,0.0,82,19.4,16.01
2022-09-21,27.9,18.6,0.0,81,20.3,22.5
2022-09-22,27.5,17.9,0.0,79,21.1,20.52
2022-09-23,27.3,18.8,1.3,83,25.5,20.84
2022-09-24,27.0,20.0,2.6,83,20.9,20.7
2022-09-25,28.6,20.2,0.9,79,14.4,20.81
2022-09-26,27.5,19.5,0.2,84,15.2,8.24
2022-09-27,28.9,19.2,0.0,77,12.6,21.22
2022-09-28,30.2,19.5,0.0,78,19.5,22.81
2022-09-29,29.6,19.0,0.6,78,14.5,19.93
2022-09-30,26.8,20.5,9.6,87,13.4,10.68
2022-10-01,26.2,20.3,16.1,92,16.9,9.67
2022-10-02,27.3,20.1,1.1,86,15.2,16.04
2022-10-03,28.6,19.9,0.4,81,16.4,21.78
2022-10-04,28.6,20.0,0.1,76,16.8,21.97
2022-10-05,29.0,20.6,0.1,76,14.9,21.83
2022-10-06,27.2,20.5,31.4,88,17.7,9.73
2022-10-07,26.3,20.2,7.0,88,21.8,16.25
2022-10-08,27.6,20.2,1.0,82,12.8,20.13
2022-10-09,27.9,19.9,5.3,84,10.1,20.56
2022-10-10,27.7,20.4,6.4,87,10.6,13.81
2022-10-11,26.9,20.8,9.1,90,12.2,12.36
2022-10-12,24.8,20.3,16.5,93,17.8,9.46
2022-10-13,27.5,20.1,7.4,88,10.9,16.02
2022-10-14,26.5,19.8,10.5,89,8.7,12.99
2022-10-15,27.8,20.1,5.1,86,14.8,17.94
2022-10-16,27.2,20.6,5.6,89,12.2,15.48
2022-10-17,26.6,20.3,9.1,90,12.6,12.45
2022-10-18,26.8,20.3,2.9,88,12.0,14.84
2022-10-19,27.6,20.5,12.5,87,10.1,17.45
2022-10-20,27.4,20.2,3.5,87,13.2,16.69
2022-10-21,28.2,19.7,1.4,83,16.4,19.77
2022-10-22,27.7,20.2,0.7,77,16.2,20.25
2022-10-23,26.8,18.1,0.0,66,18.1,22.89
2022-10-24,26.4,16.8,0.0,62,14.0,23.44
2022-10-25,26.7,16.5,0.0,58,9.4,22.99
2022-10-26,27.0,16.0,0.0,63,16.1,22.97
2022-10-27,26.9,15.4,0.0,60,17.9,22.92
2022-10-28,26.9,17.2,0.0,63,15.7,17.98
2022-10-29,27.4,19.4,0.0,61,19.4,18.4
2022-10-30,27.9,18.2,0.0,55,17.7,22.37
2022-10-31,27.6,17.0,0.0,54,18.3,22.56
2022-11-01,28.1,16.8,0.0,59,16.0,21.97
2022-11-02,27.8,18.6,0.7,70,21.2,17.32
2022-11-03,29.1,19.2,0.4,68,21.6,20.64
2022-11-04,29.7,19.5,0.0,69,21.9,20.67
2022-11-05,29.3,20.1,0.5,67,18.4,20.02
2022-11-06,29.3,20.4,0.9,65,18.7,19.8
2022-11-07,29.3,18.1,0.0,57,15.6,21.54
2022-11-08,29.5,18.8,0.0,52,16.2,21.45
2022-11-09,29.5,18.5,0.0,47,15.5,20.94
2022-11-10,28.3,17.1,0.0,50,18.6,21.67
2022-11-11,29.1,18.5,0.0,51,22.5,20.97
2022-11-12,28.9,19.5,0.0,51,24.3,18.05
2022-11-13,28.8,20.2,0.2,69,27.9,13.18
2022-11-14,29.5,19.5,0.0,71,18.7,18.71
2022-11-15,30.1,19.2,0.0,66,13.4,19.68
2022-11-16,29.1,18.5,0.0,57,14.5,21.3
2022-11-17,28.6,16.8,0.0,47,17.1,21.7
2022-11-18,28.2,16.3,0.0,42,16.4,21.57
2022-11-19,27.4,15.6,0.0,44,16.9,21.54
2022-11-20,26.2,15.8,0.0,48,14.5,21.46
2022-11-21,27.2,14.7,0.0,45,14.8,20.17
2022-11-22,27.7,19.0,0.0,57,20.0,14.23
2022-11-23,28.4,21.1,2.5,71,21.9,16.44
2022-11-24,29.0,19.7,2.0,76,18.3,17.51
2022-11-25,29.3,20.3,0.3,72,17.8,17.35
2022-11-26,29.1,20.0,0.9,66,10.8,17.82
2022-11-27,28.6,20.5,2.0,75,13.1,16.18
2022-11-28,29.1,19.6,1.6,76,12.1,17.62
2022-11-29,29.9,19.5,0.0,66,15.0,18.37
2022-11-30,28.5,17.8,0.0,49,14.1,20.35
2022-12-01,28.3,16.3,0.0,54,15.2,20.08
2022-12-02,28.9,19.1,0.0,67,16.1,17.68
2022-12-03,30.0,20.0,0.0,65,14.8,18.5
2022-12-04,29.8,20.2,0.1,61,15.2,17.28
2022-12-05,30.0,19.6,0.0,61,16.7,17.95
2022-12-06,29.6,18.1,0.0,51,16.3,20.18
2022-12-07,29.1,16.7,0.0,50,19.8,19.79
2022-12-08,27.7,17.0,0.0,55,18.7,18.82
2022-12-09,27.7,14.6,0.0,46,21.4,19.6
2022-12-10,26.3,18.6,0.0,60,20.6,10.94
2022-12-11,25.9,18.8,9.1,84,25.2,9.96
2022-12-12,25.4,19.1,9.1,89,21.6,11.85
2022-12-13,27.3,20.0,12.4,86,24.9,12.84
2022-12-14,26.9,19.4,0.2,77,20.3,15.68
2022-12-15,28.4,18.9,0.0,65,15.5,19.31
2022-12-16,29.0,16.4,0.0,56,17.3,19.39
2022-12-17,29.2,17.5,0.0,63,17.4,18.67
2022-12-18,29.2,18.7,0.0,64,17.9,18.74
2022-12-19,28.1,16.7,0.0,59,18.4,19.76
2022-12-20,29.5,15.8,0.0,55,17.1,19.79
2022-12-21,29.9,16.6,0.0,49,16.3,19.44
2022-12-22,30.0,15.6,0.0,48,17.1,19.6
2022-12-23,30.4,15.5,0.0,47,14.5,19.8
2022-12-24,30.5,15.6,0.0,41,11.5,19.82
2022-12-25,30.4,16.0,0.0,48,13.3,19.83
2022-12-26,30.4,19.0,0.0,68,17.7,14.24
2022-12-27,31.1,19.8,0.0,65,17.4,18.08
2022-12-28,32.0,19.4,0.0,57,13.4,18.81
2022-12-29,31.3,19.9,0.0,53,14.5,18.1
2022-12-30,31.3,19.7,0.0,46,11.6,19.51
2022-12-31,30.0,17.5,0.0,48,11.0,19.52
2023-01-01,30.2,18.5,0.0,53,11.6,19.44
2023-01-02,30.2,17.4,0.0,51,12.6,19.59
2023-01-03,29.9,18.6,0.0,47,14.0,18.63
2023-01-04,28.7,17.9,0.0,48,16.8,19.21
2023-01-05,28.3,17.6,0.0,51,19.2,19.77
2023-01-06,28.3,17.2,0.0,58,21.1,19.41
2023-01-07,28.1,17.0,0.0,61,20.5,18.55
2023-01-08,27.3,16.7,0.0,55,17.5,20.09
2023-01-09,27.1,14.3,0.0,38,17.0,21.11
2023-01-10,28.6,13.9,0.0,39,17.8,20.83
2023-01-11,28.8,14.0,0.0,45,10.8,20.8
2023-01-12,29.2,14.6,0.0,43,11.3,20.84
2023-01-13,29.2,15.6,0.0,45,11.4,20.69
2023-01-14,29.6,15.7,0.0,44,11.2,20.87
2023-01-15,29.9,15.4,0.0,49,11.6,20.92
2023-01-16,30.0,14.9,0.0,55,11.2,20.99
2023-01-17,30.1,14.9,0.0,45,12.0,21.1
2023-01-18,30.3,15.2,0.0,44,13.7,21.07
2023-01-19,29.7,16.7,0.0,43,16.2,21.07
2023-01-20,29.2,16.6,0.0,46,17.7,21.18
2023-01-21,28.5,15.9,0.0,50,11.0,20.84
2023-01-22,28.8,17.1,0.0,49,13.3,21.1
2023-01-23,29.9,17.0,0.0,52,14.0,20.7
2023-01-24,30.0,18.3,0.3,62,15.0,19.05
2023-01-25,30.1,18.6,0.4,68,22.2,18.64
2023-01-26,29.9,18.6,0.0,59,14.8,20.73
2023-01-27,30.6,17.8,0.0,38,16.9,21.58
2023-01-28,30.1,16.8,0.0,37,16.6,21.88
2023-01-29,30.2,15.9,0.0,38,19.9,21.81
2023-01-30,30.5,17.9,0.0,54,14.9,20.96
2023-01-31,29.9,19.5,0.1,55,18.2,19.72
2023-02-01,30.4,18.8,0.0,46,18.2,21.51
2023-02-02,29.8,18.4,0.0,46,23.9,21.8
2023-02-03,29.8,17.5,0.0,45,20.3,21.32
2023-02-04,31.1,19.4,0.0,44,16.2,21.61
2023-02-05,31.5,19.6,0.0,42,14.7,21.94
2023-02-06,31.4,19.0,0.0,42,19.6,22.34
2023-02-07,31.5,18.6,0.0,40,13.6,22.04
2023-02-08,32.5,18.9,0.0,46,15.0,22.13
2023-02-09,32.4,19.6,0.0,41,12.3,22.51
2023-02-10,32.2,20.3,0.0,41,15.3,22.69
2023-02-11,32.8,18.7,0.0,33,14.8,23.08
2023-02-12,33.4,18.4,0.0,30,16.6,23.28
2023-02-13,32.4,19.7,0.0,30,22.1,23.31
2023-02-14,31.9,17.6,0.0,24,16.6,23.82
2023-02-15,32.8,17.4,0.0,22,19.2,23.98
2023-02-16,33.4,18.3,0.0,23,24.7,24.02
2023-02-17,33.2,18.3,0.0,26,20.8,23.77
2023-02-18,32.5,18.7,0.0,29,15.6,23.83
2023-02-19,31.9,18.9,0.0,35,14.3,23.64
2023-02-20,32.0,18.3,0.0,38,11.2,23.7
2023-02-21,33.6,18.3,0.0,31,13.4,24.08
2023-02-22,34.0,21.0,0.0,27,15.0,24.09
2023-02-23,34.1,19.8,0.0,26,16.1,24.2
2023-02-24,33.8,20.4,0.0,25,18.1,24.27
2023-02-25,33.9,19.0,0.0,26,16.4,24.25
2023-02-26,34.0,20.2,0.0,23,18.4,24.43
2023-02-27,33.1,19.9,0.0,25,18.7,24.4
2023-02-28,33.0,19.9,0.0,24,19.6,24.59
2023-03-01,32.9,20.0,0.0,29,19.9,24.14
2023-03-02,33.8,20.6,0.0,25,20.3,24.56
2023-03-03,33.9,19.6,0.0,26,21.3,24.75
2023-03-04,34.4,20.8,0.0,22,20.9,24.78
2023-03-05,34.3,20.7,0.0,24,19.9,24.62
2023-03-06,34.0,20.7,0.0,24,18.9,24.54
2023-03-07,33.0,20.3,0.0,23,16.4,24.62
2023-03-08,34.0,20.9,0.0,30,21.3,24.0
2023-03-09,34.0,20.7,0.0,26,20.6,24.97
2023-03-10,34.0,20.4,0.0,28,18.8,24.73
2023-03-11,33.9,20.8,0.0,28,19.3,24.78
2023-03-12,34.5,21.7,0.0,28,21.6,24.97
2023-03-13,34.2,21.8,0.0,27,18.7,24.04
2023-03-14,33.3,20.4,0.0,41,17.2,21.4
2023-03-15,33.1,20.7,1.3,50,15.3,18.41
2023-03-16,31.9,20.9,0.7,62,21.7,21.6
2023-03-17,32.1,20.4,0.1,56,20.0,22.04
2023-03-18,32.1,18.0,0.0,59,22.4,23.25
2023-03-19,31.8,18.4,0.0,59,23.6,24.05
2023-03-20,30.9,17.0,0.0,54,16.6,25.49
2023-03-21,33.4,17.5,0.0,45,18.6,25.41
2023-03-22,33.8,19.7,0.0,43,24.1,24.87
2023-03-23,34.8,19.4,0.0,37,19.1,25.05
2023-03-24,35.7,20.4,0.0,43,17.5,25.09
2023-03-25,34.9,20.8,0.0,39,20.1,24.92
2023-03-26,34.7,20.3,0.0,30,22.0,25.65
2023-03-27,35.1,19.8,0.0,29,18.9,26.19
2023-03-28,35.3,18.4,0.0,31,17.4,26.4
2023-03-29,35.0,20.7,0.0,38,21.4,25.86
2023-03-30,35.0,18.3,0.0,40,19.7,26.31
2023-03-31,34.0,18.2,0.0,57,17.0,25.97
2023-04-01,34.9,18.5,0.0,53,21.7,26.23
2023-04-02,34.9,19.7,0.0,38,22.5,26.32
2023-04-03,34.8,19.7,0.0,39,20.1,26.34
2023-04-04,35.6,20.3,0.0,43,19.6,26.19
2023-04-05,36.0,20.3,0.0,47,21.3,22.85
2023-04-06,36.6,21.9,0.0,50,26.6,22.36
2023-04-07,34.9,23.4,3.1,58,20.0,18.96
2023-04-08,34.9,22.0,0.2,49,20.6,21.04
2023-04-09,36.3,22.4,0.0,39,17.2,26.31
2023-04-10,35.7,20.7,0.0,57,15.6,23.28
2023-04-11,36.8,21.0,0.0,53,18.8,25.34
2023-04-12,37.9,20.8,0.0,46,20.5,26.43
2023-04-13,37.4,21.2,0.0,47,18.7,23.62
2023-04-14,36.9,23.0,0.0,50,23.5,22.37
2023-04-15,35.7,22.7,0.0,36,20.9,22.49
2023-04-16,35.9,23.4,0.0,41,20.6,23.95
2023-04-17,36.8,22.5,0.0,51,18.6,23.92
2023-04-18,37.7,21.5,0.0,53,20.5,24.99
2023-04-19,38.0,21.7,0.0,57,24.3,25.46
2023-04-20,36.1,22.0,0.0,67,27.0,24.02
2023-04-21,34.7,22.0,0.0,66,15.6,23.34
2023-04-22,36.4,21.3,0.0,56,22.1,25.69
2023-04-23,35.6,20.7,0.0,42,21.3,26.79
2023-04-24,35.3,20.9,0.0,52,20.7,25.73
2023-04-25,34.9,21.1,0.0,54,22.8,23.95
2023-04-26,33.1,20.7,0.0,63,19.4,22.05
2023-04-27,34.4,22.0,0.0,56,19.1,23.52
2023-04-28,33.5,23.7,1.0,54,17.3,20.22
2023-04-29,33.8,22.7,1.6,57,14.5,22.1
2023-04-30,33.9,21.9,0.0,61,20.4,23.6
2023-05-01,34.2,21.3,0.0,52,19.9,24.9
2023-05-02,34.0,20.9,0.0,49,18.5,23.89
2023-05-03,32.4,21.6,0.1,59,24.4,22.17
2023-05-04,34.3,20.3,0.0,57,24.8,23.42
2023-05-05,34.5,21.4,0.0,54,25.3,25.1
2023-05-06,35.0,21.1,0.0,55,21.6,25.38
2023-05-07,34.3,21.7,0.5,58,18.8,24.42
2023-05-08,33.2,22.6,20.4,74,16.9,17.59
2023-05-09,31.7,21.9,6.1,81,12.1,21.28
2023-05-10,33.7,22.4,3.5,80,14.0,21.67
2023-05-11,31.6,22.9,0.9,77,16.4,17.44
2023-05-12,33.0,23.5,0.9,78,21.7,22.28
2023-05-13,32.8,22.3,0.2,75,23.6,24.46
2023-05-14,34.4,22.5,0.0,70,20.5,25.35
2023-05-15,33.7,21.7,0.0,71,17.9,25.56
2023-05-16,34.7,21.1,0.0,64,15.9,27.06
2023-05-17,35.4,21.9,0.0,55,19.4,27.21
2023-05-18,36.2,21.6,0.0,48,19.2,26.96
2023-05-19,36.6,23.0,0.0,48,24.4,24.03
2023-05-20,36.6,22.4,0.0,65,22.7,24.78
2023-05-21,36.8,22.2,0.0,66,23.2,24.63
2023-05-22,34.9,22.9,0.6,66,36.9,23.03
2023-05-23,36.0,23.1,0.0,67,24.3,24.65
2023-05-24,35.6,22.8,0.1,69,24.1,24.27
2023-05-25,33.8,22.3,0.4,68,20.2,24.91
2023-05-26,33.7,21.4,0.3,69,19.8,24.48
2023-05-27,34.4,21.9,0.0,62,20.5,25.65
2023-05-28,34.4,21.4,0.0,62,18.4,24.51
2023-05-29,36.3,23.3,0.0,56,15.3,24.49
2023-05-30,33.9,24.1,2.7,65,20.9,16.99
2023-05-31,35.6,23.3,1.9,68,21.7,22.78
2023-06-01,34.4,24.1,3.2,71,18.2,18.69
2023-06-02,33.8,23.7,1.0,70,18.8,23.48
2023-06-03,35.7,22.1,0.0,68,22.9,25.27
2023-06-04,33.7,23.3,2.0,71,22.6,24.92
2023-06-05,33.6,22.6,0.1,72,23.5,23.43
2023-06-06,32.9,23.3,2.1,71,22.1,22.06
2023-06-07,34.2,22.6,0.0,69,24.8,25.06
2023-06-08,33.1,22.6,0.2,71,21.1,22.81
2023-06-09,33.1,22.9,1.9,76,31.0,21.81
2023-06-10,29.6,22.5,4.7,82,29.8,17.04
2023-06-11,29.9,22.3,3.4,81,27.5,22.22
2023-06-12,32.2,22.3,1.4,76,28.0,23.23
2023-06-13,31.7,22.5,0.9,74,29.7,22.06
2023-06-14,32.3,22.7,0.7,75,27.7,23.52
2023-06-15,32.2,22.4,0.9,75,26.9,23.44
2023-06-16,31.3,22.1,0.2,75,29.4,23.09
2023-06-17,32.1,23.0,0.8,75,28.6,22.38
2023-06-18,30.9,22.6,1.2,74,24.3,22.87
2023-06-19,33.8,22.3,0.2,71,22.7,23.78
2023-06-20,32.9,22.0,0.0,69,20.9,24.59
2023-06-21,33.0,21.8,0.0,69,23.9,24.4
2023-06-22,31.9,22.8,2.0,75,23.0,20.9
2023-06-23,29.2,22.4,1.9,81,25.9,16.28
2023-06-24,27.1,21.9,4.5,88,29.5,15.44
2023-06-25,29.4,21.5,1.4,82,26.9,19.17
2023-06-26,29.6,21.4,0.8,80,27.5,22.04
2023-06-27,29.5,21.8,2.0,83,25.1,18.76
2023-06-28,27.0,21.4,2.7,87,26.0,12.21
2023-06-29,27.5,21.4,3.3,87,28.6,15.94
2023-06-30,26.9,20.9,3.2,87,31.7,17.27
2023-07-01,28.4,21.0,2.3,84,28.2,19.57
2023-07-02,28.9,21.7,3.0,84,27.8,19.32
2023-07-03,26.9,21.1,7.3,89,27.2,16.73
2023-07-04,26.5,21.4,24.5,90,23.8,13.36
2023-07-05,24.9,21.3,7.5,93,31.7,11.07
2023-07-06,23.4,20.9,14.7,95,31.6,9.23
2023-07-07,25.3,20.4,15.3,93,29.9,12.45
2023-07-08,23.4,20.7,19.3,97,27.0,5.86
2023-07-09,25.1,20.4,3.3,92,24.5,10.23
2023-07-10,27.2,21.5,1.9,86,23.2,16.26
2023-07-11,27.7,21.7,1.1,82,22.0,17.14
2023-07-12,27.7,21.8,2.5,86,21.7,16.44
2023-07-13,27.0,21.1,1.7,87,26.4,15.85
2023-07-14,26.6,20.7,5.3,89,26.7,16.31
2023-07-15,27.7,21.0,1.7,86,24.6,17.35
2023-07-16,27.3,21.4,1.9,84,23.5,16.93
2023-07-17,25.0,21.0,3.1,89,27.4,12.92
2023-07-18,24.1,20.6,20.1,94,30.4,7.43
2023-07-19,22.5,20.2,19.2,95,30.7,6.68
2023-07-20,23.1,20.4,24.7,95,31.8,6.8
2023-07-21,24.2,20.7,11.7,92,28.3,9.89
2023-07-22,23.4,21.2,24.8,95,31.8,7.32
2023-07-23,24.9,21.2,16.3,93,34.6,11.72
2023-07-24,26.0,20.8,9.3,92,34.4,13.22
2023-07-25,23.7,21.0,15.3,94,32.3,8.22
2023-07-26,23.3,20.7,19.9,94,28.4,7.09
2023-07-27,23.0,20.6,16.5,94,27.0,5.86
2023-07-28,26.5,20.5,1.9,86,32.2,19.65
2023-07-29,26.7,20.9,2.4,84,29.5,20.42
2023-07-30,27.0,21.1,2.1,86,29.3,21.08
2023-07-31,27.7,21.0,4.0,86,28.4,20.86
2023-08-01,26.8,20.8,1.5,86,32.5,21.31
2023-08-02,26.6,20.9,1.6,86,31.1,18.54
2023-08-03,26.7,20.7,1.4,86,34.1,19.56
2023-08-04,26.8,21.0,1.4,85,31.0,20.02
2023-08-05,27.0,20.9,2.5,85,25.7,19.66
2023-08-06,28.3,21.3,1.1,83,26.9,21.6
2023-08-07,27.5,21.5,1.9,83,25.7,20.94
2023-08-08,27.9,21.0,0.8,83,23.8,21.86
2023-08-09,28.9,21.3,1.8,82,19.7,21.33
2023-08-10,28.2,21.0,0.8,84,19.2,17.32
2023-08-11,29.1,20.5,2.0,81,18.8,22.41
2023-08-12,28.7,20.8,0.4,82,22.9,22.59
2023-08-13,28.1,20.5,1.6,80,24.1,20.93
2023-08-14,28.8,20.3,1.1,80,21.1,22.38
2023-08-15,28.4,20.9,0.9,80,22.8,22.75
2023-08-16,29.2,21.1,2.2,80,22.6,21.41
2023-08-17,28.5,20.5,1.3,81,23.4,22.64
2023-08-18,28.8,20.3,2.3,81,23.4,20.37
2023-08-19,26.5,21.1,2.7,85,22.5,14.66
2023-08-20,28.6,20.9,1.6,81,21.6,22.31
2023-08-21,30.0,21.0,0.8,77,17.1,24.01
2023-08-22,29.9,19.8,0.1,79,19.6,24.2
2023-08-23,28.8,19.8,0.9,78,19.9,20.21
2023-08-24,28.8,20.1,1.1,81,24.8,20.66
2023-08-25,27.1,21.5,3.5,87,22.2,16.17
2023-08-26,29.0,21.4,1.1,80,20.9,18.37
2023-08-27,30.5,20.5,0.5,79,22.7,24.35
2023-08-28,29.9,20.6,1.7,81,24.5,21.63
2023-08-29,28.5,20.8,6.6,82,17.3,18.68
2023-08-30,30.2,20.7,1.6,78,16.4,23.71
2023-08-31,30.6,21.1,2.8,82,10.6,21.81
2023-09-01,30.2,21.1,20.2,83,15.0,20.35
2023-09-02,29.8,21.4,1.7,80,19.3,21.46
2023-09-03,29.0,20.7,2.0,81,18.8,16.74
2023-09-04,24.1,21.2,13.7,92,15.3,5.55
2023-09-05,27.4,20.8,4.5,89,17.7,12.56
2023-09-06,28.9,21.0,0.6,80,21.0,22.11
2023-09-07,28.9,21.0,0.1,81,25.7,21.52
2023-09-08,26.3,21.6,2.1,86,26.0,14.88
2023-09-09,28.9,21.5,3.0,84,26.1,20.7
2023-09-10,29.0,21.4,0.3,81,27.1,22.18
2023-09-11,28.6,21.5,4.3,83,22.0,19.67
2023-09-12,29.1,20.8,0.6,81,25.2,22.62
2023-09-13,29.6,21.2,0.0,79,23.0,23.75
2023-09-14,28.2,21.3,1.4,83,21.4,18.84
2023-09-15,29.3,21.4,4.8,84,22.7,19.4
2023-09-16,27.7,21.0,5.1,84,26.6,19.1
2023-09-17,28.4,21.5,3.8,85,27.0,20.41
2023-09-18,28.7,21.1,1.3,83,26.5,21.74
2023-09-19,28.4,20.8,1.9,84,23.6,19.26
2023-09-20,28.9,21.7,5.6,87,22.9,17.02
2023-09-21,29.0,21.5,5.7,87,20.7,17.65
2023-09-22,29.7,21.5,0.9,83,17.6,18.6
2023-09-23,29.7,21.7,2.3,83,21.3,19.36
2023-09-24,29.3,21.1,3.2,84,20.9,16.55
2023-09-25,29.1,21.2,6.2,84,22.3,19.58
2023-09-26,27.9,21.0,16.8,88,15.8,13.5
2023-09-27,27.9,21.1,2.4,89,24.6,16.21
2023-09-28,27.9,21.2,5.1,89,19.9,15.76
2023-09-29,25.9,21.4,7.0,89,25.7,15.55
2023-09-30,26.7,21.1,3.5,89,30.6,18.45
2023-10-01,26.8,20.9,8.6,91,30.8,14.03
2023-10-02,29.6,20.8,1.9,81,24.7,20.97
2023-10-03,29.1,20.0,0.2,78,12.6,21.59
2023-10-04,29.0,20.5,5.0,83,14.5,18.64
2023-10-05,29.3,21.5,1.4,82,16.1,21.46
2023-10-06,30.5,20.9,0.0,79,17.2,20.51
2023-10-07,30.3,20.9,0.0,75,12.9,22.0
2023-10-08,31.7,20.7,0.0,72,15.6,20.46
2023-10-09,32.1,21.2,0.0,75,16.8,21.51
2023-10-10,31.3,21.1,1.6,73,15.3,21.39
2023-10-11,31.7,21.6,0.3,69,15.8,22.26
2023-10-12,31.4,22.2,0.9,70,17.2,20.78
2023-10-13,32.8,21.5,0.1,60,17.7,22.25
2023-10-14,32.5,21.0,0.0,53,14.8,22.09
2023-10-15,31.6,21.1,1.5,67,13.3,19.88
2023-10-16,32.0,21.4,8.7,75,17.3,18.01
2023-10-17,31.0,21.5,2.3,77,15.2,20.64
2023-10-18,32.7,21.6,0.0,61,17.8,21.03
2023-10-19,33.3,20.4,0.0,51,14.1,21.45
2023-10-20,32.5,21.5,0.0,51,16.1,21.53
2023-10-21,33.4,20.2,0.0,56,14.4,21.96
2023-10-22,32.7,20.9,0.0,56,15.5,21.46
2023-10-23,32.6,20.7,0.0,40,15.1,22.45
2023-10-24,32.1,21.5,0.0,43,15.9,22.55
2023-10-25,32.1,20.9,0.0,39,17.4,23.04
2023-10-26,31.8,20.8,0.0,38,17.4,22.85
2023-10-27,31.2,20.1,0.0,39,20.6,22.85
2023-10-28,32.1,19.2,0.0,42,15.2,19.97
2023-10-29,31.5,20.5,0.5,62,15.9,19.98
2023-10-30,31.2,21.1,0.6,67,13.4,19.48
2023-10-31,31.4,21.0,0.2,68,16.7,19.1
2023-11-01,31.5,21.4,0.0,59,12.3,20.24
2023-11-02,31.9,22.0,0.0,56,12.2,19.83
2023-11-03,31.9,22.7,0.8,61,15.6,19.74
2023-11-04,31.0,21.4,0.3,65,14.4,17.67
2023-11-05,30.8,21.8,1.1,63,17.4,17.72
2023-11-06,29.5,21.3,7.1,81,17.4,11.46
2023-11-07,29.2,20.1,0.5,79,14.4,15.07
2023-11-08,27.8,20.5,14.9,85,13.5,13.56
2023-11-09,28.8,20.1,1.8,83,16.0,17.1
2023-11-10,29.0,20.2,0.0,74,17.7,17.55
2023-11-11,29.3,21.1,0.0,61,20.4,17.92
2023-11-12,29.9,19.9,0.0,58,19.1,20.84
2023-11-13,29.6,19.5,0.0,56,19.8,20.64
2023-11-14,29.4,19.0,0.0,60,15.9,19.63
2023-11-15,30.0,19.5,0.0,62,14.3,20.34
2023-11-16,30.2,19.5,0.0,57,14.1,18.89
2023-11-17,30.6,19.6,0.0,58,16.3,20.66
2023-11-18,31.4,20.7,0.0,58,13.1,18.44
2023-11-19,31.6,21.3,0.0,57,17.9,20.2
2023-11-20,30.6,20.5,0.0,54,17.8,19.19
2023-11-21,30.7,19.4,0.0,57,18.2,18.46
2023-11-22,31.4,20.7,0.0,63,17.2,19.4
2023-11-23,31.1,20.5,0.0,66,13.0,19.22
2023-11-24,30.5,21.1,2.0,72,16.9,17.47
2023-11-25,30.0,20.6,2.7,73,18.7,16.92
2023-11-26,30.9,20.1,2.3,68,21.7,19.21
2023-11-27,30.5,20.3,0.2,65,15.5,18.94
2023-11-28,30.9,19.9,1.4,74,13.5,17.0
2023-11-29,29.7,20.4,0.8,70,16.9,17.13
2023-11-30,30.6,20.3,0.0,69,18.5,18.11
2023-12-01,29.9,20.3,0.6,71,13.8,17.86
2023-12-02,30.8,20.0,0.0,61,15.7,18.03
2023-12-03,30.3,19.9,0.2,61,21.0,18.49
2023-12-04,30.7,19.6,0.0,60,23.9,16.59
2023-12-05,30.1,20.4,0.0,65,20.8,16.34
2023-12-06,29.7,19.2,0.0,68,13.9,18.28
2023-12-07,29.6,19.0,0.1,71,12.7,17.55
2023-12-08,30.3,19.6,0.0,66,12.2,17.7
2023-12-09,29.9,21.2,0.2,66,15.9,17.28
2023-12-10,29.6,21.7,0.0,60,17.6,14.48
2023-12-11,29.5,20.6,0.0,57,15.6,16.32
2023-12-12,29.8,19.5,0.0,54,15.8,18.47
2023-12-13,28.9,17.5,0.0,53,14.9,19.52
2023-12-14,27.8,17.4,0.0,54,19.5,19.88
2023-12-15,27.9,16.5,0.0,62,19.1,16.81
2023-12-16,28.7,18.0,0.0,64,14.3,15.63
2023-12-17,29.0,19.5,0.0,68,20.3,15.29
2023-12-18,28.2,20.1,0.0,65,23.8,14.48
2023-12-19,28.2,19.7,0.0,62,20.6,14.7
2023-12-20,28.3,17.9,0.0,62,21.8,18.48
2023-12-21,29.9,17.9,0.0,63,14.3,19.1
2023-12-22,29.8,19.1,0.0,58,11.2,16.93
2023-12-23,29.9,17.4,0.0,49,16.4,19.24
2023-12-24,29.3,16.4,0.0,52,19.6,19.4
2023-12-25,30.0,16.3,0.0,56,17.2,19.61
2023-12-26,30.3,16.9,0.0,47,16.9,19.91
2023-12-27,29.9,16.6,0.0,47,22.3,19.98
2023-12-28,30.1,17.1,0.0,52,17.1,19.89
2023-12-29,30.0,16.5,0.0,54,16.6,19.82
2023-12-30,30.1,17.6,0.0,53,12.9,19.79
2023-12-31,30.2,17.9,0.0,48,17.0,19.76
